,offspring,model
0,110,alpha=1.9
1,130,alpha=1.9
2,70,alpha=1.9
3,88,alpha=1.9
4,103,alpha=1.9
5,120,alpha=1.9
6,98,alpha=1.9
7,95,alpha=1.9
8,75,alpha=1.9
9,89,alpha=1.9
10,98,alpha=1.9
11,124,alpha=1.9
12,64,alpha=1.9
13,86,alpha=1.9
14,117,alpha=1.9
15,122,alpha=1.9
16,67,alpha=1.9
17,89,alpha=1.9
18,78,alpha=1.9
19,105,alpha=1.9
20,113,alpha=1.9
21,93,alpha=1.9
22,115,alpha=1.9
23,117,alpha=1.9
24,73,alpha=1.9
25,75,alpha=1.9
26,84,alpha=1.9
27,90,alpha=1.9
28,88,alpha=1.9
29,85,alpha=1.9
30,91,alpha=1.9
31,73,alpha=1.9
32,83,alpha=1.9
33,97,alpha=1.9
34,83,alpha=1.9
35,84,alpha=1.9
36,80,alpha=1.9
37,92,alpha=1.9
38,113,alpha=1.9
39,72,alpha=1.9
40,57,alpha=1.9
41,76,alpha=1.9
42,64,alpha=1.9
43,110,alpha=1.9
44,104,alpha=1.9
45,148,alpha=1.9
46,90,alpha=1.9
47,71,alpha=1.9
48,78,alpha=1.9
49,91,alpha=1.9
50,125,alpha=1.9
51,107,alpha=1.9
52,102,alpha=1.9
53,106,alpha=1.9
54,104,alpha=1.9
55,77,alpha=1.9
56,84,alpha=1.9
57,85,alpha=1.9
58,75,alpha=1.9
59,78,alpha=1.9
60,98,alpha=1.9
61,117,alpha=1.9
62,112,alpha=1.9
63,80,alpha=1.9
64,102,alpha=1.9
65,77,alpha=1.9
66,94,alpha=1.9
67,81,alpha=1.9
68,100,alpha=1.9
69,84,alpha=1.9
70,124,alpha=1.9
71,104,alpha=1.9
72,94,alpha=1.9
73,100,alpha=1.9
74,101,alpha=1.9
75,67,alpha=1.9
76,106,alpha=1.9
77,107,alpha=1.9
78,87,alpha=1.9
79,77,alpha=1.9
80,101,alpha=1.9
81,88,alpha=1.9
82,145,alpha=1.9
83,79,alpha=1.9
84,103,alpha=1.9
85,101,alpha=1.9
86,78,alpha=1.9
87,72,alpha=1.9
88,115,alpha=1.9
89,95,alpha=1.9
90,112,alpha=1.9
91,96,alpha=1.9
92,111,alpha=1.9
93,112,alpha=1.9
94,98,alpha=1.9
95,75,alpha=1.9
96,81,alpha=1.9
97,91,alpha=1.9
98,105,alpha=1.9
99,184,alpha=1.9
100,86,alpha=1.9
101,76,alpha=1.9
102,81,alpha=1.9
103,114,alpha=1.9
104,69,alpha=1.9
105,154,alpha=1.9
106,107,alpha=1.9
107,85,alpha=1.9
108,99,alpha=1.9
109,79,alpha=1.9
110,98,alpha=1.9
111,96,alpha=1.9
112,91,alpha=1.9
113,104,alpha=1.9
114,113,alpha=1.9
115,97,alpha=1.9
116,82,alpha=1.9
117,89,alpha=1.9
118,111,alpha=1.9
119,89,alpha=1.9
120,110,alpha=1.9
121,154,alpha=1.9
122,84,alpha=1.9
123,112,alpha=1.9
124,118,alpha=1.9
125,98,alpha=1.9
126,141,alpha=1.9
127,88,alpha=1.9
128,109,alpha=1.9
129,93,alpha=1.9
130,90,alpha=1.9
131,94,alpha=1.9
132,77,alpha=1.9
133,112,alpha=1.9
134,96,alpha=1.9
135,88,alpha=1.9
136,96,alpha=1.9
137,95,alpha=1.9
138,85,alpha=1.9
139,64,alpha=1.9
140,92,alpha=1.9
141,122,alpha=1.9
142,104,alpha=1.9
143,92,alpha=1.9
144,101,alpha=1.9
145,84,alpha=1.9
146,108,alpha=1.9
147,104,alpha=1.9
148,82,alpha=1.9
149,112,alpha=1.9
150,69,alpha=1.9
151,113,alpha=1.9
152,86,alpha=1.9
153,90,alpha=1.9
154,96,alpha=1.9
155,106,alpha=1.9
156,103,alpha=1.9
157,103,alpha=1.9
158,99,alpha=1.9
159,135,alpha=1.9
160,111,alpha=1.9
161,95,alpha=1.9
162,102,alpha=1.9
163,114,alpha=1.9
164,103,alpha=1.9
165,119,alpha=1.9
166,105,alpha=1.9
167,98,alpha=1.9
168,106,alpha=1.9
169,102,alpha=1.9
170,63,alpha=1.9
171,134,alpha=1.9
172,79,alpha=1.9
173,98,alpha=1.9
174,99,alpha=1.9
175,107,alpha=1.9
176,101,alpha=1.9
177,137,alpha=1.9
178,100,alpha=1.9
179,95,alpha=1.9
180,137,alpha=1.9
181,368,alpha=1.9
182,102,alpha=1.9
183,96,alpha=1.9
184,85,alpha=1.9
185,86,alpha=1.9
186,88,alpha=1.9
187,85,alpha=1.9
188,117,alpha=1.9
189,99,alpha=1.9
190,137,alpha=1.9
191,84,alpha=1.9
192,113,alpha=1.9
193,84,alpha=1.9
194,104,alpha=1.9
195,97,alpha=1.9
196,93,alpha=1.9
197,95,alpha=1.9
198,97,alpha=1.9
199,89,alpha=1.9
200,66,alpha=1.9
201,198,alpha=1.9
202,128,alpha=1.9
203,95,alpha=1.9
204,87,alpha=1.9
205,80,alpha=1.9
206,131,alpha=1.9
207,84,alpha=1.9
208,102,alpha=1.9
209,112,alpha=1.9
210,116,alpha=1.9
211,136,alpha=1.9
212,98,alpha=1.9
213,99,alpha=1.9
214,80,alpha=1.9
215,84,alpha=1.9
216,105,alpha=1.9
217,74,alpha=1.9
218,83,alpha=1.9
219,110,alpha=1.9
220,134,alpha=1.9
221,102,alpha=1.9
222,75,alpha=1.9
223,79,alpha=1.9
224,105,alpha=1.9
225,70,alpha=1.9
226,75,alpha=1.9
227,102,alpha=1.9
228,81,alpha=1.9
229,100,alpha=1.9
230,79,alpha=1.9
231,105,alpha=1.9
232,104,alpha=1.9
233,74,alpha=1.9
234,84,alpha=1.9
235,100,alpha=1.9
236,92,alpha=1.9
237,150,alpha=1.9
238,87,alpha=1.9
239,101,alpha=1.9
240,97,alpha=1.9
241,101,alpha=1.9
242,96,alpha=1.9
243,89,alpha=1.9
244,89,alpha=1.9
245,65,alpha=1.9
246,143,alpha=1.9
247,92,alpha=1.9
248,118,alpha=1.9
249,132,alpha=1.9
250,82,alpha=1.9
251,88,alpha=1.9
252,87,alpha=1.9
253,84,alpha=1.9
254,59,alpha=1.9
255,82,alpha=1.9
256,89,alpha=1.9
257,103,alpha=1.9
258,98,alpha=1.9
259,70,alpha=1.9
260,100,alpha=1.9
261,79,alpha=1.9
262,92,alpha=1.9
263,81,alpha=1.9
264,132,alpha=1.9
265,120,alpha=1.9
266,100,alpha=1.9
267,82,alpha=1.9
268,72,alpha=1.9
269,128,alpha=1.9
270,92,alpha=1.9
271,108,alpha=1.9
272,88,alpha=1.9
273,82,alpha=1.9
274,136,alpha=1.9
275,101,alpha=1.9
276,90,alpha=1.9
277,92,alpha=1.9
278,109,alpha=1.9
279,125,alpha=1.9
280,90,alpha=1.9
281,115,alpha=1.9
282,101,alpha=1.9
283,130,alpha=1.9
284,91,alpha=1.9
285,113,alpha=1.9
286,79,alpha=1.9
287,98,alpha=1.9
288,76,alpha=1.9
289,78,alpha=1.9
290,101,alpha=1.9
291,124,alpha=1.9
292,113,alpha=1.9
293,82,alpha=1.9
294,99,alpha=1.9
295,115,alpha=1.9
296,97,alpha=1.9
297,77,alpha=1.9
298,105,alpha=1.9
299,111,alpha=1.9
300,58,alpha=1.9
301,93,alpha=1.9
302,103,alpha=1.9
303,101,alpha=1.9
304,82,alpha=1.9
305,128,alpha=1.9
306,117,alpha=1.9
307,88,alpha=1.9
308,95,alpha=1.9
309,104,alpha=1.9
310,114,alpha=1.9
311,102,alpha=1.9
312,91,alpha=1.9
313,102,alpha=1.9
314,96,alpha=1.9
315,87,alpha=1.9
316,105,alpha=1.9
317,120,alpha=1.9
318,95,alpha=1.9
319,76,alpha=1.9
320,121,alpha=1.9
321,85,alpha=1.9
322,93,alpha=1.9
323,74,alpha=1.9
324,90,alpha=1.9
325,83,alpha=1.9
326,69,alpha=1.9
327,97,alpha=1.9
328,113,alpha=1.9
329,95,alpha=1.9
330,90,alpha=1.9
331,108,alpha=1.9
332,93,alpha=1.9
333,111,alpha=1.9
334,84,alpha=1.9
335,101,alpha=1.9
336,78,alpha=1.9
337,90,alpha=1.9
338,109,alpha=1.9
339,116,alpha=1.9
340,103,alpha=1.9
341,89,alpha=1.9
342,84,alpha=1.9
343,72,alpha=1.9
344,87,alpha=1.9
345,92,alpha=1.9
346,92,alpha=1.9
347,112,alpha=1.9
348,78,alpha=1.9
349,73,alpha=1.9
350,93,alpha=1.9
351,81,alpha=1.9
352,299,alpha=1.9
353,99,alpha=1.9
354,142,alpha=1.9
355,102,alpha=1.9
356,87,alpha=1.9
357,102,alpha=1.9
358,81,alpha=1.9
359,95,alpha=1.9
360,116,alpha=1.9
361,278,alpha=1.9
362,80,alpha=1.9
363,82,alpha=1.9
364,80,alpha=1.9
365,103,alpha=1.9
366,75,alpha=1.9
367,100,alpha=1.9
368,96,alpha=1.9
369,110,alpha=1.9
370,98,alpha=1.9
371,81,alpha=1.9
372,100,alpha=1.9
373,95,alpha=1.9
374,92,alpha=1.9
375,71,alpha=1.9
376,99,alpha=1.9
377,91,alpha=1.9
378,101,alpha=1.9
379,100,alpha=1.9
380,107,alpha=1.9
381,104,alpha=1.9
382,113,alpha=1.9
383,120,alpha=1.9
384,100,alpha=1.9
385,73,alpha=1.9
386,97,alpha=1.9
387,93,alpha=1.9
388,74,alpha=1.9
389,86,alpha=1.9
390,135,alpha=1.9
391,108,alpha=1.9
392,84,alpha=1.9
393,105,alpha=1.9
394,118,alpha=1.9
395,136,alpha=1.9
396,90,alpha=1.9
397,113,alpha=1.9
398,82,alpha=1.9
399,86,alpha=1.9
400,89,alpha=1.9
401,96,alpha=1.9
402,87,alpha=1.9
403,94,alpha=1.9
404,80,alpha=1.9
405,92,alpha=1.9
406,109,alpha=1.9
407,76,alpha=1.9
408,97,alpha=1.9
409,86,alpha=1.9
410,95,alpha=1.9
411,95,alpha=1.9
412,105,alpha=1.9
413,89,alpha=1.9
414,91,alpha=1.9
415,89,alpha=1.9
416,102,alpha=1.9
417,94,alpha=1.9
418,78,alpha=1.9
419,82,alpha=1.9
420,88,alpha=1.9
421,82,alpha=1.9
422,100,alpha=1.9
423,107,alpha=1.9
424,93,alpha=1.9
425,119,alpha=1.9
426,90,alpha=1.9
427,137,alpha=1.9
428,82,alpha=1.9
429,91,alpha=1.9
430,80,alpha=1.9
431,98,alpha=1.9
432,105,alpha=1.9
433,132,alpha=1.9
434,110,alpha=1.9
435,101,alpha=1.9
436,92,alpha=1.9
437,96,alpha=1.9
438,105,alpha=1.9
439,107,alpha=1.9
440,149,alpha=1.9
441,117,alpha=1.9
442,85,alpha=1.9
443,100,alpha=1.9
444,89,alpha=1.9
445,94,alpha=1.9
446,81,alpha=1.9
447,177,alpha=1.9
448,88,alpha=1.9
449,93,alpha=1.9
450,105,alpha=1.9
451,109,alpha=1.9
452,72,alpha=1.9
453,143,alpha=1.9
454,117,alpha=1.9
455,93,alpha=1.9
456,125,alpha=1.9
457,103,alpha=1.9
458,101,alpha=1.9
459,113,alpha=1.9
460,69,alpha=1.9
461,97,alpha=1.9
462,351,alpha=1.9
463,114,alpha=1.9
464,98,alpha=1.9
465,100,alpha=1.9
466,92,alpha=1.9
467,96,alpha=1.9
468,89,alpha=1.9
469,86,alpha=1.9
470,80,alpha=1.9
471,84,alpha=1.9
472,116,alpha=1.9
473,93,alpha=1.9
474,85,alpha=1.9
475,85,alpha=1.9
476,79,alpha=1.9
477,82,alpha=1.9
478,94,alpha=1.9
479,70,alpha=1.9
480,77,alpha=1.9
481,111,alpha=1.9
482,87,alpha=1.9
483,87,alpha=1.9
484,79,alpha=1.9
485,87,alpha=1.9
486,102,alpha=1.9
487,97,alpha=1.9
488,92,alpha=1.9
489,104,alpha=1.9
490,99,alpha=1.9
491,85,alpha=1.9
492,87,alpha=1.9
493,103,alpha=1.9
494,111,alpha=1.9
495,102,alpha=1.9
496,86,alpha=1.9
497,92,alpha=1.9
498,84,alpha=1.9
499,86,alpha=1.9
500,99,alpha=1.9
501,122,alpha=1.9
502,119,alpha=1.9
503,75,alpha=1.9
504,95,alpha=1.9
505,130,alpha=1.9
506,88,alpha=1.9
507,107,alpha=1.9
508,74,alpha=1.9
509,90,alpha=1.9
510,85,alpha=1.9
511,84,alpha=1.9
512,74,alpha=1.9
513,135,alpha=1.9
514,103,alpha=1.9
515,100,alpha=1.9
516,117,alpha=1.9
517,81,alpha=1.9
518,136,alpha=1.9
519,111,alpha=1.9
520,94,alpha=1.9
521,83,alpha=1.9
522,86,alpha=1.9
523,76,alpha=1.9
524,88,alpha=1.9
525,92,alpha=1.9
526,92,alpha=1.9
527,82,alpha=1.9
528,111,alpha=1.9
529,92,alpha=1.9
530,81,alpha=1.9
531,90,alpha=1.9
532,86,alpha=1.9
533,106,alpha=1.9
534,95,alpha=1.9
535,79,alpha=1.9
536,100,alpha=1.9
537,180,alpha=1.9
538,79,alpha=1.9
539,123,alpha=1.9
540,86,alpha=1.9
541,84,alpha=1.9
542,90,alpha=1.9
543,215,alpha=1.9
544,120,alpha=1.9
545,83,alpha=1.9
546,99,alpha=1.9
547,106,alpha=1.9
548,136,alpha=1.9
549,82,alpha=1.9
550,89,alpha=1.9
551,106,alpha=1.9
552,65,alpha=1.9
553,85,alpha=1.9
554,98,alpha=1.9
555,88,alpha=1.9
556,83,alpha=1.9
557,85,alpha=1.9
558,90,alpha=1.9
559,82,alpha=1.9
560,118,alpha=1.9
561,87,alpha=1.9
562,115,alpha=1.9
563,79,alpha=1.9
564,107,alpha=1.9
565,99,alpha=1.9
566,95,alpha=1.9
567,88,alpha=1.9
568,76,alpha=1.9
569,87,alpha=1.9
570,92,alpha=1.9
571,96,alpha=1.9
572,114,alpha=1.9
573,89,alpha=1.9
574,123,alpha=1.9
575,122,alpha=1.9
576,109,alpha=1.9
577,105,alpha=1.9
578,90,alpha=1.9
579,93,alpha=1.9
580,99,alpha=1.9
581,92,alpha=1.9
582,65,alpha=1.9
583,109,alpha=1.9
584,91,alpha=1.9
585,131,alpha=1.9
586,70,alpha=1.9
587,71,alpha=1.9
588,118,alpha=1.9
589,97,alpha=1.9
590,81,alpha=1.9
591,130,alpha=1.9
592,91,alpha=1.9
593,127,alpha=1.9
594,101,alpha=1.9
595,105,alpha=1.9
596,83,alpha=1.9
597,114,alpha=1.9
598,101,alpha=1.9
599,95,alpha=1.9
600,114,alpha=1.9
601,120,alpha=1.9
602,72,alpha=1.9
603,105,alpha=1.9
604,105,alpha=1.9
605,97,alpha=1.9
606,106,alpha=1.9
607,71,alpha=1.9
608,92,alpha=1.9
609,99,alpha=1.9
610,107,alpha=1.9
611,97,alpha=1.9
612,98,alpha=1.9
613,113,alpha=1.9
614,107,alpha=1.9
615,98,alpha=1.9
616,86,alpha=1.9
617,107,alpha=1.9
618,107,alpha=1.9
619,116,alpha=1.9
620,122,alpha=1.9
621,75,alpha=1.9
622,87,alpha=1.9
623,69,alpha=1.9
624,100,alpha=1.9
625,111,alpha=1.9
626,88,alpha=1.9
627,101,alpha=1.9
628,121,alpha=1.9
629,121,alpha=1.9
630,97,alpha=1.9
631,98,alpha=1.9
632,138,alpha=1.9
633,100,alpha=1.9
634,86,alpha=1.9
635,98,alpha=1.9
636,109,alpha=1.9
637,86,alpha=1.9
638,129,alpha=1.9
639,90,alpha=1.9
640,98,alpha=1.9
641,103,alpha=1.9
642,95,alpha=1.9
643,75,alpha=1.9
644,98,alpha=1.9
645,109,alpha=1.9
646,93,alpha=1.9
647,96,alpha=1.9
648,97,alpha=1.9
649,69,alpha=1.9
650,110,alpha=1.9
651,95,alpha=1.9
652,90,alpha=1.9
653,72,alpha=1.9
654,69,alpha=1.9
655,93,alpha=1.9
656,121,alpha=1.9
657,118,alpha=1.9
658,81,alpha=1.9
659,143,alpha=1.9
660,75,alpha=1.9
661,121,alpha=1.9
662,116,alpha=1.9
663,86,alpha=1.9
664,110,alpha=1.9
665,108,alpha=1.9
666,88,alpha=1.9
667,95,alpha=1.9
668,91,alpha=1.9
669,92,alpha=1.9
670,95,alpha=1.9
671,103,alpha=1.9
672,128,alpha=1.9
673,92,alpha=1.9
674,87,alpha=1.9
675,128,alpha=1.9
676,99,alpha=1.9
677,98,alpha=1.9
678,78,alpha=1.9
679,103,alpha=1.9
680,61,alpha=1.9
681,99,alpha=1.9
682,78,alpha=1.9
683,102,alpha=1.9
684,104,alpha=1.9
685,140,alpha=1.9
686,100,alpha=1.9
687,103,alpha=1.9
688,85,alpha=1.9
689,101,alpha=1.9
690,78,alpha=1.9
691,104,alpha=1.9
692,88,alpha=1.9
693,114,alpha=1.9
694,105,alpha=1.9
695,119,alpha=1.9
696,82,alpha=1.9
697,101,alpha=1.9
698,83,alpha=1.9
699,114,alpha=1.9
700,111,alpha=1.9
701,107,alpha=1.9
702,82,alpha=1.9
703,85,alpha=1.9
704,81,alpha=1.9
705,188,alpha=1.9
706,111,alpha=1.9
707,133,alpha=1.9
708,77,alpha=1.9
709,92,alpha=1.9
710,93,alpha=1.9
711,81,alpha=1.9
712,89,alpha=1.9
713,88,alpha=1.9
714,123,alpha=1.9
715,132,alpha=1.9
716,74,alpha=1.9
717,90,alpha=1.9
718,125,alpha=1.9
719,98,alpha=1.9
720,98,alpha=1.9
721,88,alpha=1.9
722,59,alpha=1.9
723,93,alpha=1.9
724,86,alpha=1.9
725,101,alpha=1.9
726,96,alpha=1.9
727,255,alpha=1.9
728,101,alpha=1.9
729,78,alpha=1.9
730,93,alpha=1.9
731,86,alpha=1.9
732,114,alpha=1.9
733,73,alpha=1.9
734,98,alpha=1.9
735,104,alpha=1.9
736,62,alpha=1.9
737,75,alpha=1.9
738,78,alpha=1.9
739,138,alpha=1.9
740,83,alpha=1.9
741,83,alpha=1.9
742,95,alpha=1.9
743,159,alpha=1.9
744,97,alpha=1.9
745,73,alpha=1.9
746,110,alpha=1.9
747,107,alpha=1.9
748,99,alpha=1.9
749,171,alpha=1.9
750,84,alpha=1.9
751,109,alpha=1.9
752,73,alpha=1.9
753,103,alpha=1.9
754,89,alpha=1.9
755,97,alpha=1.9
756,107,alpha=1.9
757,159,alpha=1.9
758,76,alpha=1.9
759,83,alpha=1.9
760,103,alpha=1.9
761,115,alpha=1.9
762,107,alpha=1.9
763,97,alpha=1.9
764,94,alpha=1.9
765,137,alpha=1.9
766,85,alpha=1.9
767,119,alpha=1.9
768,84,alpha=1.9
769,110,alpha=1.9
770,107,alpha=1.9
771,85,alpha=1.9
772,94,alpha=1.9
773,102,alpha=1.9
774,114,alpha=1.9
775,99,alpha=1.9
776,92,alpha=1.9
777,90,alpha=1.9
778,96,alpha=1.9
779,83,alpha=1.9
780,74,alpha=1.9
781,121,alpha=1.9
782,72,alpha=1.9
783,94,alpha=1.9
784,103,alpha=1.9
785,111,alpha=1.9
786,115,alpha=1.9
787,77,alpha=1.9
788,102,alpha=1.9
789,90,alpha=1.9
790,84,alpha=1.9
791,142,alpha=1.9
792,106,alpha=1.9
793,88,alpha=1.9
794,77,alpha=1.9
795,79,alpha=1.9
796,109,alpha=1.9
797,97,alpha=1.9
798,95,alpha=1.9
799,109,alpha=1.9
800,84,alpha=1.9
801,107,alpha=1.9
802,127,alpha=1.9
803,84,alpha=1.9
804,100,alpha=1.9
805,98,alpha=1.9
806,91,alpha=1.9
807,110,alpha=1.9
808,144,alpha=1.9
809,103,alpha=1.9
810,79,alpha=1.9
811,98,alpha=1.9
812,96,alpha=1.9
813,102,alpha=1.9
814,76,alpha=1.9
815,110,alpha=1.9
816,126,alpha=1.9
817,122,alpha=1.9
818,79,alpha=1.9
819,72,alpha=1.9
820,86,alpha=1.9
821,92,alpha=1.9
822,85,alpha=1.9
823,90,alpha=1.9
824,93,alpha=1.9
825,128,alpha=1.9
826,174,alpha=1.9
827,122,alpha=1.9
828,71,alpha=1.9
829,107,alpha=1.9
830,75,alpha=1.9
831,99,alpha=1.9
832,89,alpha=1.9
833,74,alpha=1.9
834,97,alpha=1.9
835,83,alpha=1.9
836,114,alpha=1.9
837,125,alpha=1.9
838,95,alpha=1.9
839,96,alpha=1.9
840,113,alpha=1.9
841,81,alpha=1.9
842,118,alpha=1.9
843,96,alpha=1.9
844,77,alpha=1.9
845,96,alpha=1.9
846,116,alpha=1.9
847,183,alpha=1.9
848,100,alpha=1.9
849,100,alpha=1.9
850,83,alpha=1.9
851,105,alpha=1.9
852,80,alpha=1.9
853,95,alpha=1.9
854,79,alpha=1.9
855,66,alpha=1.9
856,117,alpha=1.9
857,65,alpha=1.9
858,100,alpha=1.9
859,85,alpha=1.9
860,91,alpha=1.9
861,68,alpha=1.9
862,105,alpha=1.9
863,86,alpha=1.9
864,67,alpha=1.9
865,87,alpha=1.9
866,114,alpha=1.9
867,97,alpha=1.9
868,91,alpha=1.9
869,109,alpha=1.9
870,93,alpha=1.9
871,112,alpha=1.9
872,108,alpha=1.9
873,99,alpha=1.9
874,74,alpha=1.9
875,93,alpha=1.9
876,94,alpha=1.9
877,93,alpha=1.9
878,96,alpha=1.9
879,88,alpha=1.9
880,99,alpha=1.9
881,264,alpha=1.9
882,107,alpha=1.9
883,125,alpha=1.9
884,97,alpha=1.9
885,87,alpha=1.9
886,89,alpha=1.9
887,114,alpha=1.9
888,88,alpha=1.9
889,81,alpha=1.9
890,112,alpha=1.9
891,106,alpha=1.9
892,87,alpha=1.9
893,94,alpha=1.9
894,99,alpha=1.9
895,97,alpha=1.9
896,90,alpha=1.9
897,108,alpha=1.9
898,102,alpha=1.9
899,114,alpha=1.9
900,108,alpha=1.9
901,97,alpha=1.9
902,86,alpha=1.9
903,110,alpha=1.9
904,124,alpha=1.9
905,113,alpha=1.9
906,102,alpha=1.9
907,78,alpha=1.9
908,120,alpha=1.9
909,107,alpha=1.9
910,76,alpha=1.9
911,110,alpha=1.9
912,134,alpha=1.9
913,85,alpha=1.9
914,79,alpha=1.9
915,103,alpha=1.9
916,132,alpha=1.9
917,79,alpha=1.9
918,122,alpha=1.9
919,92,alpha=1.9
920,86,alpha=1.9
921,104,alpha=1.9
922,158,alpha=1.9
923,79,alpha=1.9
924,89,alpha=1.9
925,118,alpha=1.9
926,98,alpha=1.9
927,100,alpha=1.9
928,183,alpha=1.9
929,82,alpha=1.9
930,99,alpha=1.9
931,132,alpha=1.9
932,118,alpha=1.9
933,159,alpha=1.9
934,118,alpha=1.9
935,94,alpha=1.9
936,85,alpha=1.9
937,99,alpha=1.9
938,180,alpha=1.9
939,97,alpha=1.9
940,99,alpha=1.9
941,121,alpha=1.9
942,123,alpha=1.9
943,105,alpha=1.9
944,125,alpha=1.9
945,84,alpha=1.9
946,97,alpha=1.9
947,83,alpha=1.9
948,74,alpha=1.9
949,85,alpha=1.9
950,112,alpha=1.9
951,63,alpha=1.9
952,86,alpha=1.9
953,141,alpha=1.9
954,85,alpha=1.9
955,138,alpha=1.9
956,97,alpha=1.9
957,80,alpha=1.9
958,87,alpha=1.9
959,119,alpha=1.9
960,87,alpha=1.9
961,102,alpha=1.9
962,135,alpha=1.9
963,95,alpha=1.9
964,77,alpha=1.9
965,96,alpha=1.9
966,76,alpha=1.9
967,97,alpha=1.9
968,78,alpha=1.9
969,96,alpha=1.9
970,102,alpha=1.9
971,83,alpha=1.9
972,117,alpha=1.9
973,91,alpha=1.9
974,97,alpha=1.9
975,92,alpha=1.9
976,107,alpha=1.9
977,72,alpha=1.9
978,81,alpha=1.9
979,70,alpha=1.9
980,105,alpha=1.9
981,93,alpha=1.9
982,87,alpha=1.9
983,89,alpha=1.9
984,137,alpha=1.9
985,78,alpha=1.9
986,103,alpha=1.9
987,112,alpha=1.9
988,100,alpha=1.9
989,105,alpha=1.9
990,91,alpha=1.9
991,81,alpha=1.9
992,125,alpha=1.9
993,111,alpha=1.9
994,81,alpha=1.9
995,106,alpha=1.9
996,89,alpha=1.9
997,141,alpha=1.9
998,102,alpha=1.9
999,86,alpha=1.9
1000,95,alpha=1.9
1001,100,alpha=1.9
1002,125,alpha=1.9
1003,115,alpha=1.9
1004,87,alpha=1.9
1005,88,alpha=1.9
1006,148,alpha=1.9
1007,131,alpha=1.9
1008,75,alpha=1.9
1009,102,alpha=1.9
1010,99,alpha=1.9
1011,122,alpha=1.9
1012,109,alpha=1.9
1013,73,alpha=1.9
1014,79,alpha=1.9
1015,128,alpha=1.9
1016,68,alpha=1.9
1017,91,alpha=1.9
1018,80,alpha=1.9
1019,91,alpha=1.9
1020,95,alpha=1.9
1021,108,alpha=1.9
1022,88,alpha=1.9
1023,114,alpha=1.9
1024,133,alpha=1.9
1025,93,alpha=1.9
1026,83,alpha=1.9
1027,80,alpha=1.9
1028,106,alpha=1.9
1029,111,alpha=1.9
1030,118,alpha=1.9
1031,106,alpha=1.9
1032,107,alpha=1.9
1033,71,alpha=1.9
1034,99,alpha=1.9
1035,80,alpha=1.9
1036,98,alpha=1.9
1037,107,alpha=1.9
1038,114,alpha=1.9
1039,77,alpha=1.9
1040,92,alpha=1.9
1041,124,alpha=1.9
1042,73,alpha=1.9
1043,143,alpha=1.9
1044,77,alpha=1.9
1045,79,alpha=1.9
1046,103,alpha=1.9
1047,109,alpha=1.9
1048,110,alpha=1.9
1049,76,alpha=1.9
1050,122,alpha=1.9
1051,107,alpha=1.9
1052,82,alpha=1.9
1053,98,alpha=1.9
1054,97,alpha=1.9
1055,100,alpha=1.9
1056,87,alpha=1.9
1057,106,alpha=1.9
1058,97,alpha=1.9
1059,113,alpha=1.9
1060,97,alpha=1.9
1061,113,alpha=1.9
1062,96,alpha=1.9
1063,90,alpha=1.9
1064,118,alpha=1.9
1065,109,alpha=1.9
1066,89,alpha=1.9
1067,125,alpha=1.9
1068,119,alpha=1.9
1069,115,alpha=1.9
1070,79,alpha=1.9
1071,101,alpha=1.9
1072,119,alpha=1.9
1073,75,alpha=1.9
1074,81,alpha=1.9
1075,132,alpha=1.9
1076,107,alpha=1.9
1077,89,alpha=1.9
1078,76,alpha=1.9
1079,165,alpha=1.9
1080,103,alpha=1.9
1081,100,alpha=1.9
1082,90,alpha=1.9
1083,64,alpha=1.9
1084,66,alpha=1.9
1085,96,alpha=1.9
1086,88,alpha=1.9
1087,98,alpha=1.9
1088,72,alpha=1.9
1089,148,alpha=1.9
1090,86,alpha=1.9
1091,87,alpha=1.9
1092,87,alpha=1.9
1093,81,alpha=1.9
1094,104,alpha=1.9
1095,94,alpha=1.9
1096,98,alpha=1.9
1097,72,alpha=1.9
1098,111,alpha=1.9
1099,78,alpha=1.9
1100,92,alpha=1.9
1101,91,alpha=1.9
1102,138,alpha=1.9
1103,110,alpha=1.9
1104,91,alpha=1.9
1105,122,alpha=1.9
1106,84,alpha=1.9
1107,139,alpha=1.9
1108,89,alpha=1.9
1109,93,alpha=1.9
1110,91,alpha=1.9
1111,108,alpha=1.9
1112,74,alpha=1.9
1113,79,alpha=1.9
1114,146,alpha=1.9
1115,138,alpha=1.9
1116,67,alpha=1.9
1117,134,alpha=1.9
1118,86,alpha=1.9
1119,108,alpha=1.9
1120,101,alpha=1.9
1121,132,alpha=1.9
1122,117,alpha=1.9
1123,95,alpha=1.9
1124,97,alpha=1.9
1125,79,alpha=1.9
1126,107,alpha=1.9
1127,111,alpha=1.9
1128,129,alpha=1.9
1129,71,alpha=1.9
1130,83,alpha=1.9
1131,140,alpha=1.9
1132,128,alpha=1.9
1133,62,alpha=1.9
1134,82,alpha=1.9
1135,92,alpha=1.9
1136,93,alpha=1.9
1137,92,alpha=1.9
1138,83,alpha=1.9
1139,81,alpha=1.9
1140,85,alpha=1.9
1141,136,alpha=1.9
1142,90,alpha=1.9
1143,153,alpha=1.9
1144,110,alpha=1.9
1145,121,alpha=1.9
1146,94,alpha=1.9
1147,93,alpha=1.9
1148,92,alpha=1.9
1149,81,alpha=1.9
1150,107,alpha=1.9
1151,102,alpha=1.9
1152,90,alpha=1.9
1153,107,alpha=1.9
1154,78,alpha=1.9
1155,105,alpha=1.9
1156,119,alpha=1.9
1157,75,alpha=1.9
1158,90,alpha=1.9
1159,131,alpha=1.9
1160,104,alpha=1.9
1161,132,alpha=1.9
1162,90,alpha=1.9
1163,99,alpha=1.9
1164,102,alpha=1.9
1165,124,alpha=1.9
1166,82,alpha=1.9
1167,85,alpha=1.9
1168,96,alpha=1.9
1169,98,alpha=1.9
1170,120,alpha=1.9
1171,130,alpha=1.9
1172,108,alpha=1.9
1173,106,alpha=1.9
1174,91,alpha=1.9
1175,104,alpha=1.9
1176,88,alpha=1.9
1177,64,alpha=1.9
1178,104,alpha=1.9
1179,95,alpha=1.9
1180,72,alpha=1.9
1181,88,alpha=1.9
1182,107,alpha=1.9
1183,101,alpha=1.9
1184,80,alpha=1.9
1185,72,alpha=1.9
1186,91,alpha=1.9
1187,95,alpha=1.9
1188,109,alpha=1.9
1189,75,alpha=1.9
1190,111,alpha=1.9
1191,94,alpha=1.9
1192,122,alpha=1.9
1193,86,alpha=1.9
1194,62,alpha=1.9
1195,82,alpha=1.9
1196,83,alpha=1.9
1197,80,alpha=1.9
1198,94,alpha=1.9
1199,92,alpha=1.9
1200,100,alpha=1.9
1201,87,alpha=1.9
1202,77,alpha=1.9
1203,101,alpha=1.9
1204,94,alpha=1.9
1205,75,alpha=1.9
1206,157,alpha=1.9
1207,82,alpha=1.9
1208,101,alpha=1.9
1209,82,alpha=1.9
1210,124,alpha=1.9
1211,112,alpha=1.9
1212,101,alpha=1.9
1213,137,alpha=1.9
1214,121,alpha=1.9
1215,96,alpha=1.9
1216,97,alpha=1.9
1217,76,alpha=1.9
1218,93,alpha=1.9
1219,102,alpha=1.9
1220,118,alpha=1.9
1221,120,alpha=1.9
1222,87,alpha=1.9
1223,63,alpha=1.9
1224,139,alpha=1.9
1225,94,alpha=1.9
1226,176,alpha=1.9
1227,100,alpha=1.9
1228,82,alpha=1.9
1229,84,alpha=1.9
1230,97,alpha=1.9
1231,81,alpha=1.9
1232,87,alpha=1.9
1233,77,alpha=1.9
1234,92,alpha=1.9
1235,79,alpha=1.9
1236,101,alpha=1.9
1237,109,alpha=1.9
1238,112,alpha=1.9
1239,99,alpha=1.9
1240,128,alpha=1.9
1241,84,alpha=1.9
1242,116,alpha=1.9
1243,101,alpha=1.9
1244,123,alpha=1.9
1245,118,alpha=1.9
1246,79,alpha=1.9
1247,78,alpha=1.9
1248,92,alpha=1.9
1249,92,alpha=1.9
1250,94,alpha=1.9
1251,94,alpha=1.9
1252,130,alpha=1.9
1253,133,alpha=1.9
1254,93,alpha=1.9
1255,55,alpha=1.9
1256,93,alpha=1.9
1257,113,alpha=1.9
1258,101,alpha=1.9
1259,105,alpha=1.9
1260,101,alpha=1.9
1261,107,alpha=1.9
1262,101,alpha=1.9
1263,128,alpha=1.9
1264,121,alpha=1.9
1265,132,alpha=1.9
1266,137,alpha=1.9
1267,85,alpha=1.9
1268,107,alpha=1.9
1269,69,alpha=1.9
1270,85,alpha=1.9
1271,84,alpha=1.9
1272,81,alpha=1.9
1273,98,alpha=1.9
1274,67,alpha=1.9
1275,107,alpha=1.9
1276,96,alpha=1.9
1277,68,alpha=1.9
1278,148,alpha=1.9
1279,82,alpha=1.9
1280,114,alpha=1.9
1281,99,alpha=1.9
1282,94,alpha=1.9
1283,94,alpha=1.9
1284,94,alpha=1.9
1285,124,alpha=1.9
1286,130,alpha=1.9
1287,109,alpha=1.9
1288,101,alpha=1.9
1289,95,alpha=1.9
1290,97,alpha=1.9
1291,154,alpha=1.9
1292,115,alpha=1.9
1293,111,alpha=1.9
1294,81,alpha=1.9
1295,77,alpha=1.9
1296,87,alpha=1.9
1297,92,alpha=1.9
1298,86,alpha=1.9
1299,81,alpha=1.9
1300,99,alpha=1.9
1301,95,alpha=1.9
1302,77,alpha=1.9
1303,108,alpha=1.9
1304,95,alpha=1.9
1305,78,alpha=1.9
1306,82,alpha=1.9
1307,93,alpha=1.9
1308,153,alpha=1.9
1309,87,alpha=1.9
1310,113,alpha=1.9
1311,88,alpha=1.9
1312,82,alpha=1.9
1313,80,alpha=1.9
1314,102,alpha=1.9
1315,142,alpha=1.9
1316,123,alpha=1.9
1317,128,alpha=1.9
1318,86,alpha=1.9
1319,111,alpha=1.9
1320,126,alpha=1.9
1321,84,alpha=1.9
1322,79,alpha=1.9
1323,61,alpha=1.9
1324,126,alpha=1.9
1325,103,alpha=1.9
1326,85,alpha=1.9
1327,105,alpha=1.9
1328,90,alpha=1.9
1329,79,alpha=1.9
1330,84,alpha=1.9
1331,96,alpha=1.9
1332,108,alpha=1.9
1333,129,alpha=1.9
1334,87,alpha=1.9
1335,82,alpha=1.9
1336,81,alpha=1.9
1337,79,alpha=1.9
1338,83,alpha=1.9
1339,119,alpha=1.9
1340,77,alpha=1.9
1341,149,alpha=1.9
1342,71,alpha=1.9
1343,86,alpha=1.9
1344,88,alpha=1.9
1345,85,alpha=1.9
1346,87,alpha=1.9
1347,140,alpha=1.9
1348,97,alpha=1.9
1349,110,alpha=1.9
1350,101,alpha=1.9
1351,125,alpha=1.9
1352,82,alpha=1.9
1353,91,alpha=1.9
1354,79,alpha=1.9
1355,102,alpha=1.9
1356,103,alpha=1.9
1357,86,alpha=1.9
1358,67,alpha=1.9
1359,97,alpha=1.9
1360,87,alpha=1.9
1361,105,alpha=1.9
1362,93,alpha=1.9
1363,75,alpha=1.9
1364,102,alpha=1.9
1365,100,alpha=1.9
1366,90,alpha=1.9
1367,80,alpha=1.9
1368,91,alpha=1.9
1369,174,alpha=1.9
1370,107,alpha=1.9
1371,102,alpha=1.9
1372,121,alpha=1.9
1373,81,alpha=1.9
1374,90,alpha=1.9
1375,169,alpha=1.9
1376,77,alpha=1.9
1377,81,alpha=1.9
1378,104,alpha=1.9
1379,92,alpha=1.9
1380,119,alpha=1.9
1381,84,alpha=1.9
1382,103,alpha=1.9
1383,116,alpha=1.9
1384,85,alpha=1.9
1385,106,alpha=1.9
1386,99,alpha=1.9
1387,75,alpha=1.9
1388,88,alpha=1.9
1389,99,alpha=1.9
1390,107,alpha=1.9
1391,96,alpha=1.9
1392,82,alpha=1.9
1393,105,alpha=1.9
1394,92,alpha=1.9
1395,104,alpha=1.9
1396,92,alpha=1.9
1397,111,alpha=1.9
1398,107,alpha=1.9
1399,98,alpha=1.9
1400,71,alpha=1.9
1401,136,alpha=1.9
1402,115,alpha=1.9
1403,81,alpha=1.9
1404,58,alpha=1.9
1405,105,alpha=1.9
1406,84,alpha=1.9
1407,101,alpha=1.9
1408,144,alpha=1.9
1409,78,alpha=1.9
1410,73,alpha=1.9
1411,96,alpha=1.9
1412,114,alpha=1.9
1413,103,alpha=1.9
1414,93,alpha=1.9
1415,105,alpha=1.9
1416,83,alpha=1.9
1417,98,alpha=1.9
1418,77,alpha=1.9
1419,80,alpha=1.9
1420,93,alpha=1.9
1421,246,alpha=1.9
1422,97,alpha=1.9
1423,115,alpha=1.9
1424,159,alpha=1.9
1425,89,alpha=1.9
1426,105,alpha=1.9
1427,70,alpha=1.9
1428,97,alpha=1.9
1429,102,alpha=1.9
1430,102,alpha=1.9
1431,109,alpha=1.9
1432,93,alpha=1.9
1433,106,alpha=1.9
1434,99,alpha=1.9
1435,97,alpha=1.9
1436,91,alpha=1.9
1437,110,alpha=1.9
1438,164,alpha=1.9
1439,85,alpha=1.9
1440,139,alpha=1.9
1441,89,alpha=1.9
1442,75,alpha=1.9
1443,79,alpha=1.9
1444,94,alpha=1.9
1445,84,alpha=1.9
1446,113,alpha=1.9
1447,131,alpha=1.9
1448,88,alpha=1.9
1449,88,alpha=1.9
1450,114,alpha=1.9
1451,86,alpha=1.9
1452,116,alpha=1.9
1453,171,alpha=1.9
1454,147,alpha=1.9
1455,109,alpha=1.9
1456,146,alpha=1.9
1457,88,alpha=1.9
1458,110,alpha=1.9
1459,119,alpha=1.9
1460,102,alpha=1.9
1461,129,alpha=1.9
1462,93,alpha=1.9
1463,96,alpha=1.9
1464,98,alpha=1.9
1465,104,alpha=1.9
1466,90,alpha=1.9
1467,98,alpha=1.9
1468,96,alpha=1.9
1469,101,alpha=1.9
1470,91,alpha=1.9
1471,141,alpha=1.9
1472,110,alpha=1.9
1473,82,alpha=1.9
1474,103,alpha=1.9
1475,85,alpha=1.9
1476,107,alpha=1.9
1477,84,alpha=1.9
1478,129,alpha=1.9
1479,68,alpha=1.9
1480,84,alpha=1.9
1481,117,alpha=1.9
1482,78,alpha=1.9
1483,90,alpha=1.9
1484,101,alpha=1.9
1485,87,alpha=1.9
1486,94,alpha=1.9
1487,82,alpha=1.9
1488,63,alpha=1.9
1489,119,alpha=1.9
1490,91,alpha=1.9
1491,79,alpha=1.9
1492,157,alpha=1.9
1493,70,alpha=1.9
1494,80,alpha=1.9
1495,102,alpha=1.9
1496,94,alpha=1.9
1497,96,alpha=1.9
1498,97,alpha=1.9
1499,91,alpha=1.9
1500,83,alpha=1.9
1501,90,alpha=1.9
1502,99,alpha=1.9
1503,81,alpha=1.9
1504,109,alpha=1.9
1505,83,alpha=1.9
1506,80,alpha=1.9
1507,81,alpha=1.9
1508,181,alpha=1.9
1509,131,alpha=1.9
1510,85,alpha=1.9
1511,88,alpha=1.9
1512,85,alpha=1.9
1513,72,alpha=1.9
1514,85,alpha=1.9
1515,107,alpha=1.9
1516,128,alpha=1.9
1517,80,alpha=1.9
1518,77,alpha=1.9
1519,80,alpha=1.9
1520,93,alpha=1.9
1521,109,alpha=1.9
1522,140,alpha=1.9
1523,78,alpha=1.9
1524,119,alpha=1.9
1525,71,alpha=1.9
1526,99,alpha=1.9
1527,94,alpha=1.9
1528,104,alpha=1.9
1529,76,alpha=1.9
1530,98,alpha=1.9
1531,96,alpha=1.9
1532,95,alpha=1.9
1533,196,alpha=1.9
1534,93,alpha=1.9
1535,103,alpha=1.9
1536,93,alpha=1.9
1537,71,alpha=1.9
1538,90,alpha=1.9
1539,96,alpha=1.9
1540,82,alpha=1.9
1541,96,alpha=1.9
1542,102,alpha=1.9
1543,105,alpha=1.9
1544,103,alpha=1.9
1545,101,alpha=1.9
1546,91,alpha=1.9
1547,110,alpha=1.9
1548,98,alpha=1.9
1549,93,alpha=1.9
1550,100,alpha=1.9
1551,104,alpha=1.9
1552,111,alpha=1.9
1553,101,alpha=1.9
1554,88,alpha=1.9
1555,108,alpha=1.9
1556,97,alpha=1.9
1557,71,alpha=1.9
1558,87,alpha=1.9
1559,236,alpha=1.9
1560,81,alpha=1.9
1561,117,alpha=1.9
1562,108,alpha=1.9
1563,98,alpha=1.9
1564,94,alpha=1.9
1565,90,alpha=1.9
1566,87,alpha=1.9
1567,85,alpha=1.9
1568,93,alpha=1.9
1569,129,alpha=1.9
1570,129,alpha=1.9
1571,88,alpha=1.9
1572,100,alpha=1.9
1573,102,alpha=1.9
1574,103,alpha=1.9
1575,84,alpha=1.9
1576,115,alpha=1.9
1577,87,alpha=1.9
1578,102,alpha=1.9
1579,107,alpha=1.9
1580,95,alpha=1.9
1581,88,alpha=1.9
1582,118,alpha=1.9
1583,110,alpha=1.9
1584,127,alpha=1.9
1585,122,alpha=1.9
1586,78,alpha=1.9
1587,112,alpha=1.9
1588,92,alpha=1.9
1589,145,alpha=1.9
1590,96,alpha=1.9
1591,90,alpha=1.9
1592,75,alpha=1.9
1593,84,alpha=1.9
1594,74,alpha=1.9
1595,112,alpha=1.9
1596,92,alpha=1.9
1597,88,alpha=1.9
1598,157,alpha=1.9
1599,94,alpha=1.9
1600,74,alpha=1.9
1601,134,alpha=1.9
1602,116,alpha=1.9
1603,75,alpha=1.9
1604,123,alpha=1.9
1605,91,alpha=1.9
1606,83,alpha=1.9
1607,111,alpha=1.9
1608,124,alpha=1.9
1609,120,alpha=1.9
1610,109,alpha=1.9
1611,88,alpha=1.9
1612,73,alpha=1.9
1613,72,alpha=1.9
1614,80,alpha=1.9
1615,74,alpha=1.9
1616,96,alpha=1.9
1617,111,alpha=1.9
1618,97,alpha=1.9
1619,79,alpha=1.9
1620,106,alpha=1.9
1621,136,alpha=1.9
1622,88,alpha=1.9
1623,112,alpha=1.9
1624,165,alpha=1.9
1625,114,alpha=1.9
1626,57,alpha=1.9
1627,110,alpha=1.9
1628,98,alpha=1.9
1629,85,alpha=1.9
1630,103,alpha=1.9
1631,97,alpha=1.9
1632,78,alpha=1.9
1633,109,alpha=1.9
1634,86,alpha=1.9
1635,100,alpha=1.9
1636,93,alpha=1.9
1637,104,alpha=1.9
1638,104,alpha=1.9
1639,93,alpha=1.9
1640,77,alpha=1.9
1641,104,alpha=1.9
1642,103,alpha=1.9
1643,93,alpha=1.9
1644,107,alpha=1.9
1645,91,alpha=1.9
1646,82,alpha=1.9
1647,160,alpha=1.9
1648,129,alpha=1.9
1649,99,alpha=1.9
1650,90,alpha=1.9
1651,220,alpha=1.9
1652,90,alpha=1.9
1653,68,alpha=1.9
1654,132,alpha=1.9
1655,93,alpha=1.9
1656,84,alpha=1.9
1657,102,alpha=1.9
1658,81,alpha=1.9
1659,75,alpha=1.9
1660,102,alpha=1.9
1661,114,alpha=1.9
1662,110,alpha=1.9
1663,93,alpha=1.9
1664,92,alpha=1.9
1665,89,alpha=1.9
1666,105,alpha=1.9
1667,109,alpha=1.9
1668,99,alpha=1.9
1669,75,alpha=1.9
1670,81,alpha=1.9
1671,125,alpha=1.9
1672,92,alpha=1.9
1673,105,alpha=1.9
1674,81,alpha=1.9
1675,104,alpha=1.9
1676,102,alpha=1.9
1677,82,alpha=1.9
1678,79,alpha=1.9
1679,109,alpha=1.9
1680,105,alpha=1.9
1681,100,alpha=1.9
1682,149,alpha=1.9
1683,76,alpha=1.9
1684,90,alpha=1.9
1685,166,alpha=1.9
1686,129,alpha=1.9
1687,85,alpha=1.9
1688,1640,alpha=1.9
1689,120,alpha=1.9
1690,89,alpha=1.9
1691,109,alpha=1.9
1692,126,alpha=1.9
1693,123,alpha=1.9
1694,141,alpha=1.9
1695,126,alpha=1.9
1696,68,alpha=1.9
1697,109,alpha=1.9
1698,104,alpha=1.9
1699,106,alpha=1.9
1700,90,alpha=1.9
1701,90,alpha=1.9
1702,92,alpha=1.9
1703,122,alpha=1.9
1704,95,alpha=1.9
1705,96,alpha=1.9
1706,125,alpha=1.9
1707,96,alpha=1.9
1708,107,alpha=1.9
1709,115,alpha=1.9
1710,80,alpha=1.9
1711,86,alpha=1.9
1712,150,alpha=1.9
1713,83,alpha=1.9
1714,93,alpha=1.9
1715,103,alpha=1.9
1716,93,alpha=1.9
1717,110,alpha=1.9
1718,160,alpha=1.9
1719,104,alpha=1.9
1720,104,alpha=1.9
1721,95,alpha=1.9
1722,117,alpha=1.9
1723,71,alpha=1.9
1724,95,alpha=1.9
1725,84,alpha=1.9
1726,109,alpha=1.9
1727,109,alpha=1.9
1728,78,alpha=1.9
1729,67,alpha=1.9
1730,118,alpha=1.9
1731,98,alpha=1.9
1732,85,alpha=1.9
1733,93,alpha=1.9
1734,97,alpha=1.9
1735,103,alpha=1.9
1736,75,alpha=1.9
1737,127,alpha=1.9
1738,108,alpha=1.9
1739,132,alpha=1.9
1740,77,alpha=1.9
1741,115,alpha=1.9
1742,104,alpha=1.9
1743,61,alpha=1.9
1744,108,alpha=1.9
1745,107,alpha=1.9
1746,127,alpha=1.9
1747,78,alpha=1.9
1748,150,alpha=1.9
1749,68,alpha=1.9
1750,133,alpha=1.9
1751,68,alpha=1.9
1752,96,alpha=1.9
1753,114,alpha=1.9
1754,93,alpha=1.9
1755,137,alpha=1.9
1756,155,alpha=1.9
1757,102,alpha=1.9
1758,98,alpha=1.9
1759,113,alpha=1.9
1760,109,alpha=1.9
1761,97,alpha=1.9
1762,96,alpha=1.9
1763,134,alpha=1.9
1764,84,alpha=1.9
1765,97,alpha=1.9
1766,77,alpha=1.9
1767,90,alpha=1.9
1768,85,alpha=1.9
1769,63,alpha=1.9
1770,89,alpha=1.9
1771,85,alpha=1.9
1772,104,alpha=1.9
1773,107,alpha=1.9
1774,95,alpha=1.9
1775,108,alpha=1.9
1776,97,alpha=1.9
1777,115,alpha=1.9
1778,97,alpha=1.9
1779,86,alpha=1.9
1780,86,alpha=1.9
1781,142,alpha=1.9
1782,104,alpha=1.9
1783,81,alpha=1.9
1784,104,alpha=1.9
1785,103,alpha=1.9
1786,110,alpha=1.9
1787,118,alpha=1.9
1788,76,alpha=1.9
1789,103,alpha=1.9
1790,115,alpha=1.9
1791,79,alpha=1.9
1792,108,alpha=1.9
1793,113,alpha=1.9
1794,83,alpha=1.9
1795,78,alpha=1.9
1796,66,alpha=1.9
1797,89,alpha=1.9
1798,106,alpha=1.9
1799,91,alpha=1.9
1800,136,alpha=1.9
1801,75,alpha=1.9
1802,93,alpha=1.9
1803,87,alpha=1.9
1804,98,alpha=1.9
1805,91,alpha=1.9
1806,83,alpha=1.9
1807,90,alpha=1.9
1808,104,alpha=1.9
1809,128,alpha=1.9
1810,102,alpha=1.9
1811,122,alpha=1.9
1812,79,alpha=1.9
1813,75,alpha=1.9
1814,115,alpha=1.9
1815,100,alpha=1.9
1816,89,alpha=1.9
1817,75,alpha=1.9
1818,89,alpha=1.9
1819,77,alpha=1.9
1820,92,alpha=1.9
1821,88,alpha=1.9
1822,65,alpha=1.9
1823,80,alpha=1.9
1824,111,alpha=1.9
1825,130,alpha=1.9
1826,95,alpha=1.9
1827,74,alpha=1.9
1828,185,alpha=1.9
1829,101,alpha=1.9
1830,84,alpha=1.9
1831,142,alpha=1.9
1832,89,alpha=1.9
1833,95,alpha=1.9
1834,135,alpha=1.9
1835,73,alpha=1.9
1836,92,alpha=1.9
1837,102,alpha=1.9
1838,69,alpha=1.9
1839,92,alpha=1.9
1840,157,alpha=1.9
1841,81,alpha=1.9
1842,160,alpha=1.9
1843,110,alpha=1.9
1844,54,alpha=1.9
1845,137,alpha=1.9
1846,96,alpha=1.9
1847,99,alpha=1.9
1848,89,alpha=1.9
1849,101,alpha=1.9
1850,95,alpha=1.9
1851,110,alpha=1.9
1852,166,alpha=1.9
1853,92,alpha=1.9
1854,77,alpha=1.9
1855,102,alpha=1.9
1856,89,alpha=1.9
1857,125,alpha=1.9
1858,100,alpha=1.9
1859,148,alpha=1.9
1860,107,alpha=1.9
1861,87,alpha=1.9
1862,100,alpha=1.9
1863,106,alpha=1.9
1864,103,alpha=1.9
1865,82,alpha=1.9
1866,85,alpha=1.9
1867,151,alpha=1.9
1868,120,alpha=1.9
1869,79,alpha=1.9
1870,90,alpha=1.9
1871,133,alpha=1.9
1872,88,alpha=1.9
1873,73,alpha=1.9
1874,78,alpha=1.9
1875,91,alpha=1.9
1876,76,alpha=1.9
1877,114,alpha=1.9
1878,91,alpha=1.9
1879,90,alpha=1.9
1880,136,alpha=1.9
1881,106,alpha=1.9
1882,108,alpha=1.9
1883,813,alpha=1.9
1884,91,alpha=1.9
1885,119,alpha=1.9
1886,72,alpha=1.9
1887,85,alpha=1.9
1888,123,alpha=1.9
1889,94,alpha=1.9
1890,118,alpha=1.9
1891,74,alpha=1.9
1892,99,alpha=1.9
1893,135,alpha=1.9
1894,97,alpha=1.9
1895,113,alpha=1.9
1896,121,alpha=1.9
1897,184,alpha=1.9
1898,70,alpha=1.9
1899,97,alpha=1.9
1900,89,alpha=1.9
1901,98,alpha=1.9
1902,93,alpha=1.9
1903,83,alpha=1.9
1904,93,alpha=1.9
1905,115,alpha=1.9
1906,88,alpha=1.9
1907,144,alpha=1.9
1908,97,alpha=1.9
1909,107,alpha=1.9
1910,94,alpha=1.9
1911,108,alpha=1.9
1912,112,alpha=1.9
1913,109,alpha=1.9
1914,97,alpha=1.9
1915,122,alpha=1.9
1916,71,alpha=1.9
1917,96,alpha=1.9
1918,95,alpha=1.9
1919,116,alpha=1.9
1920,89,alpha=1.9
1921,95,alpha=1.9
1922,94,alpha=1.9
1923,100,alpha=1.9
1924,92,alpha=1.9
1925,72,alpha=1.9
1926,118,alpha=1.9
1927,90,alpha=1.9
1928,113,alpha=1.9
1929,106,alpha=1.9
1930,98,alpha=1.9
1931,100,alpha=1.9
1932,85,alpha=1.9
1933,81,alpha=1.9
1934,89,alpha=1.9
1935,108,alpha=1.9
1936,108,alpha=1.9
1937,143,alpha=1.9
1938,110,alpha=1.9
1939,102,alpha=1.9
1940,79,alpha=1.9
1941,82,alpha=1.9
1942,91,alpha=1.9
1943,171,alpha=1.9
1944,102,alpha=1.9
1945,89,alpha=1.9
1946,89,alpha=1.9
1947,89,alpha=1.9
1948,89,alpha=1.9
1949,78,alpha=1.9
1950,108,alpha=1.9
1951,107,alpha=1.9
1952,73,alpha=1.9
1953,92,alpha=1.9
1954,84,alpha=1.9
1955,79,alpha=1.9
1956,95,alpha=1.9
1957,86,alpha=1.9
1958,60,alpha=1.9
1959,95,alpha=1.9
1960,82,alpha=1.9
1961,98,alpha=1.9
1962,49,alpha=1.9
1963,110,alpha=1.9
1964,70,alpha=1.9
1965,122,alpha=1.9
1966,82,alpha=1.9
1967,71,alpha=1.9
1968,113,alpha=1.9
1969,106,alpha=1.9
1970,95,alpha=1.9
1971,114,alpha=1.9
1972,103,alpha=1.9
1973,107,alpha=1.9
1974,84,alpha=1.9
1975,87,alpha=1.9
1976,79,alpha=1.9
1977,106,alpha=1.9
1978,75,alpha=1.9
1979,107,alpha=1.9
1980,104,alpha=1.9
1981,83,alpha=1.9
1982,90,alpha=1.9
1983,94,alpha=1.9
1984,107,alpha=1.9
1985,93,alpha=1.9
1986,97,alpha=1.9
1987,114,alpha=1.9
1988,77,alpha=1.9
1989,80,alpha=1.9
1990,105,alpha=1.9
1991,78,alpha=1.9
1992,91,alpha=1.9
1993,86,alpha=1.9
1994,109,alpha=1.9
1995,78,alpha=1.9
1996,98,alpha=1.9
1997,85,alpha=1.9
1998,86,alpha=1.9
1999,120,alpha=1.9
2000,118,alpha=1.9
2001,117,alpha=1.9
2002,87,alpha=1.9
2003,80,alpha=1.9
2004,92,alpha=1.9
2005,100,alpha=1.9
2006,91,alpha=1.9
2007,119,alpha=1.9
2008,58,alpha=1.9
2009,76,alpha=1.9
2010,121,alpha=1.9
2011,271,alpha=1.9
2012,98,alpha=1.9
2013,115,alpha=1.9
2014,79,alpha=1.9
2015,113,alpha=1.9
2016,104,alpha=1.9
2017,114,alpha=1.9
2018,111,alpha=1.9
2019,111,alpha=1.9
2020,79,alpha=1.9
2021,120,alpha=1.9
2022,84,alpha=1.9
2023,102,alpha=1.9
2024,91,alpha=1.9
2025,117,alpha=1.9
2026,73,alpha=1.9
2027,98,alpha=1.9
2028,101,alpha=1.9
2029,105,alpha=1.9
2030,82,alpha=1.9
2031,98,alpha=1.9
2032,111,alpha=1.9
2033,93,alpha=1.9
2034,116,alpha=1.9
2035,103,alpha=1.9
2036,94,alpha=1.9
2037,91,alpha=1.9
2038,106,alpha=1.9
2039,109,alpha=1.9
2040,93,alpha=1.9
2041,99,alpha=1.9
2042,91,alpha=1.9
2043,90,alpha=1.9
2044,78,alpha=1.9
2045,92,alpha=1.9
2046,75,alpha=1.9
2047,104,alpha=1.9
2048,109,alpha=1.9
2049,62,alpha=1.9
2050,151,alpha=1.9
2051,84,alpha=1.9
2052,64,alpha=1.9
2053,76,alpha=1.9
2054,82,alpha=1.9
2055,92,alpha=1.9
2056,83,alpha=1.9
2057,146,alpha=1.9
2058,61,alpha=1.9
2059,71,alpha=1.9
2060,89,alpha=1.9
2061,96,alpha=1.9
2062,80,alpha=1.9
2063,74,alpha=1.9
2064,83,alpha=1.9
2065,79,alpha=1.9
2066,124,alpha=1.9
2067,90,alpha=1.9
2068,125,alpha=1.9
2069,94,alpha=1.9
2070,262,alpha=1.9
2071,89,alpha=1.9
2072,135,alpha=1.9
2073,85,alpha=1.9
2074,109,alpha=1.9
2075,159,alpha=1.9
2076,81,alpha=1.9
2077,98,alpha=1.9
2078,128,alpha=1.9
2079,103,alpha=1.9
2080,122,alpha=1.9
2081,125,alpha=1.9
2082,78,alpha=1.9
2083,122,alpha=1.9
2084,94,alpha=1.9
2085,96,alpha=1.9
2086,61,alpha=1.9
2087,108,alpha=1.9
2088,100,alpha=1.9
2089,76,alpha=1.9
2090,84,alpha=1.9
2091,103,alpha=1.9
2092,111,alpha=1.9
2093,103,alpha=1.9
2094,78,alpha=1.9
2095,74,alpha=1.9
2096,130,alpha=1.9
2097,132,alpha=1.9
2098,114,alpha=1.9
2099,97,alpha=1.9
2100,92,alpha=1.9
2101,83,alpha=1.9
2102,81,alpha=1.9
2103,112,alpha=1.9
2104,69,alpha=1.9
2105,126,alpha=1.9
2106,94,alpha=1.9
2107,90,alpha=1.9
2108,106,alpha=1.9
2109,123,alpha=1.9
2110,123,alpha=1.9
2111,119,alpha=1.9
2112,79,alpha=1.9
2113,97,alpha=1.9
2114,94,alpha=1.9
2115,116,alpha=1.9
2116,94,alpha=1.9
2117,155,alpha=1.9
2118,96,alpha=1.9
2119,104,alpha=1.9
2120,92,alpha=1.9
2121,115,alpha=1.9
2122,109,alpha=1.9
2123,170,alpha=1.9
2124,90,alpha=1.9
2125,105,alpha=1.9
2126,93,alpha=1.9
2127,112,alpha=1.9
2128,84,alpha=1.9
2129,121,alpha=1.9
2130,114,alpha=1.9
2131,96,alpha=1.9
2132,87,alpha=1.9
2133,103,alpha=1.9
2134,97,alpha=1.9
2135,82,alpha=1.9
2136,99,alpha=1.9
2137,90,alpha=1.9
2138,81,alpha=1.9
2139,89,alpha=1.9
2140,227,alpha=1.9
2141,83,alpha=1.9
2142,98,alpha=1.9
2143,85,alpha=1.9
2144,94,alpha=1.9
2145,90,alpha=1.9
2146,88,alpha=1.9
2147,92,alpha=1.9
2148,111,alpha=1.9
2149,126,alpha=1.9
2150,59,alpha=1.9
2151,90,alpha=1.9
2152,103,alpha=1.9
2153,96,alpha=1.9
2154,113,alpha=1.9
2155,92,alpha=1.9
2156,111,alpha=1.9
2157,71,alpha=1.9
2158,74,alpha=1.9
2159,85,alpha=1.9
2160,111,alpha=1.9
2161,93,alpha=1.9
2162,107,alpha=1.9
2163,99,alpha=1.9
2164,102,alpha=1.9
2165,92,alpha=1.9
2166,116,alpha=1.9
2167,121,alpha=1.9
2168,154,alpha=1.9
2169,114,alpha=1.9
2170,120,alpha=1.9
2171,110,alpha=1.9
2172,75,alpha=1.9
2173,157,alpha=1.9
2174,65,alpha=1.9
2175,100,alpha=1.9
2176,102,alpha=1.9
2177,99,alpha=1.9
2178,91,alpha=1.9
2179,241,alpha=1.9
2180,101,alpha=1.9
2181,112,alpha=1.9
2182,91,alpha=1.9
2183,97,alpha=1.9
2184,107,alpha=1.9
2185,65,alpha=1.9
2186,116,alpha=1.9
2187,83,alpha=1.9
2188,88,alpha=1.9
2189,123,alpha=1.9
2190,92,alpha=1.9
2191,72,alpha=1.9
2192,124,alpha=1.9
2193,96,alpha=1.9
2194,127,alpha=1.9
2195,100,alpha=1.9
2196,96,alpha=1.9
2197,109,alpha=1.9
2198,107,alpha=1.9
2199,113,alpha=1.9
2200,122,alpha=1.9
2201,98,alpha=1.9
2202,99,alpha=1.9
2203,106,alpha=1.9
2204,72,alpha=1.9
2205,113,alpha=1.9
2206,149,alpha=1.9
2207,139,alpha=1.9
2208,89,alpha=1.9
2209,82,alpha=1.9
2210,115,alpha=1.9
2211,96,alpha=1.9
2212,94,alpha=1.9
2213,92,alpha=1.9
2214,106,alpha=1.9
2215,112,alpha=1.9
2216,122,alpha=1.9
2217,113,alpha=1.9
2218,85,alpha=1.9
2219,89,alpha=1.9
2220,95,alpha=1.9
2221,98,alpha=1.9
2222,93,alpha=1.9
2223,100,alpha=1.9
2224,92,alpha=1.9
2225,109,alpha=1.9
2226,111,alpha=1.9
2227,105,alpha=1.9
2228,112,alpha=1.9
2229,105,alpha=1.9
2230,108,alpha=1.9
2231,110,alpha=1.9
2232,95,alpha=1.9
2233,80,alpha=1.9
2234,99,alpha=1.9
2235,84,alpha=1.9
2236,60,alpha=1.9
2237,80,alpha=1.9
2238,85,alpha=1.9
2239,138,alpha=1.9
2240,116,alpha=1.9
2241,109,alpha=1.9
2242,92,alpha=1.9
2243,86,alpha=1.9
2244,92,alpha=1.9
2245,91,alpha=1.9
2246,100,alpha=1.9
2247,100,alpha=1.9
2248,82,alpha=1.9
2249,98,alpha=1.9
2250,103,alpha=1.9
2251,95,alpha=1.9
2252,91,alpha=1.9
2253,93,alpha=1.9
2254,63,alpha=1.9
2255,96,alpha=1.9
2256,109,alpha=1.9
2257,93,alpha=1.9
2258,113,alpha=1.9
2259,67,alpha=1.9
2260,101,alpha=1.9
2261,157,alpha=1.9
2262,123,alpha=1.9
2263,111,alpha=1.9
2264,123,alpha=1.9
2265,83,alpha=1.9
2266,94,alpha=1.9
2267,80,alpha=1.9
2268,83,alpha=1.9
2269,89,alpha=1.9
2270,85,alpha=1.9
2271,94,alpha=1.9
2272,118,alpha=1.9
2273,91,alpha=1.9
2274,99,alpha=1.9
2275,124,alpha=1.9
2276,93,alpha=1.9
2277,95,alpha=1.9
2278,91,alpha=1.9
2279,80,alpha=1.9
2280,84,alpha=1.9
2281,94,alpha=1.9
2282,129,alpha=1.9
2283,72,alpha=1.9
2284,73,alpha=1.9
2285,143,alpha=1.9
2286,72,alpha=1.9
2287,101,alpha=1.9
2288,120,alpha=1.9
2289,82,alpha=1.9
2290,99,alpha=1.9
2291,101,alpha=1.9
2292,98,alpha=1.9
2293,111,alpha=1.9
2294,91,alpha=1.9
2295,121,alpha=1.9
2296,68,alpha=1.9
2297,86,alpha=1.9
2298,109,alpha=1.9
2299,110,alpha=1.9
2300,135,alpha=1.9
2301,220,alpha=1.9
2302,79,alpha=1.9
2303,120,alpha=1.9
2304,92,alpha=1.9
2305,86,alpha=1.9
2306,90,alpha=1.9
2307,77,alpha=1.9
2308,88,alpha=1.9
2309,73,alpha=1.9
2310,79,alpha=1.9
2311,87,alpha=1.9
2312,181,alpha=1.9
2313,81,alpha=1.9
2314,100,alpha=1.9
2315,119,alpha=1.9
2316,154,alpha=1.9
2317,117,alpha=1.9
2318,167,alpha=1.9
2319,103,alpha=1.9
2320,93,alpha=1.9
2321,93,alpha=1.9
2322,105,alpha=1.9
2323,86,alpha=1.9
2324,87,alpha=1.9
2325,97,alpha=1.9
2326,78,alpha=1.9
2327,93,alpha=1.9
2328,78,alpha=1.9
2329,179,alpha=1.9
2330,96,alpha=1.9
2331,91,alpha=1.9
2332,96,alpha=1.9
2333,76,alpha=1.9
2334,127,alpha=1.9
2335,100,alpha=1.9
2336,112,alpha=1.9
2337,102,alpha=1.9
2338,108,alpha=1.9
2339,83,alpha=1.9
2340,96,alpha=1.9
2341,102,alpha=1.9
2342,113,alpha=1.9
2343,86,alpha=1.9
2344,101,alpha=1.9
2345,99,alpha=1.9
2346,90,alpha=1.9
2347,75,alpha=1.9
2348,168,alpha=1.9
2349,113,alpha=1.9
2350,125,alpha=1.9
2351,98,alpha=1.9
2352,95,alpha=1.9
2353,82,alpha=1.9
2354,99,alpha=1.9
2355,79,alpha=1.9
2356,114,alpha=1.9
2357,77,alpha=1.9
2358,78,alpha=1.9
2359,89,alpha=1.9
2360,97,alpha=1.9
2361,93,alpha=1.9
2362,92,alpha=1.9
2363,105,alpha=1.9
2364,77,alpha=1.9
2365,74,alpha=1.9
2366,88,alpha=1.9
2367,92,alpha=1.9
2368,92,alpha=1.9
2369,106,alpha=1.9
2370,112,alpha=1.9
2371,103,alpha=1.9
2372,107,alpha=1.9
2373,104,alpha=1.9
2374,94,alpha=1.9
2375,98,alpha=1.9
2376,88,alpha=1.9
2377,100,alpha=1.9
2378,82,alpha=1.9
2379,91,alpha=1.9
2380,97,alpha=1.9
2381,93,alpha=1.9
2382,100,alpha=1.9
2383,80,alpha=1.9
2384,108,alpha=1.9
2385,76,alpha=1.9
2386,102,alpha=1.9
2387,85,alpha=1.9
2388,111,alpha=1.9
2389,92,alpha=1.9
2390,94,alpha=1.9
2391,92,alpha=1.9
2392,93,alpha=1.9
2393,104,alpha=1.9
2394,105,alpha=1.9
2395,94,alpha=1.9
2396,98,alpha=1.9
2397,91,alpha=1.9
2398,90,alpha=1.9
2399,100,alpha=1.9
2400,107,alpha=1.9
2401,84,alpha=1.9
2402,119,alpha=1.9
2403,98,alpha=1.9
2404,121,alpha=1.9
2405,113,alpha=1.9
2406,120,alpha=1.9
2407,115,alpha=1.9
2408,96,alpha=1.9
2409,104,alpha=1.9
2410,86,alpha=1.9
2411,86,alpha=1.9
2412,110,alpha=1.9
2413,81,alpha=1.9
2414,94,alpha=1.9
2415,61,alpha=1.9
2416,85,alpha=1.9
2417,119,alpha=1.9
2418,73,alpha=1.9
2419,77,alpha=1.9
2420,84,alpha=1.9
2421,106,alpha=1.9
2422,71,alpha=1.9
2423,103,alpha=1.9
2424,86,alpha=1.9
2425,71,alpha=1.9
2426,129,alpha=1.9
2427,96,alpha=1.9
2428,92,alpha=1.9
2429,113,alpha=1.9
2430,106,alpha=1.9
2431,65,alpha=1.9
2432,96,alpha=1.9
2433,143,alpha=1.9
2434,78,alpha=1.9
2435,90,alpha=1.9
2436,119,alpha=1.9
2437,103,alpha=1.9
2438,68,alpha=1.9
2439,88,alpha=1.9
2440,136,alpha=1.9
2441,70,alpha=1.9
2442,101,alpha=1.9
2443,138,alpha=1.9
2444,97,alpha=1.9
2445,113,alpha=1.9
2446,88,alpha=1.9
2447,94,alpha=1.9
2448,77,alpha=1.9
2449,78,alpha=1.9
2450,84,alpha=1.9
2451,128,alpha=1.9
2452,82,alpha=1.9
2453,105,alpha=1.9
2454,87,alpha=1.9
2455,98,alpha=1.9
2456,85,alpha=1.9
2457,79,alpha=1.9
2458,99,alpha=1.9
2459,87,alpha=1.9
2460,81,alpha=1.9
2461,95,alpha=1.9
2462,86,alpha=1.9
2463,94,alpha=1.9
2464,116,alpha=1.9
2465,130,alpha=1.9
2466,141,alpha=1.9
2467,85,alpha=1.9
2468,85,alpha=1.9
2469,81,alpha=1.9
2470,81,alpha=1.9
2471,109,alpha=1.9
2472,92,alpha=1.9
2473,77,alpha=1.9
2474,92,alpha=1.9
2475,75,alpha=1.9
2476,97,alpha=1.9
2477,123,alpha=1.9
2478,86,alpha=1.9
2479,80,alpha=1.9
2480,122,alpha=1.9
2481,64,alpha=1.9
2482,111,alpha=1.9
2483,100,alpha=1.9
2484,81,alpha=1.9
2485,100,alpha=1.9
2486,95,alpha=1.9
2487,163,alpha=1.9
2488,97,alpha=1.9
2489,110,alpha=1.9
2490,89,alpha=1.9
2491,84,alpha=1.9
2492,87,alpha=1.9
2493,90,alpha=1.9
2494,86,alpha=1.9
2495,88,alpha=1.9
2496,109,alpha=1.9
2497,108,alpha=1.9
2498,108,alpha=1.9
2499,393,alpha=1.9
2500,96,alpha=1.9
2501,89,alpha=1.9
2502,104,alpha=1.9
2503,82,alpha=1.9
2504,70,alpha=1.9
2505,96,alpha=1.9
2506,114,alpha=1.9
2507,91,alpha=1.9
2508,62,alpha=1.9
2509,94,alpha=1.9
2510,122,alpha=1.9
2511,100,alpha=1.9
2512,118,alpha=1.9
2513,101,alpha=1.9
2514,83,alpha=1.9
2515,117,alpha=1.9
2516,122,alpha=1.9
2517,94,alpha=1.9
2518,88,alpha=1.9
2519,100,alpha=1.9
2520,80,alpha=1.9
2521,79,alpha=1.9
2522,81,alpha=1.9
2523,124,alpha=1.9
2524,68,alpha=1.9
2525,117,alpha=1.9
2526,117,alpha=1.9
2527,93,alpha=1.9
2528,94,alpha=1.9
2529,88,alpha=1.9
2530,105,alpha=1.9
2531,104,alpha=1.9
2532,74,alpha=1.9
2533,96,alpha=1.9
2534,103,alpha=1.9
2535,92,alpha=1.9
2536,91,alpha=1.9
2537,103,alpha=1.9
2538,99,alpha=1.9
2539,253,alpha=1.9
2540,126,alpha=1.9
2541,66,alpha=1.9
2542,89,alpha=1.9
2543,86,alpha=1.9
2544,69,alpha=1.9
2545,89,alpha=1.9
2546,96,alpha=1.9
2547,77,alpha=1.9
2548,78,alpha=1.9
2549,70,alpha=1.9
2550,130,alpha=1.9
2551,97,alpha=1.9
2552,78,alpha=1.9
2553,92,alpha=1.9
2554,87,alpha=1.9
2555,93,alpha=1.9
2556,82,alpha=1.9
2557,82,alpha=1.9
2558,77,alpha=1.9
2559,89,alpha=1.9
2560,110,alpha=1.9
2561,120,alpha=1.9
2562,77,alpha=1.9
2563,109,alpha=1.9
2564,85,alpha=1.9
2565,96,alpha=1.9
2566,94,alpha=1.9
2567,79,alpha=1.9
2568,75,alpha=1.9
2569,87,alpha=1.9
2570,101,alpha=1.9
2571,85,alpha=1.9
2572,100,alpha=1.9
2573,80,alpha=1.9
2574,112,alpha=1.9
2575,102,alpha=1.9
2576,92,alpha=1.9
2577,107,alpha=1.9
2578,86,alpha=1.9
2579,93,alpha=1.9
2580,84,alpha=1.9
2581,113,alpha=1.9
2582,78,alpha=1.9
2583,95,alpha=1.9
2584,95,alpha=1.9
2585,59,alpha=1.9
2586,107,alpha=1.9
2587,89,alpha=1.9
2588,101,alpha=1.9
2589,102,alpha=1.9
2590,119,alpha=1.9
2591,94,alpha=1.9
2592,84,alpha=1.9
2593,81,alpha=1.9
2594,97,alpha=1.9
2595,95,alpha=1.9
2596,137,alpha=1.9
2597,131,alpha=1.9
2598,112,alpha=1.9
2599,133,alpha=1.9
2600,97,alpha=1.9
2601,77,alpha=1.9
2602,116,alpha=1.9
2603,102,alpha=1.9
2604,81,alpha=1.9
2605,91,alpha=1.9
2606,92,alpha=1.9
2607,74,alpha=1.9
2608,116,alpha=1.9
2609,119,alpha=1.9
2610,102,alpha=1.9
2611,80,alpha=1.9
2612,91,alpha=1.9
2613,97,alpha=1.9
2614,108,alpha=1.9
2615,87,alpha=1.9
2616,71,alpha=1.9
2617,86,alpha=1.9
2618,89,alpha=1.9
2619,80,alpha=1.9
2620,77,alpha=1.9
2621,79,alpha=1.9
2622,137,alpha=1.9
2623,95,alpha=1.9
2624,97,alpha=1.9
2625,114,alpha=1.9
2626,82,alpha=1.9
2627,64,alpha=1.9
2628,104,alpha=1.9
2629,88,alpha=1.9
2630,107,alpha=1.9
2631,120,alpha=1.9
2632,130,alpha=1.9
2633,98,alpha=1.9
2634,83,alpha=1.9
2635,102,alpha=1.9
2636,81,alpha=1.9
2637,112,alpha=1.9
2638,80,alpha=1.9
2639,115,alpha=1.9
2640,91,alpha=1.9
2641,92,alpha=1.9
2642,92,alpha=1.9
2643,116,alpha=1.9
2644,97,alpha=1.9
2645,90,alpha=1.9
2646,113,alpha=1.9
2647,88,alpha=1.9
2648,73,alpha=1.9
2649,108,alpha=1.9
2650,133,alpha=1.9
2651,75,alpha=1.9
2652,77,alpha=1.9
2653,69,alpha=1.9
2654,87,alpha=1.9
2655,92,alpha=1.9
2656,71,alpha=1.9
2657,93,alpha=1.9
2658,103,alpha=1.9
2659,113,alpha=1.9
2660,123,alpha=1.9
2661,101,alpha=1.9
2662,151,alpha=1.9
2663,98,alpha=1.9
2664,72,alpha=1.9
2665,107,alpha=1.9
2666,90,alpha=1.9
2667,90,alpha=1.9
2668,47,alpha=1.9
2669,58,alpha=1.9
2670,63,alpha=1.9
2671,100,alpha=1.9
2672,104,alpha=1.9
2673,93,alpha=1.9
2674,135,alpha=1.9
2675,123,alpha=1.9
2676,66,alpha=1.9
2677,80,alpha=1.9
2678,80,alpha=1.9
2679,63,alpha=1.9
2680,78,alpha=1.9
2681,138,alpha=1.9
2682,98,alpha=1.9
2683,92,alpha=1.9
2684,77,alpha=1.9
2685,119,alpha=1.9
2686,72,alpha=1.9
2687,116,alpha=1.9
2688,116,alpha=1.9
2689,91,alpha=1.9
2690,67,alpha=1.9
2691,83,alpha=1.9
2692,67,alpha=1.9
2693,103,alpha=1.9
2694,126,alpha=1.9
2695,83,alpha=1.9
2696,105,alpha=1.9
2697,90,alpha=1.9
2698,124,alpha=1.9
2699,94,alpha=1.9
2700,97,alpha=1.9
2701,88,alpha=1.9
2702,92,alpha=1.9
2703,100,alpha=1.9
2704,118,alpha=1.9
2705,71,alpha=1.9
2706,86,alpha=1.9
2707,69,alpha=1.9
2708,99,alpha=1.9
2709,91,alpha=1.9
2710,121,alpha=1.9
2711,104,alpha=1.9
2712,77,alpha=1.9
2713,97,alpha=1.9
2714,100,alpha=1.9
2715,221,alpha=1.9
2716,144,alpha=1.9
2717,116,alpha=1.9
2718,91,alpha=1.9
2719,92,alpha=1.9
2720,83,alpha=1.9
2721,99,alpha=1.9
2722,84,alpha=1.9
2723,107,alpha=1.9
2724,82,alpha=1.9
2725,98,alpha=1.9
2726,60,alpha=1.9
2727,109,alpha=1.9
2728,95,alpha=1.9
2729,102,alpha=1.9
2730,94,alpha=1.9
2731,101,alpha=1.9
2732,115,alpha=1.9
2733,58,alpha=1.9
2734,71,alpha=1.9
2735,107,alpha=1.9
2736,90,alpha=1.9
2737,86,alpha=1.9
2738,87,alpha=1.9
2739,96,alpha=1.9
2740,134,alpha=1.9
2741,114,alpha=1.9
2742,79,alpha=1.9
2743,80,alpha=1.9
2744,78,alpha=1.9
2745,132,alpha=1.9
2746,76,alpha=1.9
2747,99,alpha=1.9
2748,78,alpha=1.9
2749,83,alpha=1.9
2750,81,alpha=1.9
2751,100,alpha=1.9
2752,94,alpha=1.9
2753,96,alpha=1.9
2754,87,alpha=1.9
2755,92,alpha=1.9
2756,87,alpha=1.9
2757,113,alpha=1.9
2758,109,alpha=1.9
2759,124,alpha=1.9
2760,119,alpha=1.9
2761,90,alpha=1.9
2762,97,alpha=1.9
2763,90,alpha=1.9
2764,109,alpha=1.9
2765,115,alpha=1.9
2766,98,alpha=1.9
2767,101,alpha=1.9
2768,109,alpha=1.9
2769,109,alpha=1.9
2770,104,alpha=1.9
2771,99,alpha=1.9
2772,82,alpha=1.9
2773,87,alpha=1.9
2774,121,alpha=1.9
2775,87,alpha=1.9
2776,78,alpha=1.9
2777,80,alpha=1.9
2778,99,alpha=1.9
2779,95,alpha=1.9
2780,89,alpha=1.9
2781,92,alpha=1.9
2782,97,alpha=1.9
2783,95,alpha=1.9
2784,106,alpha=1.9
2785,97,alpha=1.9
2786,103,alpha=1.9
2787,94,alpha=1.9
2788,156,alpha=1.9
2789,76,alpha=1.9
2790,123,alpha=1.9
2791,85,alpha=1.9
2792,102,alpha=1.9
2793,82,alpha=1.9
2794,90,alpha=1.9
2795,90,alpha=1.9
2796,80,alpha=1.9
2797,93,alpha=1.9
2798,106,alpha=1.9
2799,85,alpha=1.9
2800,113,alpha=1.9
2801,97,alpha=1.9
2802,95,alpha=1.9
2803,89,alpha=1.9
2804,77,alpha=1.9
2805,99,alpha=1.9
2806,115,alpha=1.9
2807,135,alpha=1.9
2808,107,alpha=1.9
2809,87,alpha=1.9
2810,98,alpha=1.9
2811,120,alpha=1.9
2812,104,alpha=1.9
2813,75,alpha=1.9
2814,87,alpha=1.9
2815,130,alpha=1.9
2816,113,alpha=1.9
2817,86,alpha=1.9
2818,87,alpha=1.9
2819,85,alpha=1.9
2820,90,alpha=1.9
2821,94,alpha=1.9
2822,95,alpha=1.9
2823,96,alpha=1.9
2824,98,alpha=1.9
2825,92,alpha=1.9
2826,76,alpha=1.9
2827,127,alpha=1.9
2828,101,alpha=1.9
2829,86,alpha=1.9
2830,114,alpha=1.9
2831,61,alpha=1.9
2832,70,alpha=1.9
2833,98,alpha=1.9
2834,112,alpha=1.9
2835,124,alpha=1.9
2836,88,alpha=1.9
2837,92,alpha=1.9
2838,98,alpha=1.9
2839,109,alpha=1.9
2840,67,alpha=1.9
2841,91,alpha=1.9
2842,83,alpha=1.9
2843,110,alpha=1.9
2844,113,alpha=1.9
2845,130,alpha=1.9
2846,110,alpha=1.9
2847,64,alpha=1.9
2848,115,alpha=1.9
2849,66,alpha=1.9
2850,103,alpha=1.9
2851,100,alpha=1.9
2852,112,alpha=1.9
2853,103,alpha=1.9
2854,103,alpha=1.9
2855,77,alpha=1.9
2856,75,alpha=1.9
2857,107,alpha=1.9
2858,94,alpha=1.9
2859,95,alpha=1.9
2860,78,alpha=1.9
2861,102,alpha=1.9
2862,106,alpha=1.9
2863,90,alpha=1.9
2864,86,alpha=1.9
2865,126,alpha=1.9
2866,74,alpha=1.9
2867,103,alpha=1.9
2868,97,alpha=1.9
2869,131,alpha=1.9
2870,130,alpha=1.9
2871,78,alpha=1.9
2872,110,alpha=1.9
2873,122,alpha=1.9
2874,100,alpha=1.9
2875,102,alpha=1.9
2876,71,alpha=1.9
2877,82,alpha=1.9
2878,123,alpha=1.9
2879,137,alpha=1.9
2880,117,alpha=1.9
2881,130,alpha=1.9
2882,108,alpha=1.9
2883,93,alpha=1.9
2884,140,alpha=1.9
2885,106,alpha=1.9
2886,114,alpha=1.9
2887,96,alpha=1.9
2888,98,alpha=1.9
2889,86,alpha=1.9
2890,121,alpha=1.9
2891,97,alpha=1.9
2892,84,alpha=1.9
2893,94,alpha=1.9
2894,107,alpha=1.9
2895,126,alpha=1.9
2896,117,alpha=1.9
2897,112,alpha=1.9
2898,106,alpha=1.9
2899,80,alpha=1.9
2900,82,alpha=1.9
2901,100,alpha=1.9
2902,114,alpha=1.9
2903,142,alpha=1.9
2904,106,alpha=1.9
2905,91,alpha=1.9
2906,109,alpha=1.9
2907,128,alpha=1.9
2908,102,alpha=1.9
2909,90,alpha=1.9
2910,113,alpha=1.9
2911,128,alpha=1.9
2912,71,alpha=1.9
2913,107,alpha=1.9
2914,124,alpha=1.9
2915,81,alpha=1.9
2916,87,alpha=1.9
2917,79,alpha=1.9
2918,107,alpha=1.9
2919,104,alpha=1.9
2920,107,alpha=1.9
2921,105,alpha=1.9
2922,67,alpha=1.9
2923,85,alpha=1.9
2924,117,alpha=1.9
2925,123,alpha=1.9
2926,115,alpha=1.9
2927,74,alpha=1.9
2928,88,alpha=1.9
2929,110,alpha=1.9
2930,106,alpha=1.9
2931,122,alpha=1.9
2932,103,alpha=1.9
2933,104,alpha=1.9
2934,85,alpha=1.9
2935,80,alpha=1.9
2936,141,alpha=1.9
2937,97,alpha=1.9
2938,245,alpha=1.9
2939,116,alpha=1.9
2940,128,alpha=1.9
2941,90,alpha=1.9
2942,79,alpha=1.9
2943,76,alpha=1.9
2944,110,alpha=1.9
2945,74,alpha=1.9
2946,123,alpha=1.9
2947,85,alpha=1.9
2948,91,alpha=1.9
2949,74,alpha=1.9
2950,76,alpha=1.9
2951,99,alpha=1.9
2952,91,alpha=1.9
2953,77,alpha=1.9
2954,110,alpha=1.9
2955,72,alpha=1.9
2956,107,alpha=1.9
2957,112,alpha=1.9
2958,97,alpha=1.9
2959,103,alpha=1.9
2960,73,alpha=1.9
2961,99,alpha=1.9
2962,68,alpha=1.9
2963,87,alpha=1.9
2964,80,alpha=1.9
2965,73,alpha=1.9
2966,108,alpha=1.9
2967,116,alpha=1.9
2968,99,alpha=1.9
2969,93,alpha=1.9
2970,83,alpha=1.9
2971,72,alpha=1.9
2972,97,alpha=1.9
2973,67,alpha=1.9
2974,100,alpha=1.9
2975,108,alpha=1.9
2976,116,alpha=1.9
2977,92,alpha=1.9
2978,86,alpha=1.9
2979,100,alpha=1.9
2980,59,alpha=1.9
2981,95,alpha=1.9
2982,76,alpha=1.9
2983,52,alpha=1.9
2984,93,alpha=1.9
2985,113,alpha=1.9
2986,101,alpha=1.9
2987,75,alpha=1.9
2988,88,alpha=1.9
2989,94,alpha=1.9
2990,144,alpha=1.9
2991,89,alpha=1.9
2992,106,alpha=1.9
2993,90,alpha=1.9
2994,79,alpha=1.9
2995,137,alpha=1.9
2996,88,alpha=1.9
2997,115,alpha=1.9
2998,97,alpha=1.9
2999,80,alpha=1.9
3000,97,alpha=1.9
3001,77,alpha=1.9
3002,113,alpha=1.9
3003,108,alpha=1.9
3004,76,alpha=1.9
3005,77,alpha=1.9
3006,158,alpha=1.9
3007,175,alpha=1.9
3008,139,alpha=1.9
3009,83,alpha=1.9
3010,130,alpha=1.9
3011,152,alpha=1.9
3012,100,alpha=1.9
3013,106,alpha=1.9
3014,77,alpha=1.9
3015,87,alpha=1.9
3016,94,alpha=1.9
3017,76,alpha=1.9
3018,99,alpha=1.9
3019,102,alpha=1.9
3020,71,alpha=1.9
3021,98,alpha=1.9
3022,120,alpha=1.9
3023,121,alpha=1.9
3024,104,alpha=1.9
3025,104,alpha=1.9
3026,72,alpha=1.9
3027,101,alpha=1.9
3028,108,alpha=1.9
3029,72,alpha=1.9
3030,105,alpha=1.9
3031,120,alpha=1.9
3032,102,alpha=1.9
3033,90,alpha=1.9
3034,182,alpha=1.9
3035,102,alpha=1.9
3036,132,alpha=1.9
3037,82,alpha=1.9
3038,86,alpha=1.9
3039,75,alpha=1.9
3040,69,alpha=1.9
3041,109,alpha=1.9
3042,99,alpha=1.9
3043,95,alpha=1.9
3044,95,alpha=1.9
3045,88,alpha=1.9
3046,96,alpha=1.9
3047,104,alpha=1.9
3048,126,alpha=1.9
3049,73,alpha=1.9
3050,87,alpha=1.9
3051,90,alpha=1.9
3052,114,alpha=1.9
3053,112,alpha=1.9
3054,79,alpha=1.9
3055,799,alpha=1.9
3056,73,alpha=1.9
3057,126,alpha=1.9
3058,104,alpha=1.9
3059,135,alpha=1.9
3060,75,alpha=1.9
3061,98,alpha=1.9
3062,126,alpha=1.9
3063,99,alpha=1.9
3064,163,alpha=1.9
3065,146,alpha=1.9
3066,62,alpha=1.9
3067,84,alpha=1.9
3068,81,alpha=1.9
3069,72,alpha=1.9
3070,88,alpha=1.9
3071,98,alpha=1.9
3072,87,alpha=1.9
3073,109,alpha=1.9
3074,103,alpha=1.9
3075,101,alpha=1.9
3076,128,alpha=1.9
3077,108,alpha=1.9
3078,89,alpha=1.9
3079,91,alpha=1.9
3080,92,alpha=1.9
3081,103,alpha=1.9
3082,80,alpha=1.9
3083,91,alpha=1.9
3084,141,alpha=1.9
3085,96,alpha=1.9
3086,101,alpha=1.9
3087,76,alpha=1.9
3088,76,alpha=1.9
3089,98,alpha=1.9
3090,97,alpha=1.9
3091,98,alpha=1.9
3092,81,alpha=1.9
3093,71,alpha=1.9
3094,130,alpha=1.9
3095,93,alpha=1.9
3096,78,alpha=1.9
3097,101,alpha=1.9
3098,83,alpha=1.9
3099,105,alpha=1.9
3100,106,alpha=1.9
3101,83,alpha=1.9
3102,95,alpha=1.9
3103,90,alpha=1.9
3104,108,alpha=1.9
3105,86,alpha=1.9
3106,104,alpha=1.9
3107,88,alpha=1.9
3108,99,alpha=1.9
3109,69,alpha=1.9
3110,134,alpha=1.9
3111,123,alpha=1.9
3112,111,alpha=1.9
3113,71,alpha=1.9
3114,103,alpha=1.9
3115,72,alpha=1.9
3116,90,alpha=1.9
3117,96,alpha=1.9
3118,141,alpha=1.9
3119,64,alpha=1.9
3120,66,alpha=1.9
3121,109,alpha=1.9
3122,106,alpha=1.9
3123,70,alpha=1.9
3124,106,alpha=1.9
3125,178,alpha=1.9
3126,100,alpha=1.9
3127,105,alpha=1.9
3128,99,alpha=1.9
3129,102,alpha=1.9
3130,94,alpha=1.9
3131,84,alpha=1.9
3132,99,alpha=1.9
3133,96,alpha=1.9
3134,99,alpha=1.9
3135,79,alpha=1.9
3136,115,alpha=1.9
3137,89,alpha=1.9
3138,118,alpha=1.9
3139,100,alpha=1.9
3140,80,alpha=1.9
3141,103,alpha=1.9
3142,93,alpha=1.9
3143,89,alpha=1.9
3144,106,alpha=1.9
3145,125,alpha=1.9
3146,94,alpha=1.9
3147,122,alpha=1.9
3148,79,alpha=1.9
3149,80,alpha=1.9
3150,87,alpha=1.9
3151,93,alpha=1.9
3152,94,alpha=1.9
3153,107,alpha=1.9
3154,87,alpha=1.9
3155,92,alpha=1.9
3156,117,alpha=1.9
3157,103,alpha=1.9
3158,110,alpha=1.9
3159,94,alpha=1.9
3160,58,alpha=1.9
3161,101,alpha=1.9
3162,89,alpha=1.9
3163,73,alpha=1.9
3164,101,alpha=1.9
3165,97,alpha=1.9
3166,104,alpha=1.9
3167,90,alpha=1.9
3168,89,alpha=1.9
3169,88,alpha=1.9
3170,114,alpha=1.9
3171,75,alpha=1.9
3172,72,alpha=1.9
3173,92,alpha=1.9
3174,87,alpha=1.9
3175,78,alpha=1.9
3176,102,alpha=1.9
3177,85,alpha=1.9
3178,81,alpha=1.9
3179,102,alpha=1.9
3180,95,alpha=1.9
3181,81,alpha=1.9
3182,95,alpha=1.9
3183,93,alpha=1.9
3184,82,alpha=1.9
3185,113,alpha=1.9
3186,162,alpha=1.9
3187,109,alpha=1.9
3188,78,alpha=1.9
3189,114,alpha=1.9
3190,83,alpha=1.9
3191,94,alpha=1.9
3192,106,alpha=1.9
3193,127,alpha=1.9
3194,101,alpha=1.9
3195,112,alpha=1.9
3196,72,alpha=1.9
3197,94,alpha=1.9
3198,95,alpha=1.9
3199,77,alpha=1.9
3200,81,alpha=1.9
3201,85,alpha=1.9
3202,122,alpha=1.9
3203,101,alpha=1.9
3204,105,alpha=1.9
3205,97,alpha=1.9
3206,83,alpha=1.9
3207,102,alpha=1.9
3208,112,alpha=1.9
3209,63,alpha=1.9
3210,90,alpha=1.9
3211,96,alpha=1.9
3212,112,alpha=1.9
3213,94,alpha=1.9
3214,112,alpha=1.9
3215,101,alpha=1.9
3216,114,alpha=1.9
3217,91,alpha=1.9
3218,89,alpha=1.9
3219,115,alpha=1.9
3220,79,alpha=1.9
3221,111,alpha=1.9
3222,98,alpha=1.9
3223,87,alpha=1.9
3224,79,alpha=1.9
3225,79,alpha=1.9
3226,115,alpha=1.9
3227,86,alpha=1.9
3228,102,alpha=1.9
3229,107,alpha=1.9
3230,77,alpha=1.9
3231,73,alpha=1.9
3232,85,alpha=1.9
3233,124,alpha=1.9
3234,107,alpha=1.9
3235,109,alpha=1.9
3236,101,alpha=1.9
3237,93,alpha=1.9
3238,103,alpha=1.9
3239,84,alpha=1.9
3240,91,alpha=1.9
3241,86,alpha=1.9
3242,71,alpha=1.9
3243,103,alpha=1.9
3244,92,alpha=1.9
3245,134,alpha=1.9
3246,124,alpha=1.9
3247,90,alpha=1.9
3248,82,alpha=1.9
3249,110,alpha=1.9
3250,115,alpha=1.9
3251,125,alpha=1.9
3252,110,alpha=1.9
3253,111,alpha=1.9
3254,66,alpha=1.9
3255,168,alpha=1.9
3256,99,alpha=1.9
3257,93,alpha=1.9
3258,101,alpha=1.9
3259,99,alpha=1.9
3260,99,alpha=1.9
3261,90,alpha=1.9
3262,96,alpha=1.9
3263,85,alpha=1.9
3264,89,alpha=1.9
3265,79,alpha=1.9
3266,81,alpha=1.9
3267,93,alpha=1.9
3268,83,alpha=1.9
3269,88,alpha=1.9
3270,90,alpha=1.9
3271,118,alpha=1.9
3272,94,alpha=1.9
3273,95,alpha=1.9
3274,108,alpha=1.9
3275,59,alpha=1.9
3276,72,alpha=1.9
3277,82,alpha=1.9
3278,126,alpha=1.9
3279,116,alpha=1.9
3280,69,alpha=1.9
3281,141,alpha=1.9
3282,158,alpha=1.9
3283,91,alpha=1.9
3284,124,alpha=1.9
3285,109,alpha=1.9
3286,94,alpha=1.9
3287,85,alpha=1.9
3288,58,alpha=1.9
3289,101,alpha=1.9
3290,103,alpha=1.9
3291,101,alpha=1.9
3292,82,alpha=1.9
3293,98,alpha=1.9
3294,92,alpha=1.9
3295,62,alpha=1.9
3296,115,alpha=1.9
3297,103,alpha=1.9
3298,108,alpha=1.9
3299,102,alpha=1.9
3300,99,alpha=1.9
3301,82,alpha=1.9
3302,102,alpha=1.9
3303,80,alpha=1.9
3304,90,alpha=1.9
3305,94,alpha=1.9
3306,61,alpha=1.9
3307,95,alpha=1.9
3308,134,alpha=1.9
3309,106,alpha=1.9
3310,96,alpha=1.9
3311,119,alpha=1.9
3312,86,alpha=1.9
3313,91,alpha=1.9
3314,119,alpha=1.9
3315,90,alpha=1.9
3316,108,alpha=1.9
3317,91,alpha=1.9
3318,121,alpha=1.9
3319,96,alpha=1.9
3320,91,alpha=1.9
3321,118,alpha=1.9
3322,98,alpha=1.9
3323,97,alpha=1.9
3324,92,alpha=1.9
3325,94,alpha=1.9
3326,121,alpha=1.9
3327,79,alpha=1.9
3328,109,alpha=1.9
3329,85,alpha=1.9
3330,104,alpha=1.9
3331,95,alpha=1.9
3332,101,alpha=1.9
3333,109,alpha=1.9
3334,170,alpha=1.9
3335,83,alpha=1.9
3336,77,alpha=1.9
3337,72,alpha=1.9
3338,75,alpha=1.9
3339,93,alpha=1.9
3340,81,alpha=1.9
3341,94,alpha=1.9
3342,101,alpha=1.9
3343,88,alpha=1.9
3344,173,alpha=1.9
3345,116,alpha=1.9
3346,116,alpha=1.9
3347,111,alpha=1.9
3348,123,alpha=1.9
3349,105,alpha=1.9
3350,79,alpha=1.9
3351,74,alpha=1.9
3352,79,alpha=1.9
3353,78,alpha=1.9
3354,84,alpha=1.9
3355,123,alpha=1.9
3356,123,alpha=1.9
3357,78,alpha=1.9
3358,120,alpha=1.9
3359,85,alpha=1.9
3360,85,alpha=1.9
3361,156,alpha=1.9
3362,85,alpha=1.9
3363,97,alpha=1.9
3364,87,alpha=1.9
3365,104,alpha=1.9
3366,94,alpha=1.9
3367,153,alpha=1.9
3368,97,alpha=1.9
3369,85,alpha=1.9
3370,88,alpha=1.9
3371,74,alpha=1.9
3372,121,alpha=1.9
3373,139,alpha=1.9
3374,96,alpha=1.9
3375,138,alpha=1.9
3376,68,alpha=1.9
3377,90,alpha=1.9
3378,96,alpha=1.9
3379,65,alpha=1.9
3380,146,alpha=1.9
3381,87,alpha=1.9
3382,109,alpha=1.9
3383,107,alpha=1.9
3384,105,alpha=1.9
3385,96,alpha=1.9
3386,110,alpha=1.9
3387,106,alpha=1.9
3388,113,alpha=1.9
3389,87,alpha=1.9
3390,99,alpha=1.9
3391,118,alpha=1.9
3392,103,alpha=1.9
3393,117,alpha=1.9
3394,87,alpha=1.9
3395,72,alpha=1.9
3396,77,alpha=1.9
3397,132,alpha=1.9
3398,116,alpha=1.9
3399,71,alpha=1.9
3400,83,alpha=1.9
3401,90,alpha=1.9
3402,147,alpha=1.9
3403,99,alpha=1.9
3404,104,alpha=1.9
3405,71,alpha=1.9
3406,60,alpha=1.9
3407,67,alpha=1.9
3408,91,alpha=1.9
3409,128,alpha=1.9
3410,97,alpha=1.9
3411,92,alpha=1.9
3412,91,alpha=1.9
3413,88,alpha=1.9
3414,86,alpha=1.9
3415,88,alpha=1.9
3416,116,alpha=1.9
3417,91,alpha=1.9
3418,104,alpha=1.9
3419,78,alpha=1.9
3420,101,alpha=1.9
3421,155,alpha=1.9
3422,85,alpha=1.9
3423,86,alpha=1.9
3424,131,alpha=1.9
3425,140,alpha=1.9
3426,106,alpha=1.9
3427,98,alpha=1.9
3428,137,alpha=1.9
3429,86,alpha=1.9
3430,90,alpha=1.9
3431,102,alpha=1.9
3432,124,alpha=1.9
3433,97,alpha=1.9
3434,121,alpha=1.9
3435,89,alpha=1.9
3436,118,alpha=1.9
3437,96,alpha=1.9
3438,98,alpha=1.9
3439,82,alpha=1.9
3440,100,alpha=1.9
3441,96,alpha=1.9
3442,66,alpha=1.9
3443,142,alpha=1.9
3444,91,alpha=1.9
3445,116,alpha=1.9
3446,88,alpha=1.9
3447,353,alpha=1.9
3448,83,alpha=1.9
3449,149,alpha=1.9
3450,124,alpha=1.9
3451,104,alpha=1.9
3452,109,alpha=1.9
3453,84,alpha=1.9
3454,103,alpha=1.9
3455,76,alpha=1.9
3456,88,alpha=1.9
3457,126,alpha=1.9
3458,83,alpha=1.9
3459,70,alpha=1.9
3460,78,alpha=1.9
3461,84,alpha=1.9
3462,89,alpha=1.9
3463,110,alpha=1.9
3464,81,alpha=1.9
3465,102,alpha=1.9
3466,117,alpha=1.9
3467,109,alpha=1.9
3468,85,alpha=1.9
3469,86,alpha=1.9
3470,124,alpha=1.9
3471,70,alpha=1.9
3472,87,alpha=1.9
3473,116,alpha=1.9
3474,74,alpha=1.9
3475,88,alpha=1.9
3476,100,alpha=1.9
3477,100,alpha=1.9
3478,105,alpha=1.9
3479,78,alpha=1.9
3480,94,alpha=1.9
3481,85,alpha=1.9
3482,71,alpha=1.9
3483,117,alpha=1.9
3484,134,alpha=1.9
3485,102,alpha=1.9
3486,89,alpha=1.9
3487,121,alpha=1.9
3488,82,alpha=1.9
3489,91,alpha=1.9
3490,72,alpha=1.9
3491,132,alpha=1.9
3492,55,alpha=1.9
3493,113,alpha=1.9
3494,94,alpha=1.9
3495,156,alpha=1.9
3496,81,alpha=1.9
3497,104,alpha=1.9
3498,94,alpha=1.9
3499,109,alpha=1.9
3500,71,alpha=1.9
3501,93,alpha=1.9
3502,85,alpha=1.9
3503,154,alpha=1.9
3504,77,alpha=1.9
3505,110,alpha=1.9
3506,90,alpha=1.9
3507,124,alpha=1.9
3508,84,alpha=1.9
3509,95,alpha=1.9
3510,77,alpha=1.9
3511,78,alpha=1.9
3512,109,alpha=1.9
3513,125,alpha=1.9
3514,86,alpha=1.9
3515,129,alpha=1.9
3516,76,alpha=1.9
3517,100,alpha=1.9
3518,123,alpha=1.9
3519,95,alpha=1.9
3520,77,alpha=1.9
3521,92,alpha=1.9
3522,170,alpha=1.9
3523,86,alpha=1.9
3524,128,alpha=1.9
3525,96,alpha=1.9
3526,123,alpha=1.9
3527,111,alpha=1.9
3528,102,alpha=1.9
3529,78,alpha=1.9
3530,89,alpha=1.9
3531,104,alpha=1.9
3532,128,alpha=1.9
3533,60,alpha=1.9
3534,106,alpha=1.9
3535,96,alpha=1.9
3536,86,alpha=1.9
3537,118,alpha=1.9
3538,118,alpha=1.9
3539,79,alpha=1.9
3540,98,alpha=1.9
3541,113,alpha=1.9
3542,91,alpha=1.9
3543,119,alpha=1.9
3544,90,alpha=1.9
3545,96,alpha=1.9
3546,94,alpha=1.9
3547,98,alpha=1.9
3548,105,alpha=1.9
3549,104,alpha=1.9
3550,74,alpha=1.9
3551,107,alpha=1.9
3552,107,alpha=1.9
3553,90,alpha=1.9
3554,83,alpha=1.9
3555,120,alpha=1.9
3556,64,alpha=1.9
3557,107,alpha=1.9
3558,89,alpha=1.9
3559,75,alpha=1.9
3560,116,alpha=1.9
3561,78,alpha=1.9
3562,100,alpha=1.9
3563,121,alpha=1.9
3564,110,alpha=1.9
3565,100,alpha=1.9
3566,68,alpha=1.9
3567,148,alpha=1.9
3568,108,alpha=1.9
3569,84,alpha=1.9
3570,85,alpha=1.9
3571,176,alpha=1.9
3572,95,alpha=1.9
3573,123,alpha=1.9
3574,75,alpha=1.9
3575,111,alpha=1.9
3576,102,alpha=1.9
3577,96,alpha=1.9
3578,104,alpha=1.9
3579,97,alpha=1.9
3580,97,alpha=1.9
3581,93,alpha=1.9
3582,123,alpha=1.9
3583,120,alpha=1.9
3584,103,alpha=1.9
3585,110,alpha=1.9
3586,126,alpha=1.9
3587,94,alpha=1.9
3588,109,alpha=1.9
3589,90,alpha=1.9
3590,73,alpha=1.9
3591,111,alpha=1.9
3592,97,alpha=1.9
3593,88,alpha=1.9
3594,126,alpha=1.9
3595,86,alpha=1.9
3596,78,alpha=1.9
3597,124,alpha=1.9
3598,96,alpha=1.9
3599,87,alpha=1.9
3600,101,alpha=1.9
3601,97,alpha=1.9
3602,82,alpha=1.9
3603,101,alpha=1.9
3604,100,alpha=1.9
3605,108,alpha=1.9
3606,157,alpha=1.9
3607,133,alpha=1.9
3608,68,alpha=1.9
3609,102,alpha=1.9
3610,83,alpha=1.9
3611,101,alpha=1.9
3612,96,alpha=1.9
3613,88,alpha=1.9
3614,75,alpha=1.9
3615,122,alpha=1.9
3616,69,alpha=1.9
3617,100,alpha=1.9
3618,110,alpha=1.9
3619,84,alpha=1.9
3620,71,alpha=1.9
3621,89,alpha=1.9
3622,96,alpha=1.9
3623,80,alpha=1.9
3624,96,alpha=1.9
3625,119,alpha=1.9
3626,94,alpha=1.9
3627,122,alpha=1.9
3628,94,alpha=1.9
3629,102,alpha=1.9
3630,99,alpha=1.9
3631,63,alpha=1.9
3632,104,alpha=1.9
3633,97,alpha=1.9
3634,135,alpha=1.9
3635,100,alpha=1.9
3636,90,alpha=1.9
3637,85,alpha=1.9
3638,93,alpha=1.9
3639,86,alpha=1.9
3640,100,alpha=1.9
3641,88,alpha=1.9
3642,91,alpha=1.9
3643,90,alpha=1.9
3644,78,alpha=1.9
3645,111,alpha=1.9
3646,131,alpha=1.9
3647,87,alpha=1.9
3648,100,alpha=1.9
3649,110,alpha=1.9
3650,104,alpha=1.9
3651,108,alpha=1.9
3652,242,alpha=1.9
3653,104,alpha=1.9
3654,87,alpha=1.9
3655,91,alpha=1.9
3656,110,alpha=1.9
3657,105,alpha=1.9
3658,65,alpha=1.9
3659,92,alpha=1.9
3660,113,alpha=1.9
3661,112,alpha=1.9
3662,88,alpha=1.9
3663,73,alpha=1.9
3664,66,alpha=1.9
3665,275,alpha=1.9
3666,86,alpha=1.9
3667,130,alpha=1.9
3668,105,alpha=1.9
3669,107,alpha=1.9
3670,109,alpha=1.9
3671,74,alpha=1.9
3672,127,alpha=1.9
3673,86,alpha=1.9
3674,79,alpha=1.9
3675,91,alpha=1.9
3676,111,alpha=1.9
3677,117,alpha=1.9
3678,102,alpha=1.9
3679,101,alpha=1.9
3680,95,alpha=1.9
3681,100,alpha=1.9
3682,95,alpha=1.9
3683,93,alpha=1.9
3684,115,alpha=1.9
3685,108,alpha=1.9
3686,114,alpha=1.9
3687,106,alpha=1.9
3688,105,alpha=1.9
3689,88,alpha=1.9
3690,85,alpha=1.9
3691,93,alpha=1.9
3692,79,alpha=1.9
3693,120,alpha=1.9
3694,67,alpha=1.9
3695,96,alpha=1.9
3696,98,alpha=1.9
3697,118,alpha=1.9
3698,73,alpha=1.9
3699,104,alpha=1.9
3700,93,alpha=1.9
3701,94,alpha=1.9
3702,158,alpha=1.9
3703,92,alpha=1.9
3704,94,alpha=1.9
3705,90,alpha=1.9
3706,121,alpha=1.9
3707,106,alpha=1.9
3708,125,alpha=1.9
3709,71,alpha=1.9
3710,100,alpha=1.9
3711,74,alpha=1.9
3712,105,alpha=1.9
3713,85,alpha=1.9
3714,67,alpha=1.9
3715,90,alpha=1.9
3716,104,alpha=1.9
3717,93,alpha=1.9
3718,100,alpha=1.9
3719,102,alpha=1.9
3720,82,alpha=1.9
3721,134,alpha=1.9
3722,102,alpha=1.9
3723,102,alpha=1.9
3724,92,alpha=1.9
3725,103,alpha=1.9
3726,106,alpha=1.9
3727,90,alpha=1.9
3728,143,alpha=1.9
3729,115,alpha=1.9
3730,74,alpha=1.9
3731,116,alpha=1.9
3732,94,alpha=1.9
3733,89,alpha=1.9
3734,95,alpha=1.9
3735,76,alpha=1.9
3736,111,alpha=1.9
3737,81,alpha=1.9
3738,111,alpha=1.9
3739,99,alpha=1.9
3740,81,alpha=1.9
3741,90,alpha=1.9
3742,93,alpha=1.9
3743,88,alpha=1.9
3744,70,alpha=1.9
3745,82,alpha=1.9
3746,127,alpha=1.9
3747,141,alpha=1.9
3748,83,alpha=1.9
3749,81,alpha=1.9
3750,103,alpha=1.9
3751,146,alpha=1.9
3752,106,alpha=1.9
3753,100,alpha=1.9
3754,87,alpha=1.9
3755,95,alpha=1.9
3756,90,alpha=1.9
3757,105,alpha=1.9
3758,67,alpha=1.9
3759,99,alpha=1.9
3760,115,alpha=1.9
3761,82,alpha=1.9
3762,88,alpha=1.9
3763,92,alpha=1.9
3764,90,alpha=1.9
3765,80,alpha=1.9
3766,98,alpha=1.9
3767,90,alpha=1.9
3768,104,alpha=1.9
3769,100,alpha=1.9
3770,118,alpha=1.9
3771,76,alpha=1.9
3772,76,alpha=1.9
3773,85,alpha=1.9
3774,79,alpha=1.9
3775,91,alpha=1.9
3776,93,alpha=1.9
3777,64,alpha=1.9
3778,215,alpha=1.9
3779,95,alpha=1.9
3780,166,alpha=1.9
3781,142,alpha=1.9
3782,78,alpha=1.9
3783,130,alpha=1.9
3784,153,alpha=1.9
3785,99,alpha=1.9
3786,82,alpha=1.9
3787,79,alpha=1.9
3788,162,alpha=1.9
3789,108,alpha=1.9
3790,111,alpha=1.9
3791,98,alpha=1.9
3792,131,alpha=1.9
3793,137,alpha=1.9
3794,112,alpha=1.9
3795,104,alpha=1.9
3796,74,alpha=1.9
3797,93,alpha=1.9
3798,91,alpha=1.9
3799,94,alpha=1.9
3800,109,alpha=1.9
3801,133,alpha=1.9
3802,110,alpha=1.9
3803,180,alpha=1.9
3804,119,alpha=1.9
3805,79,alpha=1.9
3806,67,alpha=1.9
3807,86,alpha=1.9
3808,85,alpha=1.9
3809,96,alpha=1.9
3810,83,alpha=1.9
3811,57,alpha=1.9
3812,73,alpha=1.9
3813,117,alpha=1.9
3814,93,alpha=1.9
3815,126,alpha=1.9
3816,108,alpha=1.9
3817,109,alpha=1.9
3818,94,alpha=1.9
3819,97,alpha=1.9
3820,128,alpha=1.9
3821,103,alpha=1.9
3822,115,alpha=1.9
3823,101,alpha=1.9
3824,128,alpha=1.9
3825,128,alpha=1.9
3826,104,alpha=1.9
3827,102,alpha=1.9
3828,106,alpha=1.9
3829,67,alpha=1.9
3830,73,alpha=1.9
3831,93,alpha=1.9
3832,106,alpha=1.9
3833,74,alpha=1.9
3834,101,alpha=1.9
3835,93,alpha=1.9
3836,102,alpha=1.9
3837,99,alpha=1.9
3838,101,alpha=1.9
3839,118,alpha=1.9
3840,110,alpha=1.9
3841,74,alpha=1.9
3842,75,alpha=1.9
3843,96,alpha=1.9
3844,89,alpha=1.9
3845,114,alpha=1.9
3846,101,alpha=1.9
3847,106,alpha=1.9
3848,142,alpha=1.9
3849,129,alpha=1.9
3850,91,alpha=1.9
3851,130,alpha=1.9
3852,96,alpha=1.9
3853,94,alpha=1.9
3854,91,alpha=1.9
3855,71,alpha=1.9
3856,147,alpha=1.9
3857,107,alpha=1.9
3858,114,alpha=1.9
3859,117,alpha=1.9
3860,88,alpha=1.9
3861,142,alpha=1.9
3862,101,alpha=1.9
3863,157,alpha=1.9
3864,89,alpha=1.9
3865,100,alpha=1.9
3866,143,alpha=1.9
3867,89,alpha=1.9
3868,109,alpha=1.9
3869,168,alpha=1.9
3870,134,alpha=1.9
3871,93,alpha=1.9
3872,83,alpha=1.9
3873,71,alpha=1.9
3874,119,alpha=1.9
3875,125,alpha=1.9
3876,115,alpha=1.9
3877,86,alpha=1.9
3878,90,alpha=1.9
3879,125,alpha=1.9
3880,88,alpha=1.9
3881,89,alpha=1.9
3882,82,alpha=1.9
3883,111,alpha=1.9
3884,73,alpha=1.9
3885,104,alpha=1.9
3886,93,alpha=1.9
3887,90,alpha=1.9
3888,119,alpha=1.9
3889,92,alpha=1.9
3890,87,alpha=1.9
3891,86,alpha=1.9
3892,85,alpha=1.9
3893,84,alpha=1.9
3894,100,alpha=1.9
3895,176,alpha=1.9
3896,77,alpha=1.9
3897,101,alpha=1.9
3898,119,alpha=1.9
3899,83,alpha=1.9
3900,84,alpha=1.9
3901,84,alpha=1.9
3902,90,alpha=1.9
3903,111,alpha=1.9
3904,103,alpha=1.9
3905,109,alpha=1.9
3906,96,alpha=1.9
3907,94,alpha=1.9
3908,111,alpha=1.9
3909,79,alpha=1.9
3910,96,alpha=1.9
3911,119,alpha=1.9
3912,67,alpha=1.9
3913,105,alpha=1.9
3914,101,alpha=1.9
3915,139,alpha=1.9
3916,103,alpha=1.9
3917,83,alpha=1.9
3918,87,alpha=1.9
3919,98,alpha=1.9
3920,69,alpha=1.9
3921,122,alpha=1.9
3922,102,alpha=1.9
3923,124,alpha=1.9
3924,92,alpha=1.9
3925,76,alpha=1.9
3926,96,alpha=1.9
3927,95,alpha=1.9
3928,87,alpha=1.9
3929,103,alpha=1.9
3930,145,alpha=1.9
3931,114,alpha=1.9
3932,103,alpha=1.9
3933,88,alpha=1.9
3934,104,alpha=1.9
3935,106,alpha=1.9
3936,159,alpha=1.9
3937,104,alpha=1.9
3938,97,alpha=1.9
3939,81,alpha=1.9
3940,122,alpha=1.9
3941,84,alpha=1.9
3942,158,alpha=1.9
3943,133,alpha=1.9
3944,119,alpha=1.9
3945,94,alpha=1.9
3946,98,alpha=1.9
3947,115,alpha=1.9
3948,79,alpha=1.9
3949,106,alpha=1.9
3950,102,alpha=1.9
3951,74,alpha=1.9
3952,68,alpha=1.9
3953,87,alpha=1.9
3954,65,alpha=1.9
3955,91,alpha=1.9
3956,103,alpha=1.9
3957,82,alpha=1.9
3958,126,alpha=1.9
3959,78,alpha=1.9
3960,103,alpha=1.9
3961,97,alpha=1.9
3962,115,alpha=1.9
3963,146,alpha=1.9
3964,98,alpha=1.9
3965,114,alpha=1.9
3966,101,alpha=1.9
3967,96,alpha=1.9
3968,99,alpha=1.9
3969,73,alpha=1.9
3970,119,alpha=1.9
3971,77,alpha=1.9
3972,85,alpha=1.9
3973,82,alpha=1.9
3974,93,alpha=1.9
3975,91,alpha=1.9
3976,121,alpha=1.9
3977,124,alpha=1.9
3978,96,alpha=1.9
3979,126,alpha=1.9
3980,64,alpha=1.9
3981,97,alpha=1.9
3982,107,alpha=1.9
3983,86,alpha=1.9
3984,113,alpha=1.9
3985,72,alpha=1.9
3986,79,alpha=1.9
3987,99,alpha=1.9
3988,92,alpha=1.9
3989,97,alpha=1.9
3990,86,alpha=1.9
3991,109,alpha=1.9
3992,81,alpha=1.9
3993,109,alpha=1.9
3994,109,alpha=1.9
3995,116,alpha=1.9
3996,82,alpha=1.9
3997,113,alpha=1.9
3998,70,alpha=1.9
3999,83,alpha=1.9
4000,117,alpha=1.9
4001,104,alpha=1.9
4002,122,alpha=1.9
4003,99,alpha=1.9
4004,120,alpha=1.9
4005,90,alpha=1.9
4006,103,alpha=1.9
4007,74,alpha=1.9
4008,90,alpha=1.9
4009,98,alpha=1.9
4010,75,alpha=1.9
4011,98,alpha=1.9
4012,88,alpha=1.9
4013,97,alpha=1.9
4014,74,alpha=1.9
4015,111,alpha=1.9
4016,85,alpha=1.9
4017,116,alpha=1.9
4018,72,alpha=1.9
4019,117,alpha=1.9
4020,91,alpha=1.9
4021,99,alpha=1.9
4022,97,alpha=1.9
4023,84,alpha=1.9
4024,88,alpha=1.9
4025,113,alpha=1.9
4026,112,alpha=1.9
4027,85,alpha=1.9
4028,81,alpha=1.9
4029,76,alpha=1.9
4030,116,alpha=1.9
4031,107,alpha=1.9
4032,105,alpha=1.9
4033,104,alpha=1.9
4034,96,alpha=1.9
4035,116,alpha=1.9
4036,113,alpha=1.9
4037,84,alpha=1.9
4038,101,alpha=1.9
4039,66,alpha=1.9
4040,85,alpha=1.9
4041,101,alpha=1.9
4042,103,alpha=1.9
4043,119,alpha=1.9
4044,77,alpha=1.9
4045,96,alpha=1.9
4046,75,alpha=1.9
4047,127,alpha=1.9
4048,139,alpha=1.9
4049,96,alpha=1.9
4050,99,alpha=1.9
4051,137,alpha=1.9
4052,80,alpha=1.9
4053,89,alpha=1.9
4054,117,alpha=1.9
4055,97,alpha=1.9
4056,107,alpha=1.9
4057,130,alpha=1.9
4058,87,alpha=1.9
4059,88,alpha=1.9
4060,106,alpha=1.9
4061,93,alpha=1.9
4062,88,alpha=1.9
4063,86,alpha=1.9
4064,124,alpha=1.9
4065,74,alpha=1.9
4066,101,alpha=1.9
4067,113,alpha=1.9
4068,239,alpha=1.9
4069,131,alpha=1.9
4070,137,alpha=1.9
4071,83,alpha=1.9
4072,97,alpha=1.9
4073,84,alpha=1.9
4074,99,alpha=1.9
4075,99,alpha=1.9
4076,79,alpha=1.9
4077,129,alpha=1.9
4078,130,alpha=1.9
4079,64,alpha=1.9
4080,83,alpha=1.9
4081,75,alpha=1.9
4082,100,alpha=1.9
4083,119,alpha=1.9
4084,82,alpha=1.9
4085,95,alpha=1.9
4086,89,alpha=1.9
4087,103,alpha=1.9
4088,78,alpha=1.9
4089,77,alpha=1.9
4090,120,alpha=1.9
4091,74,alpha=1.9
4092,92,alpha=1.9
4093,109,alpha=1.9
4094,89,alpha=1.9
4095,88,alpha=1.9
4096,100,alpha=1.9
4097,98,alpha=1.9
4098,111,alpha=1.9
4099,89,alpha=1.9
4100,82,alpha=1.9
4101,73,alpha=1.9
4102,82,alpha=1.9
4103,94,alpha=1.9
4104,101,alpha=1.9
4105,95,alpha=1.9
4106,106,alpha=1.9
4107,103,alpha=1.9
4108,95,alpha=1.9
4109,106,alpha=1.9
4110,74,alpha=1.9
4111,56,alpha=1.9
4112,77,alpha=1.9
4113,104,alpha=1.9
4114,75,alpha=1.9
4115,91,alpha=1.9
4116,104,alpha=1.9
4117,109,alpha=1.9
4118,108,alpha=1.9
4119,95,alpha=1.9
4120,95,alpha=1.9
4121,113,alpha=1.9
4122,89,alpha=1.9
4123,91,alpha=1.9
4124,105,alpha=1.9
4125,87,alpha=1.9
4126,107,alpha=1.9
4127,85,alpha=1.9
4128,84,alpha=1.9
4129,143,alpha=1.9
4130,113,alpha=1.9
4131,65,alpha=1.9
4132,96,alpha=1.9
4133,110,alpha=1.9
4134,106,alpha=1.9
4135,111,alpha=1.9
4136,83,alpha=1.9
4137,62,alpha=1.9
4138,101,alpha=1.9
4139,80,alpha=1.9
4140,92,alpha=1.9
4141,107,alpha=1.9
4142,95,alpha=1.9
4143,100,alpha=1.9
4144,100,alpha=1.9
4145,127,alpha=1.9
4146,91,alpha=1.9
4147,89,alpha=1.9
4148,90,alpha=1.9
4149,69,alpha=1.9
4150,84,alpha=1.9
4151,116,alpha=1.9
4152,71,alpha=1.9
4153,124,alpha=1.9
4154,76,alpha=1.9
4155,76,alpha=1.9
4156,97,alpha=1.9
4157,91,alpha=1.9
4158,68,alpha=1.9
4159,112,alpha=1.9
4160,94,alpha=1.9
4161,81,alpha=1.9
4162,68,alpha=1.9
4163,66,alpha=1.9
4164,79,alpha=1.9
4165,122,alpha=1.9
4166,103,alpha=1.9
4167,92,alpha=1.9
4168,91,alpha=1.9
4169,83,alpha=1.9
4170,85,alpha=1.9
4171,92,alpha=1.9
4172,76,alpha=1.9
4173,85,alpha=1.9
4174,92,alpha=1.9
4175,93,alpha=1.9
4176,111,alpha=1.9
4177,109,alpha=1.9
4178,96,alpha=1.9
4179,117,alpha=1.9
4180,113,alpha=1.9
4181,124,alpha=1.9
4182,99,alpha=1.9
4183,133,alpha=1.9
4184,88,alpha=1.9
4185,110,alpha=1.9
4186,80,alpha=1.9
4187,85,alpha=1.9
4188,102,alpha=1.9
4189,127,alpha=1.9
4190,104,alpha=1.9
4191,111,alpha=1.9
4192,98,alpha=1.9
4193,84,alpha=1.9
4194,70,alpha=1.9
4195,73,alpha=1.9
4196,102,alpha=1.9
4197,95,alpha=1.9
4198,98,alpha=1.9
4199,73,alpha=1.9
4200,105,alpha=1.9
4201,93,alpha=1.9
4202,114,alpha=1.9
4203,81,alpha=1.9
4204,111,alpha=1.9
4205,81,alpha=1.9
4206,79,alpha=1.9
4207,98,alpha=1.9
4208,77,alpha=1.9
4209,95,alpha=1.9
4210,90,alpha=1.9
4211,144,alpha=1.9
4212,95,alpha=1.9
4213,119,alpha=1.9
4214,98,alpha=1.9
4215,108,alpha=1.9
4216,82,alpha=1.9
4217,76,alpha=1.9
4218,106,alpha=1.9
4219,165,alpha=1.9
4220,106,alpha=1.9
4221,94,alpha=1.9
4222,96,alpha=1.9
4223,89,alpha=1.9
4224,167,alpha=1.9
4225,149,alpha=1.9
4226,88,alpha=1.9
4227,108,alpha=1.9
4228,88,alpha=1.9
4229,129,alpha=1.9
4230,93,alpha=1.9
4231,85,alpha=1.9
4232,89,alpha=1.9
4233,122,alpha=1.9
4234,88,alpha=1.9
4235,227,alpha=1.9
4236,134,alpha=1.9
4237,65,alpha=1.9
4238,97,alpha=1.9
4239,72,alpha=1.9
4240,104,alpha=1.9
4241,124,alpha=1.9
4242,71,alpha=1.9
4243,94,alpha=1.9
4244,109,alpha=1.9
4245,161,alpha=1.9
4246,74,alpha=1.9
4247,105,alpha=1.9
4248,94,alpha=1.9
4249,96,alpha=1.9
4250,90,alpha=1.9
4251,96,alpha=1.9
4252,103,alpha=1.9
4253,73,alpha=1.9
4254,77,alpha=1.9
4255,104,alpha=1.9
4256,102,alpha=1.9
4257,101,alpha=1.9
4258,87,alpha=1.9
4259,87,alpha=1.9
4260,112,alpha=1.9
4261,86,alpha=1.9
4262,114,alpha=1.9
4263,79,alpha=1.9
4264,101,alpha=1.9
4265,118,alpha=1.9
4266,101,alpha=1.9
4267,98,alpha=1.9
4268,112,alpha=1.9
4269,156,alpha=1.9
4270,131,alpha=1.9
4271,124,alpha=1.9
4272,98,alpha=1.9
4273,92,alpha=1.9
4274,82,alpha=1.9
4275,68,alpha=1.9
4276,95,alpha=1.9
4277,96,alpha=1.9
4278,96,alpha=1.9
4279,96,alpha=1.9
4280,117,alpha=1.9
4281,123,alpha=1.9
4282,119,alpha=1.9
4283,83,alpha=1.9
4284,132,alpha=1.9
4285,58,alpha=1.9
4286,79,alpha=1.9
4287,74,alpha=1.9
4288,106,alpha=1.9
4289,99,alpha=1.9
4290,89,alpha=1.9
4291,118,alpha=1.9
4292,86,alpha=1.9
4293,110,alpha=1.9
4294,73,alpha=1.9
4295,137,alpha=1.9
4296,87,alpha=1.9
4297,102,alpha=1.9
4298,91,alpha=1.9
4299,97,alpha=1.9
4300,78,alpha=1.9
4301,114,alpha=1.9
4302,73,alpha=1.9
4303,109,alpha=1.9
4304,112,alpha=1.9
4305,96,alpha=1.9
4306,92,alpha=1.9
4307,85,alpha=1.9
4308,49,alpha=1.9
4309,100,alpha=1.9
4310,93,alpha=1.9
4311,84,alpha=1.9
4312,71,alpha=1.9
4313,175,alpha=1.9
4314,99,alpha=1.9
4315,101,alpha=1.9
4316,102,alpha=1.9
4317,111,alpha=1.9
4318,78,alpha=1.9
4319,94,alpha=1.9
4320,90,alpha=1.9
4321,119,alpha=1.9
4322,81,alpha=1.9
4323,90,alpha=1.9
4324,134,alpha=1.9
4325,95,alpha=1.9
4326,104,alpha=1.9
4327,116,alpha=1.9
4328,92,alpha=1.9
4329,88,alpha=1.9
4330,146,alpha=1.9
4331,71,alpha=1.9
4332,179,alpha=1.9
4333,107,alpha=1.9
4334,113,alpha=1.9
4335,100,alpha=1.9
4336,71,alpha=1.9
4337,107,alpha=1.9
4338,113,alpha=1.9
4339,100,alpha=1.9
4340,115,alpha=1.9
4341,94,alpha=1.9
4342,111,alpha=1.9
4343,97,alpha=1.9
4344,88,alpha=1.9
4345,92,alpha=1.9
4346,84,alpha=1.9
4347,107,alpha=1.9
4348,138,alpha=1.9
4349,91,alpha=1.9
4350,126,alpha=1.9
4351,98,alpha=1.9
4352,126,alpha=1.9
4353,71,alpha=1.9
4354,113,alpha=1.9
4355,81,alpha=1.9
4356,105,alpha=1.9
4357,116,alpha=1.9
4358,97,alpha=1.9
4359,105,alpha=1.9
4360,130,alpha=1.9
4361,91,alpha=1.9
4362,78,alpha=1.9
4363,103,alpha=1.9
4364,99,alpha=1.9
4365,104,alpha=1.9
4366,105,alpha=1.9
4367,84,alpha=1.9
4368,124,alpha=1.9
4369,107,alpha=1.9
4370,100,alpha=1.9
4371,88,alpha=1.9
4372,95,alpha=1.9
4373,101,alpha=1.9
4374,130,alpha=1.9
4375,109,alpha=1.9
4376,71,alpha=1.9
4377,103,alpha=1.9
4378,79,alpha=1.9
4379,82,alpha=1.9
4380,80,alpha=1.9
4381,89,alpha=1.9
4382,107,alpha=1.9
4383,105,alpha=1.9
4384,96,alpha=1.9
4385,165,alpha=1.9
4386,97,alpha=1.9
4387,114,alpha=1.9
4388,77,alpha=1.9
4389,85,alpha=1.9
4390,87,alpha=1.9
4391,81,alpha=1.9
4392,95,alpha=1.9
4393,95,alpha=1.9
4394,100,alpha=1.9
4395,85,alpha=1.9
4396,103,alpha=1.9
4397,120,alpha=1.9
4398,82,alpha=1.9
4399,210,alpha=1.9
4400,93,alpha=1.9
4401,88,alpha=1.9
4402,96,alpha=1.9
4403,93,alpha=1.9
4404,110,alpha=1.9
4405,141,alpha=1.9
4406,126,alpha=1.9
4407,153,alpha=1.9
4408,88,alpha=1.9
4409,94,alpha=1.9
4410,101,alpha=1.9
4411,122,alpha=1.9
4412,77,alpha=1.9
4413,79,alpha=1.9
4414,82,alpha=1.9
4415,83,alpha=1.9
4416,96,alpha=1.9
4417,96,alpha=1.9
4418,104,alpha=1.9
4419,81,alpha=1.9
4420,85,alpha=1.9
4421,98,alpha=1.9
4422,84,alpha=1.9
4423,79,alpha=1.9
4424,90,alpha=1.9
4425,96,alpha=1.9
4426,91,alpha=1.9
4427,121,alpha=1.9
4428,66,alpha=1.9
4429,109,alpha=1.9
4430,96,alpha=1.9
4431,111,alpha=1.9
4432,127,alpha=1.9
4433,81,alpha=1.9
4434,100,alpha=1.9
4435,75,alpha=1.9
4436,75,alpha=1.9
4437,65,alpha=1.9
4438,97,alpha=1.9
4439,96,alpha=1.9
4440,89,alpha=1.9
4441,99,alpha=1.9
4442,96,alpha=1.9
4443,112,alpha=1.9
4444,89,alpha=1.9
4445,143,alpha=1.9
4446,116,alpha=1.9
4447,76,alpha=1.9
4448,86,alpha=1.9
4449,96,alpha=1.9
4450,99,alpha=1.9
4451,148,alpha=1.9
4452,90,alpha=1.9
4453,85,alpha=1.9
4454,96,alpha=1.9
4455,84,alpha=1.9
4456,106,alpha=1.9
4457,91,alpha=1.9
4458,95,alpha=1.9
4459,159,alpha=1.9
4460,161,alpha=1.9
4461,112,alpha=1.9
4462,82,alpha=1.9
4463,99,alpha=1.9
4464,85,alpha=1.9
4465,93,alpha=1.9
4466,106,alpha=1.9
4467,90,alpha=1.9
4468,106,alpha=1.9
4469,93,alpha=1.9
4470,73,alpha=1.9
4471,101,alpha=1.9
4472,77,alpha=1.9
4473,91,alpha=1.9
4474,148,alpha=1.9
4475,128,alpha=1.9
4476,91,alpha=1.9
4477,90,alpha=1.9
4478,99,alpha=1.9
4479,118,alpha=1.9
4480,112,alpha=1.9
4481,100,alpha=1.9
4482,96,alpha=1.9
4483,124,alpha=1.9
4484,105,alpha=1.9
4485,77,alpha=1.9
4486,91,alpha=1.9
4487,102,alpha=1.9
4488,92,alpha=1.9
4489,87,alpha=1.9
4490,99,alpha=1.9
4491,102,alpha=1.9
4492,151,alpha=1.9
4493,93,alpha=1.9
4494,112,alpha=1.9
4495,122,alpha=1.9
4496,114,alpha=1.9
4497,111,alpha=1.9
4498,102,alpha=1.9
4499,71,alpha=1.9
4500,113,alpha=1.9
4501,74,alpha=1.9
4502,116,alpha=1.9
4503,95,alpha=1.9
4504,128,alpha=1.9
4505,129,alpha=1.9
4506,99,alpha=1.9
4507,78,alpha=1.9
4508,96,alpha=1.9
4509,85,alpha=1.9
4510,100,alpha=1.9
4511,94,alpha=1.9
4512,78,alpha=1.9
4513,91,alpha=1.9
4514,105,alpha=1.9
4515,86,alpha=1.9
4516,91,alpha=1.9
4517,88,alpha=1.9
4518,73,alpha=1.9
4519,95,alpha=1.9
4520,97,alpha=1.9
4521,92,alpha=1.9
4522,90,alpha=1.9
4523,82,alpha=1.9
4524,100,alpha=1.9
4525,118,alpha=1.9
4526,79,alpha=1.9
4527,98,alpha=1.9
4528,125,alpha=1.9
4529,68,alpha=1.9
4530,91,alpha=1.9
4531,110,alpha=1.9
4532,88,alpha=1.9
4533,96,alpha=1.9
4534,92,alpha=1.9
4535,99,alpha=1.9
4536,70,alpha=1.9
4537,95,alpha=1.9
4538,107,alpha=1.9
4539,84,alpha=1.9
4540,74,alpha=1.9
4541,75,alpha=1.9
4542,82,alpha=1.9
4543,87,alpha=1.9
4544,102,alpha=1.9
4545,94,alpha=1.9
4546,88,alpha=1.9
4547,85,alpha=1.9
4548,107,alpha=1.9
4549,103,alpha=1.9
4550,103,alpha=1.9
4551,99,alpha=1.9
4552,88,alpha=1.9
4553,90,alpha=1.9
4554,81,alpha=1.9
4555,87,alpha=1.9
4556,104,alpha=1.9
4557,80,alpha=1.9
4558,77,alpha=1.9
4559,88,alpha=1.9
4560,95,alpha=1.9
4561,74,alpha=1.9
4562,107,alpha=1.9
4563,80,alpha=1.9
4564,138,alpha=1.9
4565,93,alpha=1.9
4566,104,alpha=1.9
4567,95,alpha=1.9
4568,143,alpha=1.9
4569,94,alpha=1.9
4570,72,alpha=1.9
4571,102,alpha=1.9
4572,112,alpha=1.9
4573,133,alpha=1.9
4574,127,alpha=1.9
4575,118,alpha=1.9
4576,145,alpha=1.9
4577,97,alpha=1.9
4578,78,alpha=1.9
4579,117,alpha=1.9
4580,85,alpha=1.9
4581,103,alpha=1.9
4582,105,alpha=1.9
4583,112,alpha=1.9
4584,97,alpha=1.9
4585,92,alpha=1.9
4586,92,alpha=1.9
4587,87,alpha=1.9
4588,107,alpha=1.9
4589,120,alpha=1.9
4590,76,alpha=1.9
4591,100,alpha=1.9
4592,91,alpha=1.9
4593,77,alpha=1.9
4594,78,alpha=1.9
4595,115,alpha=1.9
4596,95,alpha=1.9
4597,130,alpha=1.9
4598,82,alpha=1.9
4599,118,alpha=1.9
4600,73,alpha=1.9
4601,112,alpha=1.9
4602,79,alpha=1.9
4603,98,alpha=1.9
4604,92,alpha=1.9
4605,86,alpha=1.9
4606,111,alpha=1.9
4607,228,alpha=1.9
4608,80,alpha=1.9
4609,72,alpha=1.9
4610,102,alpha=1.9
4611,97,alpha=1.9
4612,114,alpha=1.9
4613,88,alpha=1.9
4614,118,alpha=1.9
4615,64,alpha=1.9
4616,99,alpha=1.9
4617,109,alpha=1.9
4618,82,alpha=1.9
4619,87,alpha=1.9
4620,100,alpha=1.9
4621,64,alpha=1.9
4622,66,alpha=1.9
4623,99,alpha=1.9
4624,96,alpha=1.9
4625,84,alpha=1.9
4626,104,alpha=1.9
4627,99,alpha=1.9
4628,98,alpha=1.9
4629,84,alpha=1.9
4630,73,alpha=1.9
4631,74,alpha=1.9
4632,77,alpha=1.9
4633,102,alpha=1.9
4634,72,alpha=1.9
4635,89,alpha=1.9
4636,103,alpha=1.9
4637,80,alpha=1.9
4638,139,alpha=1.9
4639,96,alpha=1.9
4640,79,alpha=1.9
4641,94,alpha=1.9
4642,86,alpha=1.9
4643,77,alpha=1.9
4644,94,alpha=1.9
4645,135,alpha=1.9
4646,95,alpha=1.9
4647,88,alpha=1.9
4648,123,alpha=1.9
4649,84,alpha=1.9
4650,91,alpha=1.9
4651,100,alpha=1.9
4652,107,alpha=1.9
4653,116,alpha=1.9
4654,99,alpha=1.9
4655,130,alpha=1.9
4656,103,alpha=1.9
4657,94,alpha=1.9
4658,80,alpha=1.9
4659,98,alpha=1.9
4660,96,alpha=1.9
4661,70,alpha=1.9
4662,67,alpha=1.9
4663,95,alpha=1.9
4664,124,alpha=1.9
4665,94,alpha=1.9
4666,98,alpha=1.9
4667,99,alpha=1.9
4668,98,alpha=1.9
4669,94,alpha=1.9
4670,72,alpha=1.9
4671,112,alpha=1.9
4672,73,alpha=1.9
4673,92,alpha=1.9
4674,139,alpha=1.9
4675,125,alpha=1.9
4676,208,alpha=1.9
4677,105,alpha=1.9
4678,95,alpha=1.9
4679,103,alpha=1.9
4680,89,alpha=1.9
4681,94,alpha=1.9
4682,106,alpha=1.9
4683,106,alpha=1.9
4684,86,alpha=1.9
4685,107,alpha=1.9
4686,66,alpha=1.9
4687,64,alpha=1.9
4688,109,alpha=1.9
4689,97,alpha=1.9
4690,77,alpha=1.9
4691,102,alpha=1.9
4692,83,alpha=1.9
4693,81,alpha=1.9
4694,99,alpha=1.9
4695,81,alpha=1.9
4696,104,alpha=1.9
4697,112,alpha=1.9
4698,108,alpha=1.9
4699,111,alpha=1.9
4700,95,alpha=1.9
4701,84,alpha=1.9
4702,115,alpha=1.9
4703,93,alpha=1.9
4704,89,alpha=1.9
4705,82,alpha=1.9
4706,74,alpha=1.9
4707,137,alpha=1.9
4708,106,alpha=1.9
4709,113,alpha=1.9
4710,68,alpha=1.9
4711,86,alpha=1.9
4712,87,alpha=1.9
4713,108,alpha=1.9
4714,59,alpha=1.9
4715,83,alpha=1.9
4716,87,alpha=1.9
4717,102,alpha=1.9
4718,99,alpha=1.9
4719,90,alpha=1.9
4720,87,alpha=1.9
4721,114,alpha=1.9
4722,78,alpha=1.9
4723,79,alpha=1.9
4724,78,alpha=1.9
4725,94,alpha=1.9
4726,153,alpha=1.9
4727,113,alpha=1.9
4728,72,alpha=1.9
4729,87,alpha=1.9
4730,72,alpha=1.9
4731,77,alpha=1.9
4732,110,alpha=1.9
4733,116,alpha=1.9
4734,167,alpha=1.9
4735,113,alpha=1.9
4736,101,alpha=1.9
4737,106,alpha=1.9
4738,105,alpha=1.9
4739,94,alpha=1.9
4740,141,alpha=1.9
4741,77,alpha=1.9
4742,95,alpha=1.9
4743,147,alpha=1.9
4744,96,alpha=1.9
4745,132,alpha=1.9
4746,62,alpha=1.9
4747,125,alpha=1.9
4748,85,alpha=1.9
4749,107,alpha=1.9
4750,85,alpha=1.9
4751,130,alpha=1.9
4752,103,alpha=1.9
4753,112,alpha=1.9
4754,78,alpha=1.9
4755,89,alpha=1.9
4756,112,alpha=1.9
4757,130,alpha=1.9
4758,94,alpha=1.9
4759,102,alpha=1.9
4760,91,alpha=1.9
4761,97,alpha=1.9
4762,79,alpha=1.9
4763,62,alpha=1.9
4764,83,alpha=1.9
4765,93,alpha=1.9
4766,105,alpha=1.9
4767,70,alpha=1.9
4768,102,alpha=1.9
4769,96,alpha=1.9
4770,92,alpha=1.9
4771,95,alpha=1.9
4772,140,alpha=1.9
4773,113,alpha=1.9
4774,104,alpha=1.9
4775,77,alpha=1.9
4776,91,alpha=1.9
4777,82,alpha=1.9
4778,99,alpha=1.9
4779,156,alpha=1.9
4780,154,alpha=1.9
4781,80,alpha=1.9
4782,86,alpha=1.9
4783,123,alpha=1.9
4784,80,alpha=1.9
4785,96,alpha=1.9
4786,112,alpha=1.9
4787,210,alpha=1.9
4788,78,alpha=1.9
4789,85,alpha=1.9
4790,90,alpha=1.9
4791,94,alpha=1.9
4792,106,alpha=1.9
4793,118,alpha=1.9
4794,86,alpha=1.9
4795,103,alpha=1.9
4796,97,alpha=1.9
4797,92,alpha=1.9
4798,98,alpha=1.9
4799,73,alpha=1.9
4800,78,alpha=1.9
4801,209,alpha=1.9
4802,110,alpha=1.9
4803,98,alpha=1.9
4804,106,alpha=1.9
4805,117,alpha=1.9
4806,106,alpha=1.9
4807,87,alpha=1.9
4808,127,alpha=1.9
4809,114,alpha=1.9
4810,90,alpha=1.9
4811,132,alpha=1.9
4812,101,alpha=1.9
4813,93,alpha=1.9
4814,84,alpha=1.9
4815,75,alpha=1.9
4816,92,alpha=1.9
4817,95,alpha=1.9
4818,78,alpha=1.9
4819,138,alpha=1.9
4820,113,alpha=1.9
4821,91,alpha=1.9
4822,75,alpha=1.9
4823,99,alpha=1.9
4824,118,alpha=1.9
4825,120,alpha=1.9
4826,93,alpha=1.9
4827,179,alpha=1.9
4828,97,alpha=1.9
4829,97,alpha=1.9
4830,135,alpha=1.9
4831,86,alpha=1.9
4832,121,alpha=1.9
4833,139,alpha=1.9
4834,136,alpha=1.9
4835,85,alpha=1.9
4836,142,alpha=1.9
4837,90,alpha=1.9
4838,116,alpha=1.9
4839,84,alpha=1.9
4840,115,alpha=1.9
4841,126,alpha=1.9
4842,96,alpha=1.9
4843,94,alpha=1.9
4844,86,alpha=1.9
4845,100,alpha=1.9
4846,81,alpha=1.9
4847,85,alpha=1.9
4848,93,alpha=1.9
4849,104,alpha=1.9
4850,99,alpha=1.9
4851,89,alpha=1.9
4852,106,alpha=1.9
4853,105,alpha=1.9
4854,119,alpha=1.9
4855,78,alpha=1.9
4856,88,alpha=1.9
4857,73,alpha=1.9
4858,102,alpha=1.9
4859,99,alpha=1.9
4860,127,alpha=1.9
4861,111,alpha=1.9
4862,154,alpha=1.9
4863,94,alpha=1.9
4864,110,alpha=1.9
4865,112,alpha=1.9
4866,107,alpha=1.9
4867,76,alpha=1.9
4868,87,alpha=1.9
4869,140,alpha=1.9
4870,83,alpha=1.9
4871,77,alpha=1.9
4872,86,alpha=1.9
4873,97,alpha=1.9
4874,74,alpha=1.9
4875,103,alpha=1.9
4876,86,alpha=1.9
4877,89,alpha=1.9
4878,105,alpha=1.9
4879,90,alpha=1.9
4880,106,alpha=1.9
4881,98,alpha=1.9
4882,102,alpha=1.9
4883,98,alpha=1.9
4884,90,alpha=1.9
4885,116,alpha=1.9
4886,94,alpha=1.9
4887,153,alpha=1.9
4888,117,alpha=1.9
4889,80,alpha=1.9
4890,110,alpha=1.9
4891,105,alpha=1.9
4892,133,alpha=1.9
4893,107,alpha=1.9
4894,78,alpha=1.9
4895,125,alpha=1.9
4896,73,alpha=1.9
4897,71,alpha=1.9
4898,110,alpha=1.9
4899,84,alpha=1.9
4900,72,alpha=1.9
4901,123,alpha=1.9
4902,104,alpha=1.9
4903,119,alpha=1.9
4904,95,alpha=1.9
4905,112,alpha=1.9
4906,101,alpha=1.9
4907,100,alpha=1.9
4908,112,alpha=1.9
4909,100,alpha=1.9
4910,122,alpha=1.9
4911,102,alpha=1.9
4912,96,alpha=1.9
4913,93,alpha=1.9
4914,104,alpha=1.9
4915,84,alpha=1.9
4916,83,alpha=1.9
4917,96,alpha=1.9
4918,103,alpha=1.9
4919,90,alpha=1.9
4920,107,alpha=1.9
4921,101,alpha=1.9
4922,68,alpha=1.9
4923,95,alpha=1.9
4924,94,alpha=1.9
4925,87,alpha=1.9
4926,91,alpha=1.9
4927,72,alpha=1.9
4928,74,alpha=1.9
4929,95,alpha=1.9
4930,87,alpha=1.9
4931,93,alpha=1.9
4932,108,alpha=1.9
4933,100,alpha=1.9
4934,105,alpha=1.9
4935,126,alpha=1.9
4936,95,alpha=1.9
4937,155,alpha=1.9
4938,67,alpha=1.9
4939,103,alpha=1.9
4940,119,alpha=1.9
4941,95,alpha=1.9
4942,201,alpha=1.9
4943,97,alpha=1.9
4944,101,alpha=1.9
4945,80,alpha=1.9
4946,87,alpha=1.9
4947,141,alpha=1.9
4948,116,alpha=1.9
4949,102,alpha=1.9
4950,89,alpha=1.9
4951,86,alpha=1.9
4952,97,alpha=1.9
4953,109,alpha=1.9
4954,115,alpha=1.9
4955,89,alpha=1.9
4956,83,alpha=1.9
4957,125,alpha=1.9
4958,113,alpha=1.9
4959,80,alpha=1.9
4960,100,alpha=1.9
4961,96,alpha=1.9
4962,88,alpha=1.9
4963,75,alpha=1.9
4964,89,alpha=1.9
4965,62,alpha=1.9
4966,80,alpha=1.9
4967,71,alpha=1.9
4968,83,alpha=1.9
4969,80,alpha=1.9
4970,89,alpha=1.9
4971,106,alpha=1.9
4972,130,alpha=1.9
4973,76,alpha=1.9
4974,112,alpha=1.9
4975,143,alpha=1.9
4976,97,alpha=1.9
4977,86,alpha=1.9
4978,109,alpha=1.9
4979,130,alpha=1.9
4980,103,alpha=1.9
4981,81,alpha=1.9
4982,113,alpha=1.9
4983,81,alpha=1.9
4984,81,alpha=1.9
4985,112,alpha=1.9
4986,92,alpha=1.9
4987,101,alpha=1.9
4988,114,alpha=1.9
4989,84,alpha=1.9
4990,100,alpha=1.9
4991,75,alpha=1.9
4992,71,alpha=1.9
4993,70,alpha=1.9
4994,93,alpha=1.9
4995,112,alpha=1.9
4996,102,alpha=1.9
4997,93,alpha=1.9
4998,90,alpha=1.9
4999,83,alpha=1.9
0,121,alpha=1.7
1,134,alpha=1.7
2,77,alpha=1.7
3,77,alpha=1.7
4,104,alpha=1.7
5,94,alpha=1.7
6,62,alpha=1.7
7,80,alpha=1.7
8,83,alpha=1.7
9,89,alpha=1.7
10,91,alpha=1.7
11,101,alpha=1.7
12,90,alpha=1.7
13,89,alpha=1.7
14,118,alpha=1.7
15,104,alpha=1.7
16,89,alpha=1.7
17,102,alpha=1.7
18,86,alpha=1.7
19,70,alpha=1.7
20,93,alpha=1.7
21,146,alpha=1.7
22,107,alpha=1.7
23,79,alpha=1.7
24,94,alpha=1.7
25,72,alpha=1.7
26,108,alpha=1.7
27,64,alpha=1.7
28,100,alpha=1.7
29,131,alpha=1.7
30,81,alpha=1.7
31,93,alpha=1.7
32,96,alpha=1.7
33,118,alpha=1.7
34,112,alpha=1.7
35,99,alpha=1.7
36,76,alpha=1.7
37,79,alpha=1.7
38,111,alpha=1.7
39,135,alpha=1.7
40,131,alpha=1.7
41,91,alpha=1.7
42,108,alpha=1.7
43,133,alpha=1.7
44,80,alpha=1.7
45,70,alpha=1.7
46,96,alpha=1.7
47,75,alpha=1.7
48,79,alpha=1.7
49,108,alpha=1.7
50,125,alpha=1.7
51,113,alpha=1.7
52,79,alpha=1.7
53,110,alpha=1.7
54,86,alpha=1.7
55,75,alpha=1.7
56,117,alpha=1.7
57,57,alpha=1.7
58,109,alpha=1.7
59,146,alpha=1.7
60,79,alpha=1.7
61,95,alpha=1.7
62,109,alpha=1.7
63,96,alpha=1.7
64,75,alpha=1.7
65,129,alpha=1.7
66,98,alpha=1.7
67,86,alpha=1.7
68,95,alpha=1.7
69,93,alpha=1.7
70,67,alpha=1.7
71,91,alpha=1.7
72,90,alpha=1.7
73,106,alpha=1.7
74,175,alpha=1.7
75,77,alpha=1.7
76,56,alpha=1.7
77,90,alpha=1.7
78,130,alpha=1.7
79,78,alpha=1.7
80,82,alpha=1.7
81,71,alpha=1.7
82,92,alpha=1.7
83,91,alpha=1.7
84,115,alpha=1.7
85,60,alpha=1.7
86,63,alpha=1.7
87,95,alpha=1.7
88,79,alpha=1.7
89,135,alpha=1.7
90,69,alpha=1.7
91,113,alpha=1.7
92,73,alpha=1.7
93,130,alpha=1.7
94,94,alpha=1.7
95,89,alpha=1.7
96,105,alpha=1.7
97,102,alpha=1.7
98,73,alpha=1.7
99,76,alpha=1.7
100,93,alpha=1.7
101,97,alpha=1.7
102,121,alpha=1.7
103,195,alpha=1.7
104,98,alpha=1.7
105,67,alpha=1.7
106,96,alpha=1.7
107,66,alpha=1.7
108,96,alpha=1.7
109,121,alpha=1.7
110,107,alpha=1.7
111,79,alpha=1.7
112,76,alpha=1.7
113,104,alpha=1.7
114,80,alpha=1.7
115,62,alpha=1.7
116,131,alpha=1.7
117,48,alpha=1.7
118,110,alpha=1.7
119,81,alpha=1.7
120,92,alpha=1.7
121,142,alpha=1.7
122,115,alpha=1.7
123,91,alpha=1.7
124,89,alpha=1.7
125,110,alpha=1.7
126,97,alpha=1.7
127,100,alpha=1.7
128,69,alpha=1.7
129,49,alpha=1.7
130,71,alpha=1.7
131,92,alpha=1.7
132,87,alpha=1.7
133,89,alpha=1.7
134,76,alpha=1.7
135,91,alpha=1.7
136,125,alpha=1.7
137,67,alpha=1.7
138,105,alpha=1.7
139,91,alpha=1.7
140,148,alpha=1.7
141,80,alpha=1.7
142,127,alpha=1.7
143,91,alpha=1.7
144,68,alpha=1.7
145,77,alpha=1.7
146,105,alpha=1.7
147,162,alpha=1.7
148,81,alpha=1.7
149,63,alpha=1.7
150,109,alpha=1.7
151,74,alpha=1.7
152,86,alpha=1.7
153,66,alpha=1.7
154,65,alpha=1.7
155,76,alpha=1.7
156,122,alpha=1.7
157,86,alpha=1.7
158,97,alpha=1.7
159,61,alpha=1.7
160,96,alpha=1.7
161,134,alpha=1.7
162,114,alpha=1.7
163,158,alpha=1.7
164,128,alpha=1.7
165,86,alpha=1.7
166,64,alpha=1.7
167,94,alpha=1.7
168,121,alpha=1.7
169,95,alpha=1.7
170,97,alpha=1.7
171,124,alpha=1.7
172,103,alpha=1.7
173,76,alpha=1.7
174,89,alpha=1.7
175,103,alpha=1.7
176,90,alpha=1.7
177,91,alpha=1.7
178,75,alpha=1.7
179,104,alpha=1.7
180,83,alpha=1.7
181,76,alpha=1.7
182,74,alpha=1.7
183,93,alpha=1.7
184,65,alpha=1.7
185,75,alpha=1.7
186,79,alpha=1.7
187,84,alpha=1.7
188,84,alpha=1.7
189,84,alpha=1.7
190,90,alpha=1.7
191,166,alpha=1.7
192,172,alpha=1.7
193,82,alpha=1.7
194,114,alpha=1.7
195,84,alpha=1.7
196,90,alpha=1.7
197,116,alpha=1.7
198,117,alpha=1.7
199,68,alpha=1.7
200,87,alpha=1.7
201,89,alpha=1.7
202,141,alpha=1.7
203,85,alpha=1.7
204,84,alpha=1.7
205,219,alpha=1.7
206,87,alpha=1.7
207,82,alpha=1.7
208,119,alpha=1.7
209,90,alpha=1.7
210,58,alpha=1.7
211,141,alpha=1.7
212,90,alpha=1.7
213,83,alpha=1.7
214,99,alpha=1.7
215,62,alpha=1.7
216,128,alpha=1.7
217,99,alpha=1.7
218,96,alpha=1.7
219,93,alpha=1.7
220,103,alpha=1.7
221,105,alpha=1.7
222,90,alpha=1.7
223,67,alpha=1.7
224,63,alpha=1.7
225,67,alpha=1.7
226,142,alpha=1.7
227,92,alpha=1.7
228,78,alpha=1.7
229,83,alpha=1.7
230,93,alpha=1.7
231,147,alpha=1.7
232,70,alpha=1.7
233,95,alpha=1.7
234,103,alpha=1.7
235,114,alpha=1.7
236,71,alpha=1.7
237,197,alpha=1.7
238,91,alpha=1.7
239,131,alpha=1.7
240,107,alpha=1.7
241,89,alpha=1.7
242,100,alpha=1.7
243,130,alpha=1.7
244,65,alpha=1.7
245,105,alpha=1.7
246,74,alpha=1.7
247,114,alpha=1.7
248,79,alpha=1.7
249,123,alpha=1.7
250,64,alpha=1.7
251,516,alpha=1.7
252,127,alpha=1.7
253,74,alpha=1.7
254,106,alpha=1.7
255,123,alpha=1.7
256,85,alpha=1.7
257,91,alpha=1.7
258,98,alpha=1.7
259,140,alpha=1.7
260,90,alpha=1.7
261,112,alpha=1.7
262,102,alpha=1.7
263,92,alpha=1.7
264,85,alpha=1.7
265,90,alpha=1.7
266,119,alpha=1.7
267,85,alpha=1.7
268,90,alpha=1.7
269,91,alpha=1.7
270,124,alpha=1.7
271,105,alpha=1.7
272,90,alpha=1.7
273,273,alpha=1.7
274,85,alpha=1.7
275,120,alpha=1.7
276,98,alpha=1.7
277,96,alpha=1.7
278,71,alpha=1.7
279,105,alpha=1.7
280,80,alpha=1.7
281,80,alpha=1.7
282,83,alpha=1.7
283,87,alpha=1.7
284,117,alpha=1.7
285,114,alpha=1.7
286,136,alpha=1.7
287,93,alpha=1.7
288,84,alpha=1.7
289,71,alpha=1.7
290,86,alpha=1.7
291,208,alpha=1.7
292,78,alpha=1.7
293,123,alpha=1.7
294,62,alpha=1.7
295,85,alpha=1.7
296,98,alpha=1.7
297,115,alpha=1.7
298,77,alpha=1.7
299,132,alpha=1.7
300,117,alpha=1.7
301,80,alpha=1.7
302,63,alpha=1.7
303,74,alpha=1.7
304,140,alpha=1.7
305,93,alpha=1.7
306,71,alpha=1.7
307,74,alpha=1.7
308,99,alpha=1.7
309,86,alpha=1.7
310,92,alpha=1.7
311,78,alpha=1.7
312,86,alpha=1.7
313,94,alpha=1.7
314,72,alpha=1.7
315,134,alpha=1.7
316,107,alpha=1.7
317,67,alpha=1.7
318,51,alpha=1.7
319,68,alpha=1.7
320,98,alpha=1.7
321,114,alpha=1.7
322,89,alpha=1.7
323,68,alpha=1.7
324,93,alpha=1.7
325,80,alpha=1.7
326,79,alpha=1.7
327,81,alpha=1.7
328,95,alpha=1.7
329,86,alpha=1.7
330,83,alpha=1.7
331,78,alpha=1.7
332,110,alpha=1.7
333,101,alpha=1.7
334,81,alpha=1.7
335,128,alpha=1.7
336,77,alpha=1.7
337,95,alpha=1.7
338,77,alpha=1.7
339,98,alpha=1.7
340,87,alpha=1.7
341,107,alpha=1.7
342,116,alpha=1.7
343,93,alpha=1.7
344,93,alpha=1.7
345,107,alpha=1.7
346,101,alpha=1.7
347,61,alpha=1.7
348,96,alpha=1.7
349,98,alpha=1.7
350,72,alpha=1.7
351,121,alpha=1.7
352,80,alpha=1.7
353,88,alpha=1.7
354,77,alpha=1.7
355,86,alpha=1.7
356,93,alpha=1.7
357,111,alpha=1.7
358,135,alpha=1.7
359,93,alpha=1.7
360,97,alpha=1.7
361,181,alpha=1.7
362,146,alpha=1.7
363,148,alpha=1.7
364,105,alpha=1.7
365,111,alpha=1.7
366,120,alpha=1.7
367,88,alpha=1.7
368,86,alpha=1.7
369,121,alpha=1.7
370,68,alpha=1.7
371,92,alpha=1.7
372,62,alpha=1.7
373,127,alpha=1.7
374,82,alpha=1.7
375,117,alpha=1.7
376,73,alpha=1.7
377,94,alpha=1.7
378,123,alpha=1.7
379,72,alpha=1.7
380,90,alpha=1.7
381,82,alpha=1.7
382,101,alpha=1.7
383,68,alpha=1.7
384,143,alpha=1.7
385,75,alpha=1.7
386,113,alpha=1.7
387,93,alpha=1.7
388,96,alpha=1.7
389,70,alpha=1.7
390,98,alpha=1.7
391,102,alpha=1.7
392,97,alpha=1.7
393,89,alpha=1.7
394,96,alpha=1.7
395,116,alpha=1.7
396,84,alpha=1.7
397,99,alpha=1.7
398,77,alpha=1.7
399,66,alpha=1.7
400,111,alpha=1.7
401,106,alpha=1.7
402,94,alpha=1.7
403,128,alpha=1.7
404,96,alpha=1.7
405,81,alpha=1.7
406,77,alpha=1.7
407,98,alpha=1.7
408,66,alpha=1.7
409,79,alpha=1.7
410,90,alpha=1.7
411,85,alpha=1.7
412,77,alpha=1.7
413,128,alpha=1.7
414,120,alpha=1.7
415,112,alpha=1.7
416,77,alpha=1.7
417,97,alpha=1.7
418,91,alpha=1.7
419,93,alpha=1.7
420,122,alpha=1.7
421,111,alpha=1.7
422,139,alpha=1.7
423,82,alpha=1.7
424,106,alpha=1.7
425,99,alpha=1.7
426,131,alpha=1.7
427,75,alpha=1.7
428,103,alpha=1.7
429,65,alpha=1.7
430,129,alpha=1.7
431,113,alpha=1.7
432,93,alpha=1.7
433,74,alpha=1.7
434,98,alpha=1.7
435,84,alpha=1.7
436,112,alpha=1.7
437,91,alpha=1.7
438,93,alpha=1.7
439,86,alpha=1.7
440,68,alpha=1.7
441,95,alpha=1.7
442,127,alpha=1.7
443,87,alpha=1.7
444,93,alpha=1.7
445,85,alpha=1.7
446,64,alpha=1.7
447,98,alpha=1.7
448,251,alpha=1.7
449,79,alpha=1.7
450,92,alpha=1.7
451,91,alpha=1.7
452,120,alpha=1.7
453,97,alpha=1.7
454,92,alpha=1.7
455,142,alpha=1.7
456,78,alpha=1.7
457,135,alpha=1.7
458,60,alpha=1.7
459,76,alpha=1.7
460,83,alpha=1.7
461,103,alpha=1.7
462,85,alpha=1.7
463,86,alpha=1.7
464,85,alpha=1.7
465,88,alpha=1.7
466,192,alpha=1.7
467,165,alpha=1.7
468,107,alpha=1.7
469,126,alpha=1.7
470,74,alpha=1.7
471,80,alpha=1.7
472,74,alpha=1.7
473,114,alpha=1.7
474,83,alpha=1.7
475,93,alpha=1.7
476,94,alpha=1.7
477,80,alpha=1.7
478,99,alpha=1.7
479,98,alpha=1.7
480,119,alpha=1.7
481,93,alpha=1.7
482,100,alpha=1.7
483,118,alpha=1.7
484,112,alpha=1.7
485,102,alpha=1.7
486,147,alpha=1.7
487,113,alpha=1.7
488,107,alpha=1.7
489,71,alpha=1.7
490,95,alpha=1.7
491,98,alpha=1.7
492,74,alpha=1.7
493,126,alpha=1.7
494,110,alpha=1.7
495,110,alpha=1.7
496,69,alpha=1.7
497,104,alpha=1.7
498,106,alpha=1.7
499,83,alpha=1.7
500,75,alpha=1.7
501,102,alpha=1.7
502,194,alpha=1.7
503,95,alpha=1.7
504,127,alpha=1.7
505,88,alpha=1.7
506,77,alpha=1.7
507,96,alpha=1.7
508,89,alpha=1.7
509,104,alpha=1.7
510,86,alpha=1.7
511,86,alpha=1.7
512,120,alpha=1.7
513,101,alpha=1.7
514,93,alpha=1.7
515,106,alpha=1.7
516,81,alpha=1.7
517,102,alpha=1.7
518,90,alpha=1.7
519,134,alpha=1.7
520,68,alpha=1.7
521,142,alpha=1.7
522,145,alpha=1.7
523,84,alpha=1.7
524,81,alpha=1.7
525,101,alpha=1.7
526,114,alpha=1.7
527,109,alpha=1.7
528,65,alpha=1.7
529,87,alpha=1.7
530,108,alpha=1.7
531,109,alpha=1.7
532,99,alpha=1.7
533,114,alpha=1.7
534,111,alpha=1.7
535,98,alpha=1.7
536,98,alpha=1.7
537,95,alpha=1.7
538,140,alpha=1.7
539,105,alpha=1.7
540,99,alpha=1.7
541,96,alpha=1.7
542,98,alpha=1.7
543,86,alpha=1.7
544,121,alpha=1.7
545,75,alpha=1.7
546,108,alpha=1.7
547,129,alpha=1.7
548,128,alpha=1.7
549,131,alpha=1.7
550,101,alpha=1.7
551,94,alpha=1.7
552,59,alpha=1.7
553,109,alpha=1.7
554,93,alpha=1.7
555,65,alpha=1.7
556,133,alpha=1.7
557,162,alpha=1.7
558,103,alpha=1.7
559,103,alpha=1.7
560,69,alpha=1.7
561,119,alpha=1.7
562,117,alpha=1.7
563,129,alpha=1.7
564,74,alpha=1.7
565,100,alpha=1.7
566,83,alpha=1.7
567,60,alpha=1.7
568,115,alpha=1.7
569,244,alpha=1.7
570,109,alpha=1.7
571,97,alpha=1.7
572,83,alpha=1.7
573,110,alpha=1.7
574,87,alpha=1.7
575,111,alpha=1.7
576,80,alpha=1.7
577,74,alpha=1.7
578,77,alpha=1.7
579,81,alpha=1.7
580,65,alpha=1.7
581,83,alpha=1.7
582,83,alpha=1.7
583,93,alpha=1.7
584,114,alpha=1.7
585,101,alpha=1.7
586,91,alpha=1.7
587,72,alpha=1.7
588,85,alpha=1.7
589,92,alpha=1.7
590,87,alpha=1.7
591,98,alpha=1.7
592,81,alpha=1.7
593,114,alpha=1.7
594,100,alpha=1.7
595,95,alpha=1.7
596,97,alpha=1.7
597,92,alpha=1.7
598,89,alpha=1.7
599,110,alpha=1.7
600,95,alpha=1.7
601,76,alpha=1.7
602,112,alpha=1.7
603,116,alpha=1.7
604,97,alpha=1.7
605,108,alpha=1.7
606,110,alpha=1.7
607,77,alpha=1.7
608,78,alpha=1.7
609,121,alpha=1.7
610,86,alpha=1.7
611,89,alpha=1.7
612,212,alpha=1.7
613,83,alpha=1.7
614,101,alpha=1.7
615,69,alpha=1.7
616,65,alpha=1.7
617,122,alpha=1.7
618,79,alpha=1.7
619,87,alpha=1.7
620,97,alpha=1.7
621,169,alpha=1.7
622,99,alpha=1.7
623,85,alpha=1.7
624,85,alpha=1.7
625,101,alpha=1.7
626,61,alpha=1.7
627,66,alpha=1.7
628,74,alpha=1.7
629,121,alpha=1.7
630,86,alpha=1.7
631,67,alpha=1.7
632,106,alpha=1.7
633,76,alpha=1.7
634,79,alpha=1.7
635,66,alpha=1.7
636,74,alpha=1.7
637,85,alpha=1.7
638,105,alpha=1.7
639,105,alpha=1.7
640,96,alpha=1.7
641,119,alpha=1.7
642,101,alpha=1.7
643,50,alpha=1.7
644,174,alpha=1.7
645,84,alpha=1.7
646,99,alpha=1.7
647,79,alpha=1.7
648,87,alpha=1.7
649,81,alpha=1.7
650,93,alpha=1.7
651,112,alpha=1.7
652,106,alpha=1.7
653,73,alpha=1.7
654,121,alpha=1.7
655,117,alpha=1.7
656,94,alpha=1.7
657,99,alpha=1.7
658,84,alpha=1.7
659,128,alpha=1.7
660,85,alpha=1.7
661,89,alpha=1.7
662,112,alpha=1.7
663,117,alpha=1.7
664,80,alpha=1.7
665,71,alpha=1.7
666,79,alpha=1.7
667,101,alpha=1.7
668,87,alpha=1.7
669,74,alpha=1.7
670,75,alpha=1.7
671,95,alpha=1.7
672,120,alpha=1.7
673,99,alpha=1.7
674,73,alpha=1.7
675,71,alpha=1.7
676,88,alpha=1.7
677,76,alpha=1.7
678,89,alpha=1.7
679,78,alpha=1.7
680,127,alpha=1.7
681,102,alpha=1.7
682,115,alpha=1.7
683,87,alpha=1.7
684,91,alpha=1.7
685,91,alpha=1.7
686,76,alpha=1.7
687,336,alpha=1.7
688,125,alpha=1.7
689,97,alpha=1.7
690,94,alpha=1.7
691,85,alpha=1.7
692,52,alpha=1.7
693,172,alpha=1.7
694,84,alpha=1.7
695,94,alpha=1.7
696,55,alpha=1.7
697,62,alpha=1.7
698,113,alpha=1.7
699,112,alpha=1.7
700,79,alpha=1.7
701,124,alpha=1.7
702,92,alpha=1.7
703,92,alpha=1.7
704,125,alpha=1.7
705,160,alpha=1.7
706,106,alpha=1.7
707,102,alpha=1.7
708,81,alpha=1.7
709,94,alpha=1.7
710,121,alpha=1.7
711,101,alpha=1.7
712,70,alpha=1.7
713,85,alpha=1.7
714,109,alpha=1.7
715,96,alpha=1.7
716,84,alpha=1.7
717,87,alpha=1.7
718,100,alpha=1.7
719,112,alpha=1.7
720,77,alpha=1.7
721,108,alpha=1.7
722,71,alpha=1.7
723,110,alpha=1.7
724,86,alpha=1.7
725,96,alpha=1.7
726,91,alpha=1.7
727,85,alpha=1.7
728,102,alpha=1.7
729,72,alpha=1.7
730,97,alpha=1.7
731,75,alpha=1.7
732,77,alpha=1.7
733,136,alpha=1.7
734,128,alpha=1.7
735,84,alpha=1.7
736,112,alpha=1.7
737,95,alpha=1.7
738,98,alpha=1.7
739,96,alpha=1.7
740,68,alpha=1.7
741,113,alpha=1.7
742,119,alpha=1.7
743,81,alpha=1.7
744,96,alpha=1.7
745,96,alpha=1.7
746,77,alpha=1.7
747,81,alpha=1.7
748,112,alpha=1.7
749,108,alpha=1.7
750,111,alpha=1.7
751,98,alpha=1.7
752,113,alpha=1.7
753,88,alpha=1.7
754,118,alpha=1.7
755,116,alpha=1.7
756,53,alpha=1.7
757,74,alpha=1.7
758,96,alpha=1.7
759,117,alpha=1.7
760,143,alpha=1.7
761,81,alpha=1.7
762,92,alpha=1.7
763,60,alpha=1.7
764,141,alpha=1.7
765,781,alpha=1.7
766,103,alpha=1.7
767,113,alpha=1.7
768,114,alpha=1.7
769,102,alpha=1.7
770,114,alpha=1.7
771,92,alpha=1.7
772,102,alpha=1.7
773,95,alpha=1.7
774,114,alpha=1.7
775,123,alpha=1.7
776,103,alpha=1.7
777,70,alpha=1.7
778,137,alpha=1.7
779,82,alpha=1.7
780,101,alpha=1.7
781,108,alpha=1.7
782,92,alpha=1.7
783,85,alpha=1.7
784,137,alpha=1.7
785,72,alpha=1.7
786,84,alpha=1.7
787,151,alpha=1.7
788,129,alpha=1.7
789,97,alpha=1.7
790,79,alpha=1.7
791,101,alpha=1.7
792,50,alpha=1.7
793,77,alpha=1.7
794,110,alpha=1.7
795,96,alpha=1.7
796,115,alpha=1.7
797,105,alpha=1.7
798,89,alpha=1.7
799,86,alpha=1.7
800,80,alpha=1.7
801,73,alpha=1.7
802,89,alpha=1.7
803,98,alpha=1.7
804,81,alpha=1.7
805,100,alpha=1.7
806,100,alpha=1.7
807,89,alpha=1.7
808,164,alpha=1.7
809,150,alpha=1.7
810,72,alpha=1.7
811,112,alpha=1.7
812,86,alpha=1.7
813,111,alpha=1.7
814,137,alpha=1.7
815,101,alpha=1.7
816,92,alpha=1.7
817,124,alpha=1.7
818,71,alpha=1.7
819,82,alpha=1.7
820,129,alpha=1.7
821,204,alpha=1.7
822,137,alpha=1.7
823,71,alpha=1.7
824,71,alpha=1.7
825,63,alpha=1.7
826,186,alpha=1.7
827,112,alpha=1.7
828,85,alpha=1.7
829,116,alpha=1.7
830,105,alpha=1.7
831,96,alpha=1.7
832,64,alpha=1.7
833,82,alpha=1.7
834,83,alpha=1.7
835,69,alpha=1.7
836,108,alpha=1.7
837,86,alpha=1.7
838,72,alpha=1.7
839,97,alpha=1.7
840,99,alpha=1.7
841,129,alpha=1.7
842,74,alpha=1.7
843,139,alpha=1.7
844,124,alpha=1.7
845,75,alpha=1.7
846,80,alpha=1.7
847,100,alpha=1.7
848,114,alpha=1.7
849,79,alpha=1.7
850,103,alpha=1.7
851,108,alpha=1.7
852,127,alpha=1.7
853,88,alpha=1.7
854,96,alpha=1.7
855,93,alpha=1.7
856,76,alpha=1.7
857,84,alpha=1.7
858,92,alpha=1.7
859,79,alpha=1.7
860,83,alpha=1.7
861,124,alpha=1.7
862,95,alpha=1.7
863,144,alpha=1.7
864,96,alpha=1.7
865,71,alpha=1.7
866,104,alpha=1.7
867,84,alpha=1.7
868,90,alpha=1.7
869,94,alpha=1.7
870,87,alpha=1.7
871,67,alpha=1.7
872,63,alpha=1.7
873,115,alpha=1.7
874,120,alpha=1.7
875,108,alpha=1.7
876,61,alpha=1.7
877,90,alpha=1.7
878,57,alpha=1.7
879,886,alpha=1.7
880,93,alpha=1.7
881,92,alpha=1.7
882,77,alpha=1.7
883,96,alpha=1.7
884,85,alpha=1.7
885,137,alpha=1.7
886,89,alpha=1.7
887,102,alpha=1.7
888,97,alpha=1.7
889,75,alpha=1.7
890,86,alpha=1.7
891,77,alpha=1.7
892,106,alpha=1.7
893,97,alpha=1.7
894,103,alpha=1.7
895,76,alpha=1.7
896,102,alpha=1.7
897,371,alpha=1.7
898,101,alpha=1.7
899,194,alpha=1.7
900,103,alpha=1.7
901,114,alpha=1.7
902,63,alpha=1.7
903,74,alpha=1.7
904,131,alpha=1.7
905,149,alpha=1.7
906,144,alpha=1.7
907,90,alpha=1.7
908,81,alpha=1.7
909,89,alpha=1.7
910,95,alpha=1.7
911,154,alpha=1.7
912,122,alpha=1.7
913,99,alpha=1.7
914,81,alpha=1.7
915,154,alpha=1.7
916,98,alpha=1.7
917,168,alpha=1.7
918,73,alpha=1.7
919,73,alpha=1.7
920,98,alpha=1.7
921,94,alpha=1.7
922,84,alpha=1.7
923,105,alpha=1.7
924,118,alpha=1.7
925,71,alpha=1.7
926,79,alpha=1.7
927,182,alpha=1.7
928,84,alpha=1.7
929,87,alpha=1.7
930,116,alpha=1.7
931,95,alpha=1.7
932,83,alpha=1.7
933,128,alpha=1.7
934,83,alpha=1.7
935,99,alpha=1.7
936,102,alpha=1.7
937,97,alpha=1.7
938,104,alpha=1.7
939,88,alpha=1.7
940,113,alpha=1.7
941,109,alpha=1.7
942,74,alpha=1.7
943,89,alpha=1.7
944,177,alpha=1.7
945,89,alpha=1.7
946,154,alpha=1.7
947,90,alpha=1.7
948,78,alpha=1.7
949,95,alpha=1.7
950,100,alpha=1.7
951,89,alpha=1.7
952,65,alpha=1.7
953,77,alpha=1.7
954,89,alpha=1.7
955,96,alpha=1.7
956,77,alpha=1.7
957,95,alpha=1.7
958,104,alpha=1.7
959,95,alpha=1.7
960,148,alpha=1.7
961,88,alpha=1.7
962,115,alpha=1.7
963,80,alpha=1.7
964,79,alpha=1.7
965,75,alpha=1.7
966,86,alpha=1.7
967,69,alpha=1.7
968,119,alpha=1.7
969,86,alpha=1.7
970,92,alpha=1.7
971,102,alpha=1.7
972,90,alpha=1.7
973,117,alpha=1.7
974,83,alpha=1.7
975,128,alpha=1.7
976,103,alpha=1.7
977,98,alpha=1.7
978,105,alpha=1.7
979,122,alpha=1.7
980,111,alpha=1.7
981,96,alpha=1.7
982,109,alpha=1.7
983,91,alpha=1.7
984,112,alpha=1.7
985,115,alpha=1.7
986,92,alpha=1.7
987,78,alpha=1.7
988,76,alpha=1.7
989,121,alpha=1.7
990,103,alpha=1.7
991,193,alpha=1.7
992,104,alpha=1.7
993,110,alpha=1.7
994,79,alpha=1.7
995,85,alpha=1.7
996,86,alpha=1.7
997,118,alpha=1.7
998,117,alpha=1.7
999,130,alpha=1.7
1000,159,alpha=1.7
1001,87,alpha=1.7
1002,96,alpha=1.7
1003,99,alpha=1.7
1004,90,alpha=1.7
1005,80,alpha=1.7
1006,114,alpha=1.7
1007,135,alpha=1.7
1008,119,alpha=1.7
1009,76,alpha=1.7
1010,71,alpha=1.7
1011,93,alpha=1.7
1012,108,alpha=1.7
1013,124,alpha=1.7
1014,226,alpha=1.7
1015,101,alpha=1.7
1016,129,alpha=1.7
1017,73,alpha=1.7
1018,76,alpha=1.7
1019,130,alpha=1.7
1020,112,alpha=1.7
1021,89,alpha=1.7
1022,91,alpha=1.7
1023,87,alpha=1.7
1024,100,alpha=1.7
1025,96,alpha=1.7
1026,75,alpha=1.7
1027,93,alpha=1.7
1028,72,alpha=1.7
1029,123,alpha=1.7
1030,72,alpha=1.7
1031,130,alpha=1.7
1032,83,alpha=1.7
1033,77,alpha=1.7
1034,99,alpha=1.7
1035,131,alpha=1.7
1036,115,alpha=1.7
1037,159,alpha=1.7
1038,102,alpha=1.7
1039,124,alpha=1.7
1040,76,alpha=1.7
1041,122,alpha=1.7
1042,71,alpha=1.7
1043,102,alpha=1.7
1044,98,alpha=1.7
1045,125,alpha=1.7
1046,96,alpha=1.7
1047,101,alpha=1.7
1048,64,alpha=1.7
1049,98,alpha=1.7
1050,109,alpha=1.7
1051,93,alpha=1.7
1052,107,alpha=1.7
1053,97,alpha=1.7
1054,86,alpha=1.7
1055,116,alpha=1.7
1056,81,alpha=1.7
1057,67,alpha=1.7
1058,134,alpha=1.7
1059,105,alpha=1.7
1060,77,alpha=1.7
1061,125,alpha=1.7
1062,112,alpha=1.7
1063,97,alpha=1.7
1064,120,alpha=1.7
1065,79,alpha=1.7
1066,97,alpha=1.7
1067,117,alpha=1.7
1068,104,alpha=1.7
1069,82,alpha=1.7
1070,76,alpha=1.7
1071,108,alpha=1.7
1072,82,alpha=1.7
1073,232,alpha=1.7
1074,97,alpha=1.7
1075,78,alpha=1.7
1076,84,alpha=1.7
1077,106,alpha=1.7
1078,79,alpha=1.7
1079,79,alpha=1.7
1080,81,alpha=1.7
1081,104,alpha=1.7
1082,78,alpha=1.7
1083,131,alpha=1.7
1084,84,alpha=1.7
1085,102,alpha=1.7
1086,64,alpha=1.7
1087,68,alpha=1.7
1088,54,alpha=1.7
1089,76,alpha=1.7
1090,84,alpha=1.7
1091,107,alpha=1.7
1092,90,alpha=1.7
1093,106,alpha=1.7
1094,77,alpha=1.7
1095,79,alpha=1.7
1096,133,alpha=1.7
1097,87,alpha=1.7
1098,67,alpha=1.7
1099,98,alpha=1.7
1100,85,alpha=1.7
1101,86,alpha=1.7
1102,114,alpha=1.7
1103,55,alpha=1.7
1104,88,alpha=1.7
1105,92,alpha=1.7
1106,87,alpha=1.7
1107,102,alpha=1.7
1108,132,alpha=1.7
1109,142,alpha=1.7
1110,77,alpha=1.7
1111,86,alpha=1.7
1112,96,alpha=1.7
1113,70,alpha=1.7
1114,90,alpha=1.7
1115,80,alpha=1.7
1116,119,alpha=1.7
1117,72,alpha=1.7
1118,118,alpha=1.7
1119,121,alpha=1.7
1120,83,alpha=1.7
1121,106,alpha=1.7
1122,115,alpha=1.7
1123,95,alpha=1.7
1124,96,alpha=1.7
1125,67,alpha=1.7
1126,55,alpha=1.7
1127,89,alpha=1.7
1128,332,alpha=1.7
1129,94,alpha=1.7
1130,100,alpha=1.7
1131,102,alpha=1.7
1132,90,alpha=1.7
1133,88,alpha=1.7
1134,117,alpha=1.7
1135,90,alpha=1.7
1136,112,alpha=1.7
1137,130,alpha=1.7
1138,103,alpha=1.7
1139,114,alpha=1.7
1140,96,alpha=1.7
1141,86,alpha=1.7
1142,155,alpha=1.7
1143,77,alpha=1.7
1144,105,alpha=1.7
1145,60,alpha=1.7
1146,108,alpha=1.7
1147,95,alpha=1.7
1148,83,alpha=1.7
1149,85,alpha=1.7
1150,128,alpha=1.7
1151,71,alpha=1.7
1152,87,alpha=1.7
1153,81,alpha=1.7
1154,161,alpha=1.7
1155,72,alpha=1.7
1156,177,alpha=1.7
1157,77,alpha=1.7
1158,81,alpha=1.7
1159,81,alpha=1.7
1160,98,alpha=1.7
1161,105,alpha=1.7
1162,134,alpha=1.7
1163,100,alpha=1.7
1164,93,alpha=1.7
1165,73,alpha=1.7
1166,80,alpha=1.7
1167,79,alpha=1.7
1168,122,alpha=1.7
1169,83,alpha=1.7
1170,139,alpha=1.7
1171,56,alpha=1.7
1172,89,alpha=1.7
1173,121,alpha=1.7
1174,94,alpha=1.7
1175,102,alpha=1.7
1176,87,alpha=1.7
1177,156,alpha=1.7
1178,116,alpha=1.7
1179,83,alpha=1.7
1180,71,alpha=1.7
1181,99,alpha=1.7
1182,95,alpha=1.7
1183,107,alpha=1.7
1184,114,alpha=1.7
1185,109,alpha=1.7
1186,60,alpha=1.7
1187,88,alpha=1.7
1188,123,alpha=1.7
1189,97,alpha=1.7
1190,127,alpha=1.7
1191,257,alpha=1.7
1192,128,alpha=1.7
1193,92,alpha=1.7
1194,72,alpha=1.7
1195,72,alpha=1.7
1196,140,alpha=1.7
1197,113,alpha=1.7
1198,101,alpha=1.7
1199,109,alpha=1.7
1200,73,alpha=1.7
1201,101,alpha=1.7
1202,73,alpha=1.7
1203,96,alpha=1.7
1204,58,alpha=1.7
1205,78,alpha=1.7
1206,113,alpha=1.7
1207,119,alpha=1.7
1208,93,alpha=1.7
1209,102,alpha=1.7
1210,75,alpha=1.7
1211,116,alpha=1.7
1212,97,alpha=1.7
1213,95,alpha=1.7
1214,83,alpha=1.7
1215,86,alpha=1.7
1216,82,alpha=1.7
1217,98,alpha=1.7
1218,96,alpha=1.7
1219,117,alpha=1.7
1220,87,alpha=1.7
1221,90,alpha=1.7
1222,108,alpha=1.7
1223,65,alpha=1.7
1224,81,alpha=1.7
1225,84,alpha=1.7
1226,98,alpha=1.7
1227,91,alpha=1.7
1228,104,alpha=1.7
1229,91,alpha=1.7
1230,79,alpha=1.7
1231,68,alpha=1.7
1232,99,alpha=1.7
1233,102,alpha=1.7
1234,89,alpha=1.7
1235,131,alpha=1.7
1236,81,alpha=1.7
1237,109,alpha=1.7
1238,89,alpha=1.7
1239,63,alpha=1.7
1240,96,alpha=1.7
1241,78,alpha=1.7
1242,137,alpha=1.7
1243,95,alpha=1.7
1244,105,alpha=1.7
1245,131,alpha=1.7
1246,112,alpha=1.7
1247,88,alpha=1.7
1248,79,alpha=1.7
1249,128,alpha=1.7
1250,149,alpha=1.7
1251,98,alpha=1.7
1252,75,alpha=1.7
1253,75,alpha=1.7
1254,92,alpha=1.7
1255,93,alpha=1.7
1256,91,alpha=1.7
1257,109,alpha=1.7
1258,95,alpha=1.7
1259,133,alpha=1.7
1260,99,alpha=1.7
1261,72,alpha=1.7
1262,91,alpha=1.7
1263,92,alpha=1.7
1264,80,alpha=1.7
1265,108,alpha=1.7
1266,90,alpha=1.7
1267,129,alpha=1.7
1268,108,alpha=1.7
1269,124,alpha=1.7
1270,89,alpha=1.7
1271,98,alpha=1.7
1272,93,alpha=1.7
1273,85,alpha=1.7
1274,68,alpha=1.7
1275,98,alpha=1.7
1276,98,alpha=1.7
1277,78,alpha=1.7
1278,47,alpha=1.7
1279,92,alpha=1.7
1280,114,alpha=1.7
1281,139,alpha=1.7
1282,84,alpha=1.7
1283,112,alpha=1.7
1284,87,alpha=1.7
1285,141,alpha=1.7
1286,86,alpha=1.7
1287,101,alpha=1.7
1288,126,alpha=1.7
1289,100,alpha=1.7
1290,77,alpha=1.7
1291,67,alpha=1.7
1292,83,alpha=1.7
1293,90,alpha=1.7
1294,74,alpha=1.7
1295,119,alpha=1.7
1296,112,alpha=1.7
1297,106,alpha=1.7
1298,144,alpha=1.7
1299,87,alpha=1.7
1300,76,alpha=1.7
1301,103,alpha=1.7
1302,96,alpha=1.7
1303,107,alpha=1.7
1304,68,alpha=1.7
1305,156,alpha=1.7
1306,84,alpha=1.7
1307,88,alpha=1.7
1308,82,alpha=1.7
1309,141,alpha=1.7
1310,76,alpha=1.7
1311,95,alpha=1.7
1312,115,alpha=1.7
1313,84,alpha=1.7
1314,89,alpha=1.7
1315,94,alpha=1.7
1316,84,alpha=1.7
1317,85,alpha=1.7
1318,92,alpha=1.7
1319,98,alpha=1.7
1320,69,alpha=1.7
1321,75,alpha=1.7
1322,102,alpha=1.7
1323,104,alpha=1.7
1324,74,alpha=1.7
1325,85,alpha=1.7
1326,127,alpha=1.7
1327,109,alpha=1.7
1328,98,alpha=1.7
1329,89,alpha=1.7
1330,76,alpha=1.7
1331,149,alpha=1.7
1332,111,alpha=1.7
1333,184,alpha=1.7
1334,82,alpha=1.7
1335,96,alpha=1.7
1336,72,alpha=1.7
1337,79,alpha=1.7
1338,127,alpha=1.7
1339,93,alpha=1.7
1340,106,alpha=1.7
1341,97,alpha=1.7
1342,86,alpha=1.7
1343,86,alpha=1.7
1344,100,alpha=1.7
1345,87,alpha=1.7
1346,174,alpha=1.7
1347,98,alpha=1.7
1348,122,alpha=1.7
1349,86,alpha=1.7
1350,101,alpha=1.7
1351,79,alpha=1.7
1352,80,alpha=1.7
1353,73,alpha=1.7
1354,113,alpha=1.7
1355,70,alpha=1.7
1356,82,alpha=1.7
1357,86,alpha=1.7
1358,113,alpha=1.7
1359,77,alpha=1.7
1360,89,alpha=1.7
1361,112,alpha=1.7
1362,89,alpha=1.7
1363,84,alpha=1.7
1364,78,alpha=1.7
1365,101,alpha=1.7
1366,92,alpha=1.7
1367,147,alpha=1.7
1368,85,alpha=1.7
1369,117,alpha=1.7
1370,80,alpha=1.7
1371,71,alpha=1.7
1372,72,alpha=1.7
1373,104,alpha=1.7
1374,101,alpha=1.7
1375,128,alpha=1.7
1376,92,alpha=1.7
1377,78,alpha=1.7
1378,110,alpha=1.7
1379,99,alpha=1.7
1380,91,alpha=1.7
1381,87,alpha=1.7
1382,67,alpha=1.7
1383,79,alpha=1.7
1384,88,alpha=1.7
1385,93,alpha=1.7
1386,75,alpha=1.7
1387,73,alpha=1.7
1388,95,alpha=1.7
1389,136,alpha=1.7
1390,63,alpha=1.7
1391,84,alpha=1.7
1392,85,alpha=1.7
1393,102,alpha=1.7
1394,106,alpha=1.7
1395,123,alpha=1.7
1396,95,alpha=1.7
1397,95,alpha=1.7
1398,91,alpha=1.7
1399,148,alpha=1.7
1400,117,alpha=1.7
1401,80,alpha=1.7
1402,72,alpha=1.7
1403,93,alpha=1.7
1404,97,alpha=1.7
1405,69,alpha=1.7
1406,103,alpha=1.7
1407,103,alpha=1.7
1408,87,alpha=1.7
1409,106,alpha=1.7
1410,93,alpha=1.7
1411,68,alpha=1.7
1412,71,alpha=1.7
1413,120,alpha=1.7
1414,75,alpha=1.7
1415,90,alpha=1.7
1416,78,alpha=1.7
1417,140,alpha=1.7
1418,105,alpha=1.7
1419,137,alpha=1.7
1420,89,alpha=1.7
1421,80,alpha=1.7
1422,141,alpha=1.7
1423,86,alpha=1.7
1424,106,alpha=1.7
1425,72,alpha=1.7
1426,95,alpha=1.7
1427,66,alpha=1.7
1428,102,alpha=1.7
1429,183,alpha=1.7
1430,84,alpha=1.7
1431,96,alpha=1.7
1432,103,alpha=1.7
1433,97,alpha=1.7
1434,57,alpha=1.7
1435,118,alpha=1.7
1436,76,alpha=1.7
1437,78,alpha=1.7
1438,100,alpha=1.7
1439,204,alpha=1.7
1440,110,alpha=1.7
1441,95,alpha=1.7
1442,91,alpha=1.7
1443,92,alpha=1.7
1444,150,alpha=1.7
1445,115,alpha=1.7
1446,105,alpha=1.7
1447,115,alpha=1.7
1448,89,alpha=1.7
1449,103,alpha=1.7
1450,100,alpha=1.7
1451,107,alpha=1.7
1452,79,alpha=1.7
1453,80,alpha=1.7
1454,158,alpha=1.7
1455,116,alpha=1.7
1456,88,alpha=1.7
1457,64,alpha=1.7
1458,114,alpha=1.7
1459,98,alpha=1.7
1460,99,alpha=1.7
1461,111,alpha=1.7
1462,81,alpha=1.7
1463,100,alpha=1.7
1464,86,alpha=1.7
1465,108,alpha=1.7
1466,89,alpha=1.7
1467,100,alpha=1.7
1468,66,alpha=1.7
1469,97,alpha=1.7
1470,75,alpha=1.7
1471,133,alpha=1.7
1472,77,alpha=1.7
1473,78,alpha=1.7
1474,170,alpha=1.7
1475,66,alpha=1.7
1476,94,alpha=1.7
1477,136,alpha=1.7
1478,116,alpha=1.7
1479,75,alpha=1.7
1480,93,alpha=1.7
1481,112,alpha=1.7
1482,61,alpha=1.7
1483,76,alpha=1.7
1484,106,alpha=1.7
1485,119,alpha=1.7
1486,99,alpha=1.7
1487,78,alpha=1.7
1488,65,alpha=1.7
1489,93,alpha=1.7
1490,75,alpha=1.7
1491,96,alpha=1.7
1492,67,alpha=1.7
1493,91,alpha=1.7
1494,117,alpha=1.7
1495,115,alpha=1.7
1496,84,alpha=1.7
1497,85,alpha=1.7
1498,108,alpha=1.7
1499,95,alpha=1.7
1500,120,alpha=1.7
1501,100,alpha=1.7
1502,84,alpha=1.7
1503,82,alpha=1.7
1504,80,alpha=1.7
1505,72,alpha=1.7
1506,167,alpha=1.7
1507,73,alpha=1.7
1508,165,alpha=1.7
1509,68,alpha=1.7
1510,187,alpha=1.7
1511,71,alpha=1.7
1512,80,alpha=1.7
1513,108,alpha=1.7
1514,156,alpha=1.7
1515,97,alpha=1.7
1516,111,alpha=1.7
1517,102,alpha=1.7
1518,90,alpha=1.7
1519,109,alpha=1.7
1520,114,alpha=1.7
1521,114,alpha=1.7
1522,111,alpha=1.7
1523,124,alpha=1.7
1524,80,alpha=1.7
1525,95,alpha=1.7
1526,88,alpha=1.7
1527,95,alpha=1.7
1528,139,alpha=1.7
1529,105,alpha=1.7
1530,91,alpha=1.7
1531,104,alpha=1.7
1532,112,alpha=1.7
1533,103,alpha=1.7
1534,92,alpha=1.7
1535,101,alpha=1.7
1536,99,alpha=1.7
1537,86,alpha=1.7
1538,104,alpha=1.7
1539,109,alpha=1.7
1540,76,alpha=1.7
1541,97,alpha=1.7
1542,115,alpha=1.7
1543,63,alpha=1.7
1544,111,alpha=1.7
1545,98,alpha=1.7
1546,87,alpha=1.7
1547,87,alpha=1.7
1548,98,alpha=1.7
1549,81,alpha=1.7
1550,94,alpha=1.7
1551,71,alpha=1.7
1552,88,alpha=1.7
1553,93,alpha=1.7
1554,81,alpha=1.7
1555,75,alpha=1.7
1556,94,alpha=1.7
1557,128,alpha=1.7
1558,99,alpha=1.7
1559,113,alpha=1.7
1560,113,alpha=1.7
1561,80,alpha=1.7
1562,128,alpha=1.7
1563,108,alpha=1.7
1564,87,alpha=1.7
1565,77,alpha=1.7
1566,94,alpha=1.7
1567,73,alpha=1.7
1568,69,alpha=1.7
1569,71,alpha=1.7
1570,127,alpha=1.7
1571,94,alpha=1.7
1572,120,alpha=1.7
1573,104,alpha=1.7
1574,77,alpha=1.7
1575,97,alpha=1.7
1576,83,alpha=1.7
1577,206,alpha=1.7
1578,73,alpha=1.7
1579,66,alpha=1.7
1580,87,alpha=1.7
1581,90,alpha=1.7
1582,106,alpha=1.7
1583,91,alpha=1.7
1584,88,alpha=1.7
1585,87,alpha=1.7
1586,71,alpha=1.7
1587,48,alpha=1.7
1588,108,alpha=1.7
1589,117,alpha=1.7
1590,164,alpha=1.7
1591,82,alpha=1.7
1592,94,alpha=1.7
1593,122,alpha=1.7
1594,75,alpha=1.7
1595,82,alpha=1.7
1596,105,alpha=1.7
1597,97,alpha=1.7
1598,113,alpha=1.7
1599,110,alpha=1.7
1600,159,alpha=1.7
1601,122,alpha=1.7
1602,114,alpha=1.7
1603,104,alpha=1.7
1604,122,alpha=1.7
1605,100,alpha=1.7
1606,78,alpha=1.7
1607,74,alpha=1.7
1608,114,alpha=1.7
1609,90,alpha=1.7
1610,79,alpha=1.7
1611,83,alpha=1.7
1612,100,alpha=1.7
1613,77,alpha=1.7
1614,83,alpha=1.7
1615,64,alpha=1.7
1616,119,alpha=1.7
1617,71,alpha=1.7
1618,110,alpha=1.7
1619,69,alpha=1.7
1620,128,alpha=1.7
1621,76,alpha=1.7
1622,164,alpha=1.7
1623,72,alpha=1.7
1624,108,alpha=1.7
1625,126,alpha=1.7
1626,100,alpha=1.7
1627,108,alpha=1.7
1628,78,alpha=1.7
1629,106,alpha=1.7
1630,117,alpha=1.7
1631,84,alpha=1.7
1632,79,alpha=1.7
1633,68,alpha=1.7
1634,62,alpha=1.7
1635,135,alpha=1.7
1636,99,alpha=1.7
1637,81,alpha=1.7
1638,84,alpha=1.7
1639,76,alpha=1.7
1640,97,alpha=1.7
1641,100,alpha=1.7
1642,105,alpha=1.7
1643,79,alpha=1.7
1644,99,alpha=1.7
1645,95,alpha=1.7
1646,81,alpha=1.7
1647,88,alpha=1.7
1648,105,alpha=1.7
1649,91,alpha=1.7
1650,89,alpha=1.7
1651,68,alpha=1.7
1652,115,alpha=1.7
1653,98,alpha=1.7
1654,104,alpha=1.7
1655,82,alpha=1.7
1656,82,alpha=1.7
1657,103,alpha=1.7
1658,103,alpha=1.7
1659,92,alpha=1.7
1660,91,alpha=1.7
1661,65,alpha=1.7
1662,84,alpha=1.7
1663,83,alpha=1.7
1664,173,alpha=1.7
1665,105,alpha=1.7
1666,175,alpha=1.7
1667,107,alpha=1.7
1668,52,alpha=1.7
1669,88,alpha=1.7
1670,66,alpha=1.7
1671,80,alpha=1.7
1672,88,alpha=1.7
1673,110,alpha=1.7
1674,83,alpha=1.7
1675,96,alpha=1.7
1676,96,alpha=1.7
1677,107,alpha=1.7
1678,81,alpha=1.7
1679,99,alpha=1.7
1680,91,alpha=1.7
1681,96,alpha=1.7
1682,105,alpha=1.7
1683,112,alpha=1.7
1684,102,alpha=1.7
1685,91,alpha=1.7
1686,106,alpha=1.7
1687,135,alpha=1.7
1688,118,alpha=1.7
1689,122,alpha=1.7
1690,68,alpha=1.7
1691,131,alpha=1.7
1692,85,alpha=1.7
1693,170,alpha=1.7
1694,109,alpha=1.7
1695,165,alpha=1.7
1696,161,alpha=1.7
1697,133,alpha=1.7
1698,90,alpha=1.7
1699,71,alpha=1.7
1700,119,alpha=1.7
1701,111,alpha=1.7
1702,98,alpha=1.7
1703,81,alpha=1.7
1704,163,alpha=1.7
1705,98,alpha=1.7
1706,95,alpha=1.7
1707,139,alpha=1.7
1708,97,alpha=1.7
1709,100,alpha=1.7
1710,83,alpha=1.7
1711,96,alpha=1.7
1712,107,alpha=1.7
1713,94,alpha=1.7
1714,80,alpha=1.7
1715,78,alpha=1.7
1716,93,alpha=1.7
1717,87,alpha=1.7
1718,92,alpha=1.7
1719,108,alpha=1.7
1720,95,alpha=1.7
1721,79,alpha=1.7
1722,75,alpha=1.7
1723,67,alpha=1.7
1724,84,alpha=1.7
1725,70,alpha=1.7
1726,112,alpha=1.7
1727,115,alpha=1.7
1728,91,alpha=1.7
1729,106,alpha=1.7
1730,106,alpha=1.7
1731,109,alpha=1.7
1732,95,alpha=1.7
1733,149,alpha=1.7
1734,75,alpha=1.7
1735,89,alpha=1.7
1736,129,alpha=1.7
1737,108,alpha=1.7
1738,75,alpha=1.7
1739,100,alpha=1.7
1740,79,alpha=1.7
1741,122,alpha=1.7
1742,98,alpha=1.7
1743,105,alpha=1.7
1744,100,alpha=1.7
1745,108,alpha=1.7
1746,89,alpha=1.7
1747,99,alpha=1.7
1748,87,alpha=1.7
1749,86,alpha=1.7
1750,102,alpha=1.7
1751,82,alpha=1.7
1752,107,alpha=1.7
1753,78,alpha=1.7
1754,104,alpha=1.7
1755,89,alpha=1.7
1756,71,alpha=1.7
1757,65,alpha=1.7
1758,107,alpha=1.7
1759,121,alpha=1.7
1760,102,alpha=1.7
1761,98,alpha=1.7
1762,138,alpha=1.7
1763,93,alpha=1.7
1764,95,alpha=1.7
1765,68,alpha=1.7
1766,65,alpha=1.7
1767,96,alpha=1.7
1768,115,alpha=1.7
1769,88,alpha=1.7
1770,66,alpha=1.7
1771,87,alpha=1.7
1772,65,alpha=1.7
1773,170,alpha=1.7
1774,100,alpha=1.7
1775,82,alpha=1.7
1776,113,alpha=1.7
1777,87,alpha=1.7
1778,111,alpha=1.7
1779,91,alpha=1.7
1780,97,alpha=1.7
1781,121,alpha=1.7
1782,67,alpha=1.7
1783,59,alpha=1.7
1784,91,alpha=1.7
1785,99,alpha=1.7
1786,68,alpha=1.7
1787,95,alpha=1.7
1788,65,alpha=1.7
1789,64,alpha=1.7
1790,108,alpha=1.7
1791,78,alpha=1.7
1792,79,alpha=1.7
1793,62,alpha=1.7
1794,125,alpha=1.7
1795,49,alpha=1.7
1796,148,alpha=1.7
1797,119,alpha=1.7
1798,152,alpha=1.7
1799,99,alpha=1.7
1800,90,alpha=1.7
1801,88,alpha=1.7
1802,108,alpha=1.7
1803,112,alpha=1.7
1804,86,alpha=1.7
1805,65,alpha=1.7
1806,90,alpha=1.7
1807,80,alpha=1.7
1808,107,alpha=1.7
1809,118,alpha=1.7
1810,147,alpha=1.7
1811,99,alpha=1.7
1812,79,alpha=1.7
1813,80,alpha=1.7
1814,66,alpha=1.7
1815,81,alpha=1.7
1816,68,alpha=1.7
1817,92,alpha=1.7
1818,80,alpha=1.7
1819,76,alpha=1.7
1820,104,alpha=1.7
1821,87,alpha=1.7
1822,135,alpha=1.7
1823,75,alpha=1.7
1824,70,alpha=1.7
1825,89,alpha=1.7
1826,101,alpha=1.7
1827,112,alpha=1.7
1828,76,alpha=1.7
1829,89,alpha=1.7
1830,76,alpha=1.7
1831,114,alpha=1.7
1832,82,alpha=1.7
1833,119,alpha=1.7
1834,67,alpha=1.7
1835,119,alpha=1.7
1836,71,alpha=1.7
1837,86,alpha=1.7
1838,69,alpha=1.7
1839,83,alpha=1.7
1840,88,alpha=1.7
1841,109,alpha=1.7
1842,89,alpha=1.7
1843,62,alpha=1.7
1844,96,alpha=1.7
1845,100,alpha=1.7
1846,72,alpha=1.7
1847,81,alpha=1.7
1848,80,alpha=1.7
1849,48,alpha=1.7
1850,112,alpha=1.7
1851,75,alpha=1.7
1852,104,alpha=1.7
1853,120,alpha=1.7
1854,108,alpha=1.7
1855,71,alpha=1.7
1856,115,alpha=1.7
1857,54,alpha=1.7
1858,78,alpha=1.7
1859,116,alpha=1.7
1860,99,alpha=1.7
1861,91,alpha=1.7
1862,106,alpha=1.7
1863,129,alpha=1.7
1864,115,alpha=1.7
1865,101,alpha=1.7
1866,101,alpha=1.7
1867,100,alpha=1.7
1868,69,alpha=1.7
1869,106,alpha=1.7
1870,127,alpha=1.7
1871,131,alpha=1.7
1872,83,alpha=1.7
1873,73,alpha=1.7
1874,88,alpha=1.7
1875,99,alpha=1.7
1876,106,alpha=1.7
1877,100,alpha=1.7
1878,116,alpha=1.7
1879,66,alpha=1.7
1880,115,alpha=1.7
1881,69,alpha=1.7
1882,66,alpha=1.7
1883,73,alpha=1.7
1884,113,alpha=1.7
1885,80,alpha=1.7
1886,68,alpha=1.7
1887,74,alpha=1.7
1888,67,alpha=1.7
1889,97,alpha=1.7
1890,97,alpha=1.7
1891,110,alpha=1.7
1892,86,alpha=1.7
1893,110,alpha=1.7
1894,101,alpha=1.7
1895,95,alpha=1.7
1896,75,alpha=1.7
1897,110,alpha=1.7
1898,99,alpha=1.7
1899,64,alpha=1.7
1900,126,alpha=1.7
1901,93,alpha=1.7
1902,100,alpha=1.7
1903,78,alpha=1.7
1904,107,alpha=1.7
1905,84,alpha=1.7
1906,65,alpha=1.7
1907,87,alpha=1.7
1908,79,alpha=1.7
1909,98,alpha=1.7
1910,103,alpha=1.7
1911,109,alpha=1.7
1912,81,alpha=1.7
1913,66,alpha=1.7
1914,159,alpha=1.7
1915,117,alpha=1.7
1916,98,alpha=1.7
1917,77,alpha=1.7
1918,119,alpha=1.7
1919,121,alpha=1.7
1920,66,alpha=1.7
1921,79,alpha=1.7
1922,74,alpha=1.7
1923,57,alpha=1.7
1924,91,alpha=1.7
1925,88,alpha=1.7
1926,101,alpha=1.7
1927,74,alpha=1.7
1928,102,alpha=1.7
1929,94,alpha=1.7
1930,79,alpha=1.7
1931,97,alpha=1.7
1932,75,alpha=1.7
1933,72,alpha=1.7
1934,74,alpha=1.7
1935,66,alpha=1.7
1936,84,alpha=1.7
1937,97,alpha=1.7
1938,128,alpha=1.7
1939,81,alpha=1.7
1940,127,alpha=1.7
1941,99,alpha=1.7
1942,92,alpha=1.7
1943,78,alpha=1.7
1944,105,alpha=1.7
1945,66,alpha=1.7
1946,77,alpha=1.7
1947,83,alpha=1.7
1948,79,alpha=1.7
1949,105,alpha=1.7
1950,178,alpha=1.7
1951,103,alpha=1.7
1952,88,alpha=1.7
1953,60,alpha=1.7
1954,70,alpha=1.7
1955,114,alpha=1.7
1956,91,alpha=1.7
1957,112,alpha=1.7
1958,112,alpha=1.7
1959,101,alpha=1.7
1960,89,alpha=1.7
1961,118,alpha=1.7
1962,96,alpha=1.7
1963,109,alpha=1.7
1964,81,alpha=1.7
1965,73,alpha=1.7
1966,87,alpha=1.7
1967,185,alpha=1.7
1968,120,alpha=1.7
1969,109,alpha=1.7
1970,140,alpha=1.7
1971,75,alpha=1.7
1972,116,alpha=1.7
1973,84,alpha=1.7
1974,74,alpha=1.7
1975,70,alpha=1.7
1976,74,alpha=1.7
1977,103,alpha=1.7
1978,86,alpha=1.7
1979,108,alpha=1.7
1980,75,alpha=1.7
1981,125,alpha=1.7
1982,101,alpha=1.7
1983,98,alpha=1.7
1984,104,alpha=1.7
1985,73,alpha=1.7
1986,74,alpha=1.7
1987,91,alpha=1.7
1988,84,alpha=1.7
1989,99,alpha=1.7
1990,90,alpha=1.7
1991,123,alpha=1.7
1992,107,alpha=1.7
1993,101,alpha=1.7
1994,99,alpha=1.7
1995,80,alpha=1.7
1996,106,alpha=1.7
1997,136,alpha=1.7
1998,59,alpha=1.7
1999,74,alpha=1.7
2000,77,alpha=1.7
2001,93,alpha=1.7
2002,97,alpha=1.7
2003,75,alpha=1.7
2004,70,alpha=1.7
2005,97,alpha=1.7
2006,141,alpha=1.7
2007,66,alpha=1.7
2008,143,alpha=1.7
2009,81,alpha=1.7
2010,98,alpha=1.7
2011,99,alpha=1.7
2012,86,alpha=1.7
2013,82,alpha=1.7
2014,76,alpha=1.7
2015,93,alpha=1.7
2016,117,alpha=1.7
2017,91,alpha=1.7
2018,78,alpha=1.7
2019,78,alpha=1.7
2020,71,alpha=1.7
2021,133,alpha=1.7
2022,74,alpha=1.7
2023,76,alpha=1.7
2024,66,alpha=1.7
2025,81,alpha=1.7
2026,69,alpha=1.7
2027,75,alpha=1.7
2028,125,alpha=1.7
2029,124,alpha=1.7
2030,88,alpha=1.7
2031,59,alpha=1.7
2032,85,alpha=1.7
2033,62,alpha=1.7
2034,99,alpha=1.7
2035,129,alpha=1.7
2036,103,alpha=1.7
2037,113,alpha=1.7
2038,121,alpha=1.7
2039,124,alpha=1.7
2040,106,alpha=1.7
2041,102,alpha=1.7
2042,138,alpha=1.7
2043,99,alpha=1.7
2044,93,alpha=1.7
2045,125,alpha=1.7
2046,83,alpha=1.7
2047,91,alpha=1.7
2048,81,alpha=1.7
2049,111,alpha=1.7
2050,281,alpha=1.7
2051,111,alpha=1.7
2052,99,alpha=1.7
2053,91,alpha=1.7
2054,111,alpha=1.7
2055,88,alpha=1.7
2056,122,alpha=1.7
2057,95,alpha=1.7
2058,89,alpha=1.7
2059,172,alpha=1.7
2060,182,alpha=1.7
2061,123,alpha=1.7
2062,117,alpha=1.7
2063,99,alpha=1.7
2064,113,alpha=1.7
2065,91,alpha=1.7
2066,166,alpha=1.7
2067,96,alpha=1.7
2068,89,alpha=1.7
2069,107,alpha=1.7
2070,75,alpha=1.7
2071,95,alpha=1.7
2072,84,alpha=1.7
2073,105,alpha=1.7
2074,103,alpha=1.7
2075,72,alpha=1.7
2076,74,alpha=1.7
2077,94,alpha=1.7
2078,86,alpha=1.7
2079,94,alpha=1.7
2080,105,alpha=1.7
2081,96,alpha=1.7
2082,142,alpha=1.7
2083,77,alpha=1.7
2084,100,alpha=1.7
2085,77,alpha=1.7
2086,85,alpha=1.7
2087,95,alpha=1.7
2088,96,alpha=1.7
2089,107,alpha=1.7
2090,103,alpha=1.7
2091,102,alpha=1.7
2092,93,alpha=1.7
2093,54,alpha=1.7
2094,88,alpha=1.7
2095,78,alpha=1.7
2096,84,alpha=1.7
2097,143,alpha=1.7
2098,91,alpha=1.7
2099,81,alpha=1.7
2100,113,alpha=1.7
2101,54,alpha=1.7
2102,106,alpha=1.7
2103,79,alpha=1.7
2104,140,alpha=1.7
2105,123,alpha=1.7
2106,71,alpha=1.7
2107,119,alpha=1.7
2108,120,alpha=1.7
2109,65,alpha=1.7
2110,99,alpha=1.7
2111,82,alpha=1.7
2112,164,alpha=1.7
2113,91,alpha=1.7
2114,84,alpha=1.7
2115,70,alpha=1.7
2116,132,alpha=1.7
2117,98,alpha=1.7
2118,77,alpha=1.7
2119,86,alpha=1.7
2120,84,alpha=1.7
2121,107,alpha=1.7
2122,94,alpha=1.7
2123,90,alpha=1.7
2124,103,alpha=1.7
2125,135,alpha=1.7
2126,123,alpha=1.7
2127,113,alpha=1.7
2128,73,alpha=1.7
2129,92,alpha=1.7
2130,68,alpha=1.7
2131,102,alpha=1.7
2132,78,alpha=1.7
2133,109,alpha=1.7
2134,97,alpha=1.7
2135,100,alpha=1.7
2136,61,alpha=1.7
2137,85,alpha=1.7
2138,108,alpha=1.7
2139,85,alpha=1.7
2140,104,alpha=1.7
2141,79,alpha=1.7
2142,108,alpha=1.7
2143,113,alpha=1.7
2144,109,alpha=1.7
2145,89,alpha=1.7
2146,89,alpha=1.7
2147,109,alpha=1.7
2148,86,alpha=1.7
2149,109,alpha=1.7
2150,135,alpha=1.7
2151,87,alpha=1.7
2152,117,alpha=1.7
2153,91,alpha=1.7
2154,95,alpha=1.7
2155,79,alpha=1.7
2156,126,alpha=1.7
2157,100,alpha=1.7
2158,119,alpha=1.7
2159,79,alpha=1.7
2160,194,alpha=1.7
2161,126,alpha=1.7
2162,74,alpha=1.7
2163,87,alpha=1.7
2164,101,alpha=1.7
2165,69,alpha=1.7
2166,99,alpha=1.7
2167,101,alpha=1.7
2168,97,alpha=1.7
2169,85,alpha=1.7
2170,113,alpha=1.7
2171,87,alpha=1.7
2172,131,alpha=1.7
2173,88,alpha=1.7
2174,90,alpha=1.7
2175,95,alpha=1.7
2176,72,alpha=1.7
2177,337,alpha=1.7
2178,94,alpha=1.7
2179,97,alpha=1.7
2180,74,alpha=1.7
2181,74,alpha=1.7
2182,98,alpha=1.7
2183,74,alpha=1.7
2184,129,alpha=1.7
2185,84,alpha=1.7
2186,79,alpha=1.7
2187,82,alpha=1.7
2188,97,alpha=1.7
2189,120,alpha=1.7
2190,96,alpha=1.7
2191,94,alpha=1.7
2192,87,alpha=1.7
2193,95,alpha=1.7
2194,91,alpha=1.7
2195,86,alpha=1.7
2196,101,alpha=1.7
2197,85,alpha=1.7
2198,102,alpha=1.7
2199,89,alpha=1.7
2200,86,alpha=1.7
2201,69,alpha=1.7
2202,83,alpha=1.7
2203,97,alpha=1.7
2204,66,alpha=1.7
2205,89,alpha=1.7
2206,180,alpha=1.7
2207,99,alpha=1.7
2208,82,alpha=1.7
2209,114,alpha=1.7
2210,107,alpha=1.7
2211,130,alpha=1.7
2212,73,alpha=1.7
2213,89,alpha=1.7
2214,96,alpha=1.7
2215,109,alpha=1.7
2216,154,alpha=1.7
2217,111,alpha=1.7
2218,62,alpha=1.7
2219,95,alpha=1.7
2220,96,alpha=1.7
2221,75,alpha=1.7
2222,73,alpha=1.7
2223,98,alpha=1.7
2224,53,alpha=1.7
2225,114,alpha=1.7
2226,69,alpha=1.7
2227,83,alpha=1.7
2228,143,alpha=1.7
2229,76,alpha=1.7
2230,142,alpha=1.7
2231,57,alpha=1.7
2232,68,alpha=1.7
2233,84,alpha=1.7
2234,99,alpha=1.7
2235,91,alpha=1.7
2236,91,alpha=1.7
2237,94,alpha=1.7
2238,122,alpha=1.7
2239,127,alpha=1.7
2240,113,alpha=1.7
2241,84,alpha=1.7
2242,97,alpha=1.7
2243,84,alpha=1.7
2244,87,alpha=1.7
2245,80,alpha=1.7
2246,93,alpha=1.7
2247,108,alpha=1.7
2248,93,alpha=1.7
2249,102,alpha=1.7
2250,104,alpha=1.7
2251,106,alpha=1.7
2252,98,alpha=1.7
2253,78,alpha=1.7
2254,88,alpha=1.7
2255,119,alpha=1.7
2256,75,alpha=1.7
2257,140,alpha=1.7
2258,111,alpha=1.7
2259,85,alpha=1.7
2260,80,alpha=1.7
2261,106,alpha=1.7
2262,165,alpha=1.7
2263,95,alpha=1.7
2264,94,alpha=1.7
2265,111,alpha=1.7
2266,109,alpha=1.7
2267,113,alpha=1.7
2268,97,alpha=1.7
2269,93,alpha=1.7
2270,117,alpha=1.7
2271,79,alpha=1.7
2272,91,alpha=1.7
2273,121,alpha=1.7
2274,83,alpha=1.7
2275,115,alpha=1.7
2276,78,alpha=1.7
2277,79,alpha=1.7
2278,165,alpha=1.7
2279,84,alpha=1.7
2280,91,alpha=1.7
2281,90,alpha=1.7
2282,130,alpha=1.7
2283,68,alpha=1.7
2284,93,alpha=1.7
2285,82,alpha=1.7
2286,97,alpha=1.7
2287,83,alpha=1.7
2288,92,alpha=1.7
2289,128,alpha=1.7
2290,84,alpha=1.7
2291,101,alpha=1.7
2292,89,alpha=1.7
2293,131,alpha=1.7
2294,93,alpha=1.7
2295,104,alpha=1.7
2296,109,alpha=1.7
2297,71,alpha=1.7
2298,105,alpha=1.7
2299,98,alpha=1.7
2300,95,alpha=1.7
2301,106,alpha=1.7
2302,61,alpha=1.7
2303,97,alpha=1.7
2304,84,alpha=1.7
2305,79,alpha=1.7
2306,85,alpha=1.7
2307,87,alpha=1.7
2308,94,alpha=1.7
2309,68,alpha=1.7
2310,102,alpha=1.7
2311,86,alpha=1.7
2312,118,alpha=1.7
2313,84,alpha=1.7
2314,80,alpha=1.7
2315,114,alpha=1.7
2316,99,alpha=1.7
2317,97,alpha=1.7
2318,95,alpha=1.7
2319,92,alpha=1.7
2320,90,alpha=1.7
2321,62,alpha=1.7
2322,75,alpha=1.7
2323,132,alpha=1.7
2324,74,alpha=1.7
2325,95,alpha=1.7
2326,113,alpha=1.7
2327,63,alpha=1.7
2328,73,alpha=1.7
2329,103,alpha=1.7
2330,131,alpha=1.7
2331,102,alpha=1.7
2332,65,alpha=1.7
2333,117,alpha=1.7
2334,78,alpha=1.7
2335,102,alpha=1.7
2336,87,alpha=1.7
2337,80,alpha=1.7
2338,100,alpha=1.7
2339,77,alpha=1.7
2340,80,alpha=1.7
2341,89,alpha=1.7
2342,107,alpha=1.7
2343,102,alpha=1.7
2344,78,alpha=1.7
2345,108,alpha=1.7
2346,93,alpha=1.7
2347,91,alpha=1.7
2348,68,alpha=1.7
2349,84,alpha=1.7
2350,108,alpha=1.7
2351,78,alpha=1.7
2352,79,alpha=1.7
2353,66,alpha=1.7
2354,84,alpha=1.7
2355,72,alpha=1.7
2356,97,alpha=1.7
2357,100,alpha=1.7
2358,127,alpha=1.7
2359,80,alpha=1.7
2360,83,alpha=1.7
2361,85,alpha=1.7
2362,130,alpha=1.7
2363,103,alpha=1.7
2364,93,alpha=1.7
2365,106,alpha=1.7
2366,66,alpha=1.7
2367,96,alpha=1.7
2368,82,alpha=1.7
2369,112,alpha=1.7
2370,103,alpha=1.7
2371,95,alpha=1.7
2372,90,alpha=1.7
2373,75,alpha=1.7
2374,92,alpha=1.7
2375,104,alpha=1.7
2376,140,alpha=1.7
2377,137,alpha=1.7
2378,68,alpha=1.7
2379,83,alpha=1.7
2380,86,alpha=1.7
2381,87,alpha=1.7
2382,103,alpha=1.7
2383,89,alpha=1.7
2384,93,alpha=1.7
2385,76,alpha=1.7
2386,97,alpha=1.7
2387,95,alpha=1.7
2388,103,alpha=1.7
2389,85,alpha=1.7
2390,106,alpha=1.7
2391,87,alpha=1.7
2392,89,alpha=1.7
2393,109,alpha=1.7
2394,75,alpha=1.7
2395,109,alpha=1.7
2396,84,alpha=1.7
2397,78,alpha=1.7
2398,129,alpha=1.7
2399,111,alpha=1.7
2400,74,alpha=1.7
2401,73,alpha=1.7
2402,121,alpha=1.7
2403,91,alpha=1.7
2404,75,alpha=1.7
2405,91,alpha=1.7
2406,73,alpha=1.7
2407,78,alpha=1.7
2408,102,alpha=1.7
2409,94,alpha=1.7
2410,92,alpha=1.7
2411,125,alpha=1.7
2412,110,alpha=1.7
2413,106,alpha=1.7
2414,87,alpha=1.7
2415,72,alpha=1.7
2416,84,alpha=1.7
2417,88,alpha=1.7
2418,74,alpha=1.7
2419,96,alpha=1.7
2420,75,alpha=1.7
2421,102,alpha=1.7
2422,59,alpha=1.7
2423,154,alpha=1.7
2424,63,alpha=1.7
2425,65,alpha=1.7
2426,135,alpha=1.7
2427,78,alpha=1.7
2428,78,alpha=1.7
2429,79,alpha=1.7
2430,100,alpha=1.7
2431,89,alpha=1.7
2432,84,alpha=1.7
2433,87,alpha=1.7
2434,116,alpha=1.7
2435,133,alpha=1.7
2436,102,alpha=1.7
2437,97,alpha=1.7
2438,132,alpha=1.7
2439,62,alpha=1.7
2440,160,alpha=1.7
2441,93,alpha=1.7
2442,86,alpha=1.7
2443,67,alpha=1.7
2444,105,alpha=1.7
2445,121,alpha=1.7
2446,107,alpha=1.7
2447,91,alpha=1.7
2448,115,alpha=1.7
2449,82,alpha=1.7
2450,136,alpha=1.7
2451,82,alpha=1.7
2452,122,alpha=1.7
2453,100,alpha=1.7
2454,83,alpha=1.7
2455,116,alpha=1.7
2456,72,alpha=1.7
2457,119,alpha=1.7
2458,90,alpha=1.7
2459,81,alpha=1.7
2460,67,alpha=1.7
2461,94,alpha=1.7
2462,76,alpha=1.7
2463,88,alpha=1.7
2464,78,alpha=1.7
2465,104,alpha=1.7
2466,125,alpha=1.7
2467,94,alpha=1.7
2468,88,alpha=1.7
2469,308,alpha=1.7
2470,128,alpha=1.7
2471,71,alpha=1.7
2472,78,alpha=1.7
2473,101,alpha=1.7
2474,78,alpha=1.7
2475,132,alpha=1.7
2476,143,alpha=1.7
2477,79,alpha=1.7
2478,83,alpha=1.7
2479,139,alpha=1.7
2480,92,alpha=1.7
2481,110,alpha=1.7
2482,106,alpha=1.7
2483,77,alpha=1.7
2484,80,alpha=1.7
2485,84,alpha=1.7
2486,115,alpha=1.7
2487,61,alpha=1.7
2488,94,alpha=1.7
2489,126,alpha=1.7
2490,155,alpha=1.7
2491,120,alpha=1.7
2492,81,alpha=1.7
2493,83,alpha=1.7
2494,108,alpha=1.7
2495,100,alpha=1.7
2496,154,alpha=1.7
2497,122,alpha=1.7
2498,62,alpha=1.7
2499,112,alpha=1.7
2500,91,alpha=1.7
2501,96,alpha=1.7
2502,101,alpha=1.7
2503,95,alpha=1.7
2504,70,alpha=1.7
2505,110,alpha=1.7
2506,133,alpha=1.7
2507,90,alpha=1.7
2508,120,alpha=1.7
2509,63,alpha=1.7
2510,98,alpha=1.7
2511,101,alpha=1.7
2512,143,alpha=1.7
2513,81,alpha=1.7
2514,132,alpha=1.7
2515,92,alpha=1.7
2516,104,alpha=1.7
2517,148,alpha=1.7
2518,98,alpha=1.7
2519,62,alpha=1.7
2520,66,alpha=1.7
2521,77,alpha=1.7
2522,120,alpha=1.7
2523,56,alpha=1.7
2524,95,alpha=1.7
2525,116,alpha=1.7
2526,171,alpha=1.7
2527,83,alpha=1.7
2528,92,alpha=1.7
2529,233,alpha=1.7
2530,76,alpha=1.7
2531,94,alpha=1.7
2532,74,alpha=1.7
2533,94,alpha=1.7
2534,91,alpha=1.7
2535,90,alpha=1.7
2536,99,alpha=1.7
2537,104,alpha=1.7
2538,104,alpha=1.7
2539,56,alpha=1.7
2540,105,alpha=1.7
2541,86,alpha=1.7
2542,84,alpha=1.7
2543,80,alpha=1.7
2544,112,alpha=1.7
2545,83,alpha=1.7
2546,83,alpha=1.7
2547,99,alpha=1.7
2548,72,alpha=1.7
2549,81,alpha=1.7
2550,104,alpha=1.7
2551,103,alpha=1.7
2552,176,alpha=1.7
2553,78,alpha=1.7
2554,79,alpha=1.7
2555,97,alpha=1.7
2556,127,alpha=1.7
2557,75,alpha=1.7
2558,59,alpha=1.7
2559,130,alpha=1.7
2560,73,alpha=1.7
2561,135,alpha=1.7
2562,100,alpha=1.7
2563,97,alpha=1.7
2564,89,alpha=1.7
2565,125,alpha=1.7
2566,77,alpha=1.7
2567,124,alpha=1.7
2568,97,alpha=1.7
2569,92,alpha=1.7
2570,131,alpha=1.7
2571,76,alpha=1.7
2572,84,alpha=1.7
2573,75,alpha=1.7
2574,82,alpha=1.7
2575,113,alpha=1.7
2576,89,alpha=1.7
2577,104,alpha=1.7
2578,109,alpha=1.7
2579,94,alpha=1.7
2580,110,alpha=1.7
2581,230,alpha=1.7
2582,71,alpha=1.7
2583,196,alpha=1.7
2584,79,alpha=1.7
2585,92,alpha=1.7
2586,98,alpha=1.7
2587,94,alpha=1.7
2588,93,alpha=1.7
2589,162,alpha=1.7
2590,120,alpha=1.7
2591,86,alpha=1.7
2592,76,alpha=1.7
2593,84,alpha=1.7
2594,101,alpha=1.7
2595,104,alpha=1.7
2596,149,alpha=1.7
2597,68,alpha=1.7
2598,98,alpha=1.7
2599,100,alpha=1.7
2600,92,alpha=1.7
2601,111,alpha=1.7
2602,91,alpha=1.7
2603,126,alpha=1.7
2604,121,alpha=1.7
2605,92,alpha=1.7
2606,106,alpha=1.7
2607,94,alpha=1.7
2608,81,alpha=1.7
2609,101,alpha=1.7
2610,106,alpha=1.7
2611,114,alpha=1.7
2612,99,alpha=1.7
2613,77,alpha=1.7
2614,96,alpha=1.7
2615,92,alpha=1.7
2616,97,alpha=1.7
2617,116,alpha=1.7
2618,65,alpha=1.7
2619,76,alpha=1.7
2620,105,alpha=1.7
2621,200,alpha=1.7
2622,91,alpha=1.7
2623,92,alpha=1.7
2624,93,alpha=1.7
2625,102,alpha=1.7
2626,69,alpha=1.7
2627,68,alpha=1.7
2628,102,alpha=1.7
2629,93,alpha=1.7
2630,125,alpha=1.7
2631,66,alpha=1.7
2632,125,alpha=1.7
2633,90,alpha=1.7
2634,82,alpha=1.7
2635,69,alpha=1.7
2636,85,alpha=1.7
2637,134,alpha=1.7
2638,125,alpha=1.7
2639,93,alpha=1.7
2640,128,alpha=1.7
2641,88,alpha=1.7
2642,90,alpha=1.7
2643,107,alpha=1.7
2644,68,alpha=1.7
2645,93,alpha=1.7
2646,82,alpha=1.7
2647,82,alpha=1.7
2648,94,alpha=1.7
2649,105,alpha=1.7
2650,84,alpha=1.7
2651,94,alpha=1.7
2652,85,alpha=1.7
2653,64,alpha=1.7
2654,112,alpha=1.7
2655,77,alpha=1.7
2656,81,alpha=1.7
2657,95,alpha=1.7
2658,100,alpha=1.7
2659,76,alpha=1.7
2660,91,alpha=1.7
2661,92,alpha=1.7
2662,88,alpha=1.7
2663,99,alpha=1.7
2664,79,alpha=1.7
2665,104,alpha=1.7
2666,177,alpha=1.7
2667,83,alpha=1.7
2668,104,alpha=1.7
2669,89,alpha=1.7
2670,122,alpha=1.7
2671,86,alpha=1.7
2672,74,alpha=1.7
2673,82,alpha=1.7
2674,81,alpha=1.7
2675,147,alpha=1.7
2676,108,alpha=1.7
2677,92,alpha=1.7
2678,87,alpha=1.7
2679,65,alpha=1.7
2680,100,alpha=1.7
2681,100,alpha=1.7
2682,79,alpha=1.7
2683,102,alpha=1.7
2684,104,alpha=1.7
2685,100,alpha=1.7
2686,88,alpha=1.7
2687,118,alpha=1.7
2688,76,alpha=1.7
2689,76,alpha=1.7
2690,138,alpha=1.7
2691,73,alpha=1.7
2692,91,alpha=1.7
2693,71,alpha=1.7
2694,64,alpha=1.7
2695,128,alpha=1.7
2696,90,alpha=1.7
2697,167,alpha=1.7
2698,101,alpha=1.7
2699,78,alpha=1.7
2700,87,alpha=1.7
2701,106,alpha=1.7
2702,106,alpha=1.7
2703,80,alpha=1.7
2704,111,alpha=1.7
2705,98,alpha=1.7
2706,70,alpha=1.7
2707,70,alpha=1.7
2708,106,alpha=1.7
2709,78,alpha=1.7
2710,81,alpha=1.7
2711,77,alpha=1.7
2712,147,alpha=1.7
2713,101,alpha=1.7
2714,67,alpha=1.7
2715,86,alpha=1.7
2716,90,alpha=1.7
2717,106,alpha=1.7
2718,156,alpha=1.7
2719,99,alpha=1.7
2720,119,alpha=1.7
2721,74,alpha=1.7
2722,275,alpha=1.7
2723,88,alpha=1.7
2724,97,alpha=1.7
2725,90,alpha=1.7
2726,110,alpha=1.7
2727,103,alpha=1.7
2728,89,alpha=1.7
2729,78,alpha=1.7
2730,85,alpha=1.7
2731,106,alpha=1.7
2732,77,alpha=1.7
2733,108,alpha=1.7
2734,70,alpha=1.7
2735,81,alpha=1.7
2736,92,alpha=1.7
2737,71,alpha=1.7
2738,99,alpha=1.7
2739,62,alpha=1.7
2740,86,alpha=1.7
2741,68,alpha=1.7
2742,84,alpha=1.7
2743,66,alpha=1.7
2744,125,alpha=1.7
2745,101,alpha=1.7
2746,126,alpha=1.7
2747,204,alpha=1.7
2748,107,alpha=1.7
2749,82,alpha=1.7
2750,106,alpha=1.7
2751,200,alpha=1.7
2752,104,alpha=1.7
2753,126,alpha=1.7
2754,89,alpha=1.7
2755,96,alpha=1.7
2756,65,alpha=1.7
2757,60,alpha=1.7
2758,83,alpha=1.7
2759,83,alpha=1.7
2760,269,alpha=1.7
2761,89,alpha=1.7
2762,68,alpha=1.7
2763,85,alpha=1.7
2764,79,alpha=1.7
2765,81,alpha=1.7
2766,91,alpha=1.7
2767,102,alpha=1.7
2768,74,alpha=1.7
2769,172,alpha=1.7
2770,118,alpha=1.7
2771,86,alpha=1.7
2772,69,alpha=1.7
2773,77,alpha=1.7
2774,106,alpha=1.7
2775,78,alpha=1.7
2776,58,alpha=1.7
2777,73,alpha=1.7
2778,133,alpha=1.7
2779,92,alpha=1.7
2780,62,alpha=1.7
2781,83,alpha=1.7
2782,82,alpha=1.7
2783,83,alpha=1.7
2784,97,alpha=1.7
2785,82,alpha=1.7
2786,86,alpha=1.7
2787,122,alpha=1.7
2788,72,alpha=1.7
2789,118,alpha=1.7
2790,93,alpha=1.7
2791,113,alpha=1.7
2792,81,alpha=1.7
2793,80,alpha=1.7
2794,114,alpha=1.7
2795,134,alpha=1.7
2796,92,alpha=1.7
2797,96,alpha=1.7
2798,130,alpha=1.7
2799,110,alpha=1.7
2800,75,alpha=1.7
2801,275,alpha=1.7
2802,146,alpha=1.7
2803,86,alpha=1.7
2804,85,alpha=1.7
2805,57,alpha=1.7
2806,120,alpha=1.7
2807,95,alpha=1.7
2808,122,alpha=1.7
2809,96,alpha=1.7
2810,96,alpha=1.7
2811,86,alpha=1.7
2812,74,alpha=1.7
2813,46,alpha=1.7
2814,66,alpha=1.7
2815,140,alpha=1.7
2816,103,alpha=1.7
2817,82,alpha=1.7
2818,103,alpha=1.7
2819,167,alpha=1.7
2820,71,alpha=1.7
2821,96,alpha=1.7
2822,110,alpha=1.7
2823,108,alpha=1.7
2824,81,alpha=1.7
2825,91,alpha=1.7
2826,80,alpha=1.7
2827,111,alpha=1.7
2828,106,alpha=1.7
2829,90,alpha=1.7
2830,152,alpha=1.7
2831,218,alpha=1.7
2832,119,alpha=1.7
2833,76,alpha=1.7
2834,86,alpha=1.7
2835,117,alpha=1.7
2836,77,alpha=1.7
2837,114,alpha=1.7
2838,88,alpha=1.7
2839,67,alpha=1.7
2840,111,alpha=1.7
2841,106,alpha=1.7
2842,111,alpha=1.7
2843,96,alpha=1.7
2844,101,alpha=1.7
2845,87,alpha=1.7
2846,150,alpha=1.7
2847,113,alpha=1.7
2848,104,alpha=1.7
2849,116,alpha=1.7
2850,85,alpha=1.7
2851,79,alpha=1.7
2852,138,alpha=1.7
2853,90,alpha=1.7
2854,75,alpha=1.7
2855,87,alpha=1.7
2856,81,alpha=1.7
2857,67,alpha=1.7
2858,110,alpha=1.7
2859,102,alpha=1.7
2860,81,alpha=1.7
2861,114,alpha=1.7
2862,73,alpha=1.7
2863,73,alpha=1.7
2864,112,alpha=1.7
2865,120,alpha=1.7
2866,79,alpha=1.7
2867,85,alpha=1.7
2868,80,alpha=1.7
2869,62,alpha=1.7
2870,94,alpha=1.7
2871,83,alpha=1.7
2872,79,alpha=1.7
2873,106,alpha=1.7
2874,43,alpha=1.7
2875,81,alpha=1.7
2876,96,alpha=1.7
2877,104,alpha=1.7
2878,97,alpha=1.7
2879,103,alpha=1.7
2880,84,alpha=1.7
2881,107,alpha=1.7
2882,62,alpha=1.7
2883,104,alpha=1.7
2884,130,alpha=1.7
2885,147,alpha=1.7
2886,92,alpha=1.7
2887,77,alpha=1.7
2888,89,alpha=1.7
2889,104,alpha=1.7
2890,76,alpha=1.7
2891,86,alpha=1.7
2892,63,alpha=1.7
2893,105,alpha=1.7
2894,80,alpha=1.7
2895,106,alpha=1.7
2896,98,alpha=1.7
2897,87,alpha=1.7
2898,81,alpha=1.7
2899,70,alpha=1.7
2900,115,alpha=1.7
2901,116,alpha=1.7
2902,104,alpha=1.7
2903,79,alpha=1.7
2904,72,alpha=1.7
2905,91,alpha=1.7
2906,100,alpha=1.7
2907,150,alpha=1.7
2908,75,alpha=1.7
2909,77,alpha=1.7
2910,99,alpha=1.7
2911,84,alpha=1.7
2912,86,alpha=1.7
2913,273,alpha=1.7
2914,85,alpha=1.7
2915,74,alpha=1.7
2916,155,alpha=1.7
2917,87,alpha=1.7
2918,87,alpha=1.7
2919,129,alpha=1.7
2920,85,alpha=1.7
2921,74,alpha=1.7
2922,106,alpha=1.7
2923,74,alpha=1.7
2924,120,alpha=1.7
2925,143,alpha=1.7
2926,122,alpha=1.7
2927,108,alpha=1.7
2928,75,alpha=1.7
2929,106,alpha=1.7
2930,107,alpha=1.7
2931,107,alpha=1.7
2932,119,alpha=1.7
2933,84,alpha=1.7
2934,85,alpha=1.7
2935,99,alpha=1.7
2936,96,alpha=1.7
2937,92,alpha=1.7
2938,116,alpha=1.7
2939,99,alpha=1.7
2940,92,alpha=1.7
2941,82,alpha=1.7
2942,95,alpha=1.7
2943,108,alpha=1.7
2944,85,alpha=1.7
2945,93,alpha=1.7
2946,84,alpha=1.7
2947,99,alpha=1.7
2948,86,alpha=1.7
2949,88,alpha=1.7
2950,123,alpha=1.7
2951,89,alpha=1.7
2952,54,alpha=1.7
2953,70,alpha=1.7
2954,86,alpha=1.7
2955,102,alpha=1.7
2956,82,alpha=1.7
2957,85,alpha=1.7
2958,133,alpha=1.7
2959,94,alpha=1.7
2960,107,alpha=1.7
2961,74,alpha=1.7
2962,74,alpha=1.7
2963,94,alpha=1.7
2964,98,alpha=1.7
2965,92,alpha=1.7
2966,118,alpha=1.7
2967,157,alpha=1.7
2968,143,alpha=1.7
2969,119,alpha=1.7
2970,95,alpha=1.7
2971,157,alpha=1.7
2972,63,alpha=1.7
2973,99,alpha=1.7
2974,70,alpha=1.7
2975,104,alpha=1.7
2976,118,alpha=1.7
2977,96,alpha=1.7
2978,150,alpha=1.7
2979,92,alpha=1.7
2980,218,alpha=1.7
2981,138,alpha=1.7
2982,94,alpha=1.7
2983,61,alpha=1.7
2984,137,alpha=1.7
2985,82,alpha=1.7
2986,68,alpha=1.7
2987,120,alpha=1.7
2988,113,alpha=1.7
2989,70,alpha=1.7
2990,89,alpha=1.7
2991,113,alpha=1.7
2992,105,alpha=1.7
2993,150,alpha=1.7
2994,133,alpha=1.7
2995,161,alpha=1.7
2996,83,alpha=1.7
2997,105,alpha=1.7
2998,134,alpha=1.7
2999,63,alpha=1.7
3000,113,alpha=1.7
3001,122,alpha=1.7
3002,102,alpha=1.7
3003,72,alpha=1.7
3004,100,alpha=1.7
3005,74,alpha=1.7
3006,129,alpha=1.7
3007,152,alpha=1.7
3008,81,alpha=1.7
3009,66,alpha=1.7
3010,82,alpha=1.7
3011,93,alpha=1.7
3012,82,alpha=1.7
3013,111,alpha=1.7
3014,75,alpha=1.7
3015,84,alpha=1.7
3016,82,alpha=1.7
3017,105,alpha=1.7
3018,110,alpha=1.7
3019,122,alpha=1.7
3020,142,alpha=1.7
3021,75,alpha=1.7
3022,84,alpha=1.7
3023,113,alpha=1.7
3024,143,alpha=1.7
3025,76,alpha=1.7
3026,89,alpha=1.7
3027,107,alpha=1.7
3028,67,alpha=1.7
3029,120,alpha=1.7
3030,111,alpha=1.7
3031,92,alpha=1.7
3032,90,alpha=1.7
3033,113,alpha=1.7
3034,108,alpha=1.7
3035,92,alpha=1.7
3036,120,alpha=1.7
3037,124,alpha=1.7
3038,70,alpha=1.7
3039,89,alpha=1.7
3040,72,alpha=1.7
3041,67,alpha=1.7
3042,81,alpha=1.7
3043,78,alpha=1.7
3044,88,alpha=1.7
3045,108,alpha=1.7
3046,92,alpha=1.7
3047,103,alpha=1.7
3048,90,alpha=1.7
3049,90,alpha=1.7
3050,88,alpha=1.7
3051,84,alpha=1.7
3052,92,alpha=1.7
3053,101,alpha=1.7
3054,140,alpha=1.7
3055,103,alpha=1.7
3056,89,alpha=1.7
3057,105,alpha=1.7
3058,92,alpha=1.7
3059,78,alpha=1.7
3060,143,alpha=1.7
3061,92,alpha=1.7
3062,97,alpha=1.7
3063,95,alpha=1.7
3064,94,alpha=1.7
3065,129,alpha=1.7
3066,131,alpha=1.7
3067,181,alpha=1.7
3068,104,alpha=1.7
3069,78,alpha=1.7
3070,100,alpha=1.7
3071,92,alpha=1.7
3072,108,alpha=1.7
3073,132,alpha=1.7
3074,92,alpha=1.7
3075,350,alpha=1.7
3076,78,alpha=1.7
3077,77,alpha=1.7
3078,118,alpha=1.7
3079,78,alpha=1.7
3080,144,alpha=1.7
3081,110,alpha=1.7
3082,108,alpha=1.7
3083,135,alpha=1.7
3084,135,alpha=1.7
3085,139,alpha=1.7
3086,122,alpha=1.7
3087,125,alpha=1.7
3088,107,alpha=1.7
3089,75,alpha=1.7
3090,61,alpha=1.7
3091,84,alpha=1.7
3092,98,alpha=1.7
3093,103,alpha=1.7
3094,79,alpha=1.7
3095,146,alpha=1.7
3096,102,alpha=1.7
3097,109,alpha=1.7
3098,96,alpha=1.7
3099,94,alpha=1.7
3100,65,alpha=1.7
3101,112,alpha=1.7
3102,100,alpha=1.7
3103,81,alpha=1.7
3104,106,alpha=1.7
3105,149,alpha=1.7
3106,206,alpha=1.7
3107,85,alpha=1.7
3108,93,alpha=1.7
3109,100,alpha=1.7
3110,154,alpha=1.7
3111,104,alpha=1.7
3112,88,alpha=1.7
3113,159,alpha=1.7
3114,85,alpha=1.7
3115,103,alpha=1.7
3116,81,alpha=1.7
3117,80,alpha=1.7
3118,107,alpha=1.7
3119,161,alpha=1.7
3120,156,alpha=1.7
3121,81,alpha=1.7
3122,109,alpha=1.7
3123,141,alpha=1.7
3124,100,alpha=1.7
3125,87,alpha=1.7
3126,85,alpha=1.7
3127,82,alpha=1.7
3128,97,alpha=1.7
3129,103,alpha=1.7
3130,114,alpha=1.7
3131,91,alpha=1.7
3132,82,alpha=1.7
3133,88,alpha=1.7
3134,130,alpha=1.7
3135,76,alpha=1.7
3136,110,alpha=1.7
3137,95,alpha=1.7
3138,101,alpha=1.7
3139,85,alpha=1.7
3140,117,alpha=1.7
3141,102,alpha=1.7
3142,99,alpha=1.7
3143,86,alpha=1.7
3144,107,alpha=1.7
3145,74,alpha=1.7
3146,128,alpha=1.7
3147,82,alpha=1.7
3148,78,alpha=1.7
3149,145,alpha=1.7
3150,101,alpha=1.7
3151,95,alpha=1.7
3152,137,alpha=1.7
3153,88,alpha=1.7
3154,93,alpha=1.7
3155,105,alpha=1.7
3156,100,alpha=1.7
3157,73,alpha=1.7
3158,99,alpha=1.7
3159,83,alpha=1.7
3160,103,alpha=1.7
3161,76,alpha=1.7
3162,104,alpha=1.7
3163,89,alpha=1.7
3164,90,alpha=1.7
3165,74,alpha=1.7
3166,94,alpha=1.7
3167,94,alpha=1.7
3168,106,alpha=1.7
3169,97,alpha=1.7
3170,84,alpha=1.7
3171,99,alpha=1.7
3172,129,alpha=1.7
3173,102,alpha=1.7
3174,80,alpha=1.7
3175,162,alpha=1.7
3176,74,alpha=1.7
3177,100,alpha=1.7
3178,94,alpha=1.7
3179,130,alpha=1.7
3180,89,alpha=1.7
3181,108,alpha=1.7
3182,95,alpha=1.7
3183,120,alpha=1.7
3184,93,alpha=1.7
3185,70,alpha=1.7
3186,82,alpha=1.7
3187,75,alpha=1.7
3188,79,alpha=1.7
3189,107,alpha=1.7
3190,78,alpha=1.7
3191,77,alpha=1.7
3192,118,alpha=1.7
3193,142,alpha=1.7
3194,64,alpha=1.7
3195,82,alpha=1.7
3196,111,alpha=1.7
3197,110,alpha=1.7
3198,85,alpha=1.7
3199,82,alpha=1.7
3200,69,alpha=1.7
3201,123,alpha=1.7
3202,94,alpha=1.7
3203,84,alpha=1.7
3204,86,alpha=1.7
3205,100,alpha=1.7
3206,108,alpha=1.7
3207,77,alpha=1.7
3208,69,alpha=1.7
3209,94,alpha=1.7
3210,87,alpha=1.7
3211,93,alpha=1.7
3212,127,alpha=1.7
3213,79,alpha=1.7
3214,101,alpha=1.7
3215,79,alpha=1.7
3216,64,alpha=1.7
3217,82,alpha=1.7
3218,102,alpha=1.7
3219,133,alpha=1.7
3220,74,alpha=1.7
3221,98,alpha=1.7
3222,78,alpha=1.7
3223,79,alpha=1.7
3224,146,alpha=1.7
3225,121,alpha=1.7
3226,114,alpha=1.7
3227,69,alpha=1.7
3228,81,alpha=1.7
3229,100,alpha=1.7
3230,94,alpha=1.7
3231,106,alpha=1.7
3232,93,alpha=1.7
3233,102,alpha=1.7
3234,74,alpha=1.7
3235,91,alpha=1.7
3236,114,alpha=1.7
3237,102,alpha=1.7
3238,55,alpha=1.7
3239,77,alpha=1.7
3240,118,alpha=1.7
3241,88,alpha=1.7
3242,70,alpha=1.7
3243,84,alpha=1.7
3244,81,alpha=1.7
3245,122,alpha=1.7
3246,91,alpha=1.7
3247,115,alpha=1.7
3248,193,alpha=1.7
3249,109,alpha=1.7
3250,101,alpha=1.7
3251,75,alpha=1.7
3252,83,alpha=1.7
3253,61,alpha=1.7
3254,100,alpha=1.7
3255,97,alpha=1.7
3256,131,alpha=1.7
3257,95,alpha=1.7
3258,96,alpha=1.7
3259,98,alpha=1.7
3260,96,alpha=1.7
3261,134,alpha=1.7
3262,100,alpha=1.7
3263,90,alpha=1.7
3264,105,alpha=1.7
3265,109,alpha=1.7
3266,69,alpha=1.7
3267,93,alpha=1.7
3268,118,alpha=1.7
3269,123,alpha=1.7
3270,95,alpha=1.7
3271,109,alpha=1.7
3272,93,alpha=1.7
3273,67,alpha=1.7
3274,74,alpha=1.7
3275,138,alpha=1.7
3276,69,alpha=1.7
3277,106,alpha=1.7
3278,121,alpha=1.7
3279,99,alpha=1.7
3280,107,alpha=1.7
3281,95,alpha=1.7
3282,157,alpha=1.7
3283,65,alpha=1.7
3284,92,alpha=1.7
3285,124,alpha=1.7
3286,74,alpha=1.7
3287,89,alpha=1.7
3288,94,alpha=1.7
3289,105,alpha=1.7
3290,88,alpha=1.7
3291,178,alpha=1.7
3292,101,alpha=1.7
3293,55,alpha=1.7
3294,92,alpha=1.7
3295,123,alpha=1.7
3296,91,alpha=1.7
3297,82,alpha=1.7
3298,80,alpha=1.7
3299,97,alpha=1.7
3300,104,alpha=1.7
3301,102,alpha=1.7
3302,76,alpha=1.7
3303,78,alpha=1.7
3304,71,alpha=1.7
3305,90,alpha=1.7
3306,105,alpha=1.7
3307,109,alpha=1.7
3308,82,alpha=1.7
3309,70,alpha=1.7
3310,107,alpha=1.7
3311,109,alpha=1.7
3312,99,alpha=1.7
3313,104,alpha=1.7
3314,101,alpha=1.7
3315,90,alpha=1.7
3316,112,alpha=1.7
3317,100,alpha=1.7
3318,73,alpha=1.7
3319,91,alpha=1.7
3320,87,alpha=1.7
3321,102,alpha=1.7
3322,81,alpha=1.7
3323,97,alpha=1.7
3324,131,alpha=1.7
3325,192,alpha=1.7
3326,109,alpha=1.7
3327,72,alpha=1.7
3328,85,alpha=1.7
3329,93,alpha=1.7
3330,111,alpha=1.7
3331,116,alpha=1.7
3332,83,alpha=1.7
3333,84,alpha=1.7
3334,102,alpha=1.7
3335,82,alpha=1.7
3336,75,alpha=1.7
3337,88,alpha=1.7
3338,77,alpha=1.7
3339,69,alpha=1.7
3340,131,alpha=1.7
3341,83,alpha=1.7
3342,71,alpha=1.7
3343,100,alpha=1.7
3344,106,alpha=1.7
3345,124,alpha=1.7
3346,77,alpha=1.7
3347,106,alpha=1.7
3348,74,alpha=1.7
3349,112,alpha=1.7
3350,72,alpha=1.7
3351,119,alpha=1.7
3352,129,alpha=1.7
3353,82,alpha=1.7
3354,107,alpha=1.7
3355,72,alpha=1.7
3356,86,alpha=1.7
3357,121,alpha=1.7
3358,104,alpha=1.7
3359,86,alpha=1.7
3360,91,alpha=1.7
3361,82,alpha=1.7
3362,94,alpha=1.7
3363,61,alpha=1.7
3364,179,alpha=1.7
3365,110,alpha=1.7
3366,87,alpha=1.7
3367,83,alpha=1.7
3368,118,alpha=1.7
3369,193,alpha=1.7
3370,80,alpha=1.7
3371,115,alpha=1.7
3372,87,alpha=1.7
3373,99,alpha=1.7
3374,80,alpha=1.7
3375,280,alpha=1.7
3376,86,alpha=1.7
3377,134,alpha=1.7
3378,99,alpha=1.7
3379,89,alpha=1.7
3380,135,alpha=1.7
3381,84,alpha=1.7
3382,89,alpha=1.7
3383,115,alpha=1.7
3384,121,alpha=1.7
3385,115,alpha=1.7
3386,110,alpha=1.7
3387,119,alpha=1.7
3388,152,alpha=1.7
3389,80,alpha=1.7
3390,94,alpha=1.7
3391,110,alpha=1.7
3392,85,alpha=1.7
3393,110,alpha=1.7
3394,66,alpha=1.7
3395,110,alpha=1.7
3396,81,alpha=1.7
3397,79,alpha=1.7
3398,140,alpha=1.7
3399,80,alpha=1.7
3400,81,alpha=1.7
3401,102,alpha=1.7
3402,83,alpha=1.7
3403,105,alpha=1.7
3404,135,alpha=1.7
3405,118,alpha=1.7
3406,67,alpha=1.7
3407,73,alpha=1.7
3408,83,alpha=1.7
3409,134,alpha=1.7
3410,88,alpha=1.7
3411,99,alpha=1.7
3412,143,alpha=1.7
3413,107,alpha=1.7
3414,109,alpha=1.7
3415,105,alpha=1.7
3416,66,alpha=1.7
3417,106,alpha=1.7
3418,93,alpha=1.7
3419,114,alpha=1.7
3420,105,alpha=1.7
3421,92,alpha=1.7
3422,78,alpha=1.7
3423,110,alpha=1.7
3424,89,alpha=1.7
3425,95,alpha=1.7
3426,109,alpha=1.7
3427,116,alpha=1.7
3428,89,alpha=1.7
3429,72,alpha=1.7
3430,103,alpha=1.7
3431,135,alpha=1.7
3432,96,alpha=1.7
3433,121,alpha=1.7
3434,107,alpha=1.7
3435,130,alpha=1.7
3436,93,alpha=1.7
3437,98,alpha=1.7
3438,101,alpha=1.7
3439,76,alpha=1.7
3440,90,alpha=1.7
3441,110,alpha=1.7
3442,95,alpha=1.7
3443,143,alpha=1.7
3444,92,alpha=1.7
3445,87,alpha=1.7
3446,90,alpha=1.7
3447,91,alpha=1.7
3448,192,alpha=1.7
3449,111,alpha=1.7
3450,99,alpha=1.7
3451,124,alpha=1.7
3452,67,alpha=1.7
3453,69,alpha=1.7
3454,68,alpha=1.7
3455,100,alpha=1.7
3456,91,alpha=1.7
3457,92,alpha=1.7
3458,102,alpha=1.7
3459,73,alpha=1.7
3460,92,alpha=1.7
3461,72,alpha=1.7
3462,76,alpha=1.7
3463,98,alpha=1.7
3464,96,alpha=1.7
3465,88,alpha=1.7
3466,96,alpha=1.7
3467,115,alpha=1.7
3468,74,alpha=1.7
3469,226,alpha=1.7
3470,77,alpha=1.7
3471,94,alpha=1.7
3472,75,alpha=1.7
3473,127,alpha=1.7
3474,136,alpha=1.7
3475,108,alpha=1.7
3476,92,alpha=1.7
3477,85,alpha=1.7
3478,93,alpha=1.7
3479,81,alpha=1.7
3480,61,alpha=1.7
3481,100,alpha=1.7
3482,93,alpha=1.7
3483,75,alpha=1.7
3484,78,alpha=1.7
3485,90,alpha=1.7
3486,155,alpha=1.7
3487,118,alpha=1.7
3488,115,alpha=1.7
3489,107,alpha=1.7
3490,93,alpha=1.7
3491,138,alpha=1.7
3492,91,alpha=1.7
3493,98,alpha=1.7
3494,141,alpha=1.7
3495,62,alpha=1.7
3496,85,alpha=1.7
3497,144,alpha=1.7
3498,97,alpha=1.7
3499,199,alpha=1.7
3500,115,alpha=1.7
3501,96,alpha=1.7
3502,89,alpha=1.7
3503,97,alpha=1.7
3504,98,alpha=1.7
3505,110,alpha=1.7
3506,111,alpha=1.7
3507,134,alpha=1.7
3508,91,alpha=1.7
3509,104,alpha=1.7
3510,98,alpha=1.7
3511,165,alpha=1.7
3512,76,alpha=1.7
3513,156,alpha=1.7
3514,83,alpha=1.7
3515,134,alpha=1.7
3516,85,alpha=1.7
3517,93,alpha=1.7
3518,103,alpha=1.7
3519,141,alpha=1.7
3520,135,alpha=1.7
3521,69,alpha=1.7
3522,93,alpha=1.7
3523,123,alpha=1.7
3524,141,alpha=1.7
3525,69,alpha=1.7
3526,144,alpha=1.7
3527,115,alpha=1.7
3528,105,alpha=1.7
3529,97,alpha=1.7
3530,91,alpha=1.7
3531,66,alpha=1.7
3532,89,alpha=1.7
3533,103,alpha=1.7
3534,154,alpha=1.7
3535,87,alpha=1.7
3536,89,alpha=1.7
3537,70,alpha=1.7
3538,79,alpha=1.7
3539,76,alpha=1.7
3540,87,alpha=1.7
3541,82,alpha=1.7
3542,77,alpha=1.7
3543,105,alpha=1.7
3544,99,alpha=1.7
3545,116,alpha=1.7
3546,78,alpha=1.7
3547,96,alpha=1.7
3548,103,alpha=1.7
3549,124,alpha=1.7
3550,71,alpha=1.7
3551,76,alpha=1.7
3552,98,alpha=1.7
3553,80,alpha=1.7
3554,73,alpha=1.7
3555,109,alpha=1.7
3556,87,alpha=1.7
3557,86,alpha=1.7
3558,97,alpha=1.7
3559,80,alpha=1.7
3560,146,alpha=1.7
3561,129,alpha=1.7
3562,71,alpha=1.7
3563,90,alpha=1.7
3564,93,alpha=1.7
3565,139,alpha=1.7
3566,83,alpha=1.7
3567,96,alpha=1.7
3568,72,alpha=1.7
3569,82,alpha=1.7
3570,71,alpha=1.7
3571,110,alpha=1.7
3572,161,alpha=1.7
3573,160,alpha=1.7
3574,120,alpha=1.7
3575,78,alpha=1.7
3576,72,alpha=1.7
3577,82,alpha=1.7
3578,109,alpha=1.7
3579,77,alpha=1.7
3580,83,alpha=1.7
3581,153,alpha=1.7
3582,86,alpha=1.7
3583,98,alpha=1.7
3584,73,alpha=1.7
3585,74,alpha=1.7
3586,136,alpha=1.7
3587,85,alpha=1.7
3588,78,alpha=1.7
3589,73,alpha=1.7
3590,136,alpha=1.7
3591,96,alpha=1.7
3592,91,alpha=1.7
3593,89,alpha=1.7
3594,79,alpha=1.7
3595,66,alpha=1.7
3596,72,alpha=1.7
3597,130,alpha=1.7
3598,104,alpha=1.7
3599,89,alpha=1.7
3600,76,alpha=1.7
3601,76,alpha=1.7
3602,71,alpha=1.7
3603,99,alpha=1.7
3604,98,alpha=1.7
3605,97,alpha=1.7
3606,101,alpha=1.7
3607,101,alpha=1.7
3608,103,alpha=1.7
3609,82,alpha=1.7
3610,111,alpha=1.7
3611,73,alpha=1.7
3612,112,alpha=1.7
3613,146,alpha=1.7
3614,97,alpha=1.7
3615,89,alpha=1.7
3616,107,alpha=1.7
3617,72,alpha=1.7
3618,106,alpha=1.7
3619,75,alpha=1.7
3620,101,alpha=1.7
3621,79,alpha=1.7
3622,109,alpha=1.7
3623,93,alpha=1.7
3624,92,alpha=1.7
3625,73,alpha=1.7
3626,157,alpha=1.7
3627,93,alpha=1.7
3628,76,alpha=1.7
3629,102,alpha=1.7
3630,79,alpha=1.7
3631,135,alpha=1.7
3632,95,alpha=1.7
3633,122,alpha=1.7
3634,130,alpha=1.7
3635,131,alpha=1.7
3636,150,alpha=1.7
3637,91,alpha=1.7
3638,83,alpha=1.7
3639,91,alpha=1.7
3640,119,alpha=1.7
3641,104,alpha=1.7
3642,140,alpha=1.7
3643,102,alpha=1.7
3644,83,alpha=1.7
3645,141,alpha=1.7
3646,70,alpha=1.7
3647,67,alpha=1.7
3648,102,alpha=1.7
3649,131,alpha=1.7
3650,98,alpha=1.7
3651,107,alpha=1.7
3652,96,alpha=1.7
3653,90,alpha=1.7
3654,126,alpha=1.7
3655,115,alpha=1.7
3656,109,alpha=1.7
3657,62,alpha=1.7
3658,116,alpha=1.7
3659,52,alpha=1.7
3660,102,alpha=1.7
3661,117,alpha=1.7
3662,109,alpha=1.7
3663,74,alpha=1.7
3664,99,alpha=1.7
3665,116,alpha=1.7
3666,94,alpha=1.7
3667,132,alpha=1.7
3668,103,alpha=1.7
3669,95,alpha=1.7
3670,95,alpha=1.7
3671,142,alpha=1.7
3672,100,alpha=1.7
3673,128,alpha=1.7
3674,128,alpha=1.7
3675,113,alpha=1.7
3676,66,alpha=1.7
3677,87,alpha=1.7
3678,78,alpha=1.7
3679,91,alpha=1.7
3680,80,alpha=1.7
3681,87,alpha=1.7
3682,103,alpha=1.7
3683,82,alpha=1.7
3684,94,alpha=1.7
3685,142,alpha=1.7
3686,119,alpha=1.7
3687,78,alpha=1.7
3688,90,alpha=1.7
3689,75,alpha=1.7
3690,67,alpha=1.7
3691,129,alpha=1.7
3692,111,alpha=1.7
3693,108,alpha=1.7
3694,163,alpha=1.7
3695,96,alpha=1.7
3696,179,alpha=1.7
3697,86,alpha=1.7
3698,132,alpha=1.7
3699,93,alpha=1.7
3700,142,alpha=1.7
3701,93,alpha=1.7
3702,109,alpha=1.7
3703,81,alpha=1.7
3704,89,alpha=1.7
3705,101,alpha=1.7
3706,128,alpha=1.7
3707,105,alpha=1.7
3708,75,alpha=1.7
3709,93,alpha=1.7
3710,87,alpha=1.7
3711,94,alpha=1.7
3712,138,alpha=1.7
3713,56,alpha=1.7
3714,138,alpha=1.7
3715,75,alpha=1.7
3716,105,alpha=1.7
3717,124,alpha=1.7
3718,91,alpha=1.7
3719,103,alpha=1.7
3720,78,alpha=1.7
3721,86,alpha=1.7
3722,93,alpha=1.7
3723,75,alpha=1.7
3724,83,alpha=1.7
3725,72,alpha=1.7
3726,140,alpha=1.7
3727,94,alpha=1.7
3728,155,alpha=1.7
3729,109,alpha=1.7
3730,90,alpha=1.7
3731,80,alpha=1.7
3732,128,alpha=1.7
3733,81,alpha=1.7
3734,125,alpha=1.7
3735,91,alpha=1.7
3736,110,alpha=1.7
3737,90,alpha=1.7
3738,46,alpha=1.7
3739,73,alpha=1.7
3740,118,alpha=1.7
3741,146,alpha=1.7
3742,109,alpha=1.7
3743,99,alpha=1.7
3744,89,alpha=1.7
3745,117,alpha=1.7
3746,92,alpha=1.7
3747,84,alpha=1.7
3748,111,alpha=1.7
3749,126,alpha=1.7
3750,109,alpha=1.7
3751,89,alpha=1.7
3752,63,alpha=1.7
3753,78,alpha=1.7
3754,119,alpha=1.7
3755,91,alpha=1.7
3756,138,alpha=1.7
3757,91,alpha=1.7
3758,75,alpha=1.7
3759,75,alpha=1.7
3760,89,alpha=1.7
3761,82,alpha=1.7
3762,525,alpha=1.7
3763,105,alpha=1.7
3764,80,alpha=1.7
3765,81,alpha=1.7
3766,92,alpha=1.7
3767,75,alpha=1.7
3768,113,alpha=1.7
3769,107,alpha=1.7
3770,100,alpha=1.7
3771,103,alpha=1.7
3772,68,alpha=1.7
3773,115,alpha=1.7
3774,94,alpha=1.7
3775,142,alpha=1.7
3776,95,alpha=1.7
3777,124,alpha=1.7
3778,98,alpha=1.7
3779,74,alpha=1.7
3780,97,alpha=1.7
3781,85,alpha=1.7
3782,87,alpha=1.7
3783,156,alpha=1.7
3784,173,alpha=1.7
3785,69,alpha=1.7
3786,90,alpha=1.7
3787,101,alpha=1.7
3788,93,alpha=1.7
3789,74,alpha=1.7
3790,102,alpha=1.7
3791,88,alpha=1.7
3792,89,alpha=1.7
3793,75,alpha=1.7
3794,88,alpha=1.7
3795,71,alpha=1.7
3796,87,alpha=1.7
3797,72,alpha=1.7
3798,76,alpha=1.7
3799,89,alpha=1.7
3800,122,alpha=1.7
3801,113,alpha=1.7
3802,108,alpha=1.7
3803,105,alpha=1.7
3804,91,alpha=1.7
3805,90,alpha=1.7
3806,81,alpha=1.7
3807,90,alpha=1.7
3808,112,alpha=1.7
3809,108,alpha=1.7
3810,96,alpha=1.7
3811,111,alpha=1.7
3812,86,alpha=1.7
3813,82,alpha=1.7
3814,81,alpha=1.7
3815,102,alpha=1.7
3816,78,alpha=1.7
3817,92,alpha=1.7
3818,113,alpha=1.7
3819,138,alpha=1.7
3820,112,alpha=1.7
3821,90,alpha=1.7
3822,111,alpha=1.7
3823,107,alpha=1.7
3824,66,alpha=1.7
3825,121,alpha=1.7
3826,84,alpha=1.7
3827,103,alpha=1.7
3828,113,alpha=1.7
3829,106,alpha=1.7
3830,86,alpha=1.7
3831,92,alpha=1.7
3832,106,alpha=1.7
3833,95,alpha=1.7
3834,78,alpha=1.7
3835,125,alpha=1.7
3836,91,alpha=1.7
3837,187,alpha=1.7
3838,59,alpha=1.7
3839,89,alpha=1.7
3840,94,alpha=1.7
3841,84,alpha=1.7
3842,98,alpha=1.7
3843,255,alpha=1.7
3844,99,alpha=1.7
3845,87,alpha=1.7
3846,86,alpha=1.7
3847,58,alpha=1.7
3848,83,alpha=1.7
3849,112,alpha=1.7
3850,110,alpha=1.7
3851,103,alpha=1.7
3852,83,alpha=1.7
3853,114,alpha=1.7
3854,76,alpha=1.7
3855,81,alpha=1.7
3856,76,alpha=1.7
3857,71,alpha=1.7
3858,119,alpha=1.7
3859,127,alpha=1.7
3860,102,alpha=1.7
3861,110,alpha=1.7
3862,108,alpha=1.7
3863,195,alpha=1.7
3864,86,alpha=1.7
3865,121,alpha=1.7
3866,86,alpha=1.7
3867,83,alpha=1.7
3868,59,alpha=1.7
3869,115,alpha=1.7
3870,103,alpha=1.7
3871,91,alpha=1.7
3872,88,alpha=1.7
3873,79,alpha=1.7
3874,117,alpha=1.7
3875,74,alpha=1.7
3876,100,alpha=1.7
3877,101,alpha=1.7
3878,75,alpha=1.7
3879,101,alpha=1.7
3880,71,alpha=1.7
3881,106,alpha=1.7
3882,76,alpha=1.7
3883,79,alpha=1.7
3884,85,alpha=1.7
3885,68,alpha=1.7
3886,90,alpha=1.7
3887,75,alpha=1.7
3888,84,alpha=1.7
3889,105,alpha=1.7
3890,79,alpha=1.7
3891,70,alpha=1.7
3892,62,alpha=1.7
3893,106,alpha=1.7
3894,106,alpha=1.7
3895,126,alpha=1.7
3896,95,alpha=1.7
3897,74,alpha=1.7
3898,94,alpha=1.7
3899,94,alpha=1.7
3900,93,alpha=1.7
3901,176,alpha=1.7
3902,106,alpha=1.7
3903,117,alpha=1.7
3904,49,alpha=1.7
3905,187,alpha=1.7
3906,78,alpha=1.7
3907,115,alpha=1.7
3908,126,alpha=1.7
3909,146,alpha=1.7
3910,112,alpha=1.7
3911,95,alpha=1.7
3912,100,alpha=1.7
3913,81,alpha=1.7
3914,93,alpha=1.7
3915,97,alpha=1.7
3916,126,alpha=1.7
3917,122,alpha=1.7
3918,135,alpha=1.7
3919,107,alpha=1.7
3920,96,alpha=1.7
3921,107,alpha=1.7
3922,72,alpha=1.7
3923,86,alpha=1.7
3924,75,alpha=1.7
3925,95,alpha=1.7
3926,100,alpha=1.7
3927,125,alpha=1.7
3928,121,alpha=1.7
3929,121,alpha=1.7
3930,65,alpha=1.7
3931,104,alpha=1.7
3932,97,alpha=1.7
3933,75,alpha=1.7
3934,97,alpha=1.7
3935,188,alpha=1.7
3936,103,alpha=1.7
3937,89,alpha=1.7
3938,111,alpha=1.7
3939,69,alpha=1.7
3940,120,alpha=1.7
3941,130,alpha=1.7
3942,84,alpha=1.7
3943,55,alpha=1.7
3944,76,alpha=1.7
3945,99,alpha=1.7
3946,121,alpha=1.7
3947,89,alpha=1.7
3948,62,alpha=1.7
3949,68,alpha=1.7
3950,74,alpha=1.7
3951,90,alpha=1.7
3952,77,alpha=1.7
3953,104,alpha=1.7
3954,77,alpha=1.7
3955,69,alpha=1.7
3956,67,alpha=1.7
3957,124,alpha=1.7
3958,118,alpha=1.7
3959,88,alpha=1.7
3960,76,alpha=1.7
3961,92,alpha=1.7
3962,95,alpha=1.7
3963,116,alpha=1.7
3964,93,alpha=1.7
3965,81,alpha=1.7
3966,62,alpha=1.7
3967,82,alpha=1.7
3968,115,alpha=1.7
3969,82,alpha=1.7
3970,97,alpha=1.7
3971,125,alpha=1.7
3972,103,alpha=1.7
3973,71,alpha=1.7
3974,97,alpha=1.7
3975,92,alpha=1.7
3976,117,alpha=1.7
3977,118,alpha=1.7
3978,114,alpha=1.7
3979,105,alpha=1.7
3980,101,alpha=1.7
3981,81,alpha=1.7
3982,70,alpha=1.7
3983,79,alpha=1.7
3984,108,alpha=1.7
3985,77,alpha=1.7
3986,77,alpha=1.7
3987,93,alpha=1.7
3988,61,alpha=1.7
3989,307,alpha=1.7
3990,88,alpha=1.7
3991,77,alpha=1.7
3992,103,alpha=1.7
3993,98,alpha=1.7
3994,114,alpha=1.7
3995,65,alpha=1.7
3996,95,alpha=1.7
3997,108,alpha=1.7
3998,751,alpha=1.7
3999,70,alpha=1.7
4000,112,alpha=1.7
4001,80,alpha=1.7
4002,217,alpha=1.7
4003,78,alpha=1.7
4004,117,alpha=1.7
4005,74,alpha=1.7
4006,88,alpha=1.7
4007,67,alpha=1.7
4008,96,alpha=1.7
4009,85,alpha=1.7
4010,78,alpha=1.7
4011,87,alpha=1.7
4012,70,alpha=1.7
4013,119,alpha=1.7
4014,76,alpha=1.7
4015,88,alpha=1.7
4016,78,alpha=1.7
4017,113,alpha=1.7
4018,85,alpha=1.7
4019,150,alpha=1.7
4020,119,alpha=1.7
4021,93,alpha=1.7
4022,98,alpha=1.7
4023,86,alpha=1.7
4024,122,alpha=1.7
4025,94,alpha=1.7
4026,118,alpha=1.7
4027,111,alpha=1.7
4028,172,alpha=1.7
4029,112,alpha=1.7
4030,97,alpha=1.7
4031,119,alpha=1.7
4032,75,alpha=1.7
4033,96,alpha=1.7
4034,91,alpha=1.7
4035,90,alpha=1.7
4036,151,alpha=1.7
4037,64,alpha=1.7
4038,72,alpha=1.7
4039,132,alpha=1.7
4040,115,alpha=1.7
4041,122,alpha=1.7
4042,100,alpha=1.7
4043,101,alpha=1.7
4044,79,alpha=1.7
4045,99,alpha=1.7
4046,73,alpha=1.7
4047,85,alpha=1.7
4048,77,alpha=1.7
4049,93,alpha=1.7
4050,69,alpha=1.7
4051,147,alpha=1.7
4052,129,alpha=1.7
4053,77,alpha=1.7
4054,92,alpha=1.7
4055,91,alpha=1.7
4056,95,alpha=1.7
4057,105,alpha=1.7
4058,137,alpha=1.7
4059,83,alpha=1.7
4060,86,alpha=1.7
4061,110,alpha=1.7
4062,81,alpha=1.7
4063,105,alpha=1.7
4064,163,alpha=1.7
4065,90,alpha=1.7
4066,237,alpha=1.7
4067,64,alpha=1.7
4068,88,alpha=1.7
4069,87,alpha=1.7
4070,80,alpha=1.7
4071,162,alpha=1.7
4072,86,alpha=1.7
4073,105,alpha=1.7
4074,93,alpha=1.7
4075,122,alpha=1.7
4076,104,alpha=1.7
4077,112,alpha=1.7
4078,104,alpha=1.7
4079,121,alpha=1.7
4080,89,alpha=1.7
4081,71,alpha=1.7
4082,95,alpha=1.7
4083,91,alpha=1.7
4084,90,alpha=1.7
4085,78,alpha=1.7
4086,119,alpha=1.7
4087,100,alpha=1.7
4088,126,alpha=1.7
4089,115,alpha=1.7
4090,122,alpha=1.7
4091,88,alpha=1.7
4092,369,alpha=1.7
4093,83,alpha=1.7
4094,114,alpha=1.7
4095,89,alpha=1.7
4096,68,alpha=1.7
4097,120,alpha=1.7
4098,139,alpha=1.7
4099,73,alpha=1.7
4100,116,alpha=1.7
4101,84,alpha=1.7
4102,179,alpha=1.7
4103,115,alpha=1.7
4104,72,alpha=1.7
4105,105,alpha=1.7
4106,77,alpha=1.7
4107,94,alpha=1.7
4108,93,alpha=1.7
4109,83,alpha=1.7
4110,94,alpha=1.7
4111,167,alpha=1.7
4112,98,alpha=1.7
4113,680,alpha=1.7
4114,114,alpha=1.7
4115,86,alpha=1.7
4116,103,alpha=1.7
4117,113,alpha=1.7
4118,101,alpha=1.7
4119,93,alpha=1.7
4120,131,alpha=1.7
4121,96,alpha=1.7
4122,103,alpha=1.7
4123,60,alpha=1.7
4124,77,alpha=1.7
4125,87,alpha=1.7
4126,70,alpha=1.7
4127,121,alpha=1.7
4128,104,alpha=1.7
4129,76,alpha=1.7
4130,100,alpha=1.7
4131,69,alpha=1.7
4132,67,alpha=1.7
4133,81,alpha=1.7
4134,120,alpha=1.7
4135,96,alpha=1.7
4136,96,alpha=1.7
4137,79,alpha=1.7
4138,71,alpha=1.7
4139,100,alpha=1.7
4140,77,alpha=1.7
4141,80,alpha=1.7
4142,87,alpha=1.7
4143,76,alpha=1.7
4144,98,alpha=1.7
4145,91,alpha=1.7
4146,80,alpha=1.7
4147,60,alpha=1.7
4148,116,alpha=1.7
4149,84,alpha=1.7
4150,89,alpha=1.7
4151,100,alpha=1.7
4152,104,alpha=1.7
4153,90,alpha=1.7
4154,156,alpha=1.7
4155,84,alpha=1.7
4156,115,alpha=1.7
4157,159,alpha=1.7
4158,110,alpha=1.7
4159,95,alpha=1.7
4160,119,alpha=1.7
4161,102,alpha=1.7
4162,113,alpha=1.7
4163,100,alpha=1.7
4164,72,alpha=1.7
4165,83,alpha=1.7
4166,93,alpha=1.7
4167,78,alpha=1.7
4168,107,alpha=1.7
4169,70,alpha=1.7
4170,95,alpha=1.7
4171,81,alpha=1.7
4172,126,alpha=1.7
4173,78,alpha=1.7
4174,75,alpha=1.7
4175,90,alpha=1.7
4176,130,alpha=1.7
4177,83,alpha=1.7
4178,73,alpha=1.7
4179,65,alpha=1.7
4180,74,alpha=1.7
4181,99,alpha=1.7
4182,64,alpha=1.7
4183,99,alpha=1.7
4184,107,alpha=1.7
4185,128,alpha=1.7
4186,67,alpha=1.7
4187,102,alpha=1.7
4188,104,alpha=1.7
4189,108,alpha=1.7
4190,116,alpha=1.7
4191,103,alpha=1.7
4192,72,alpha=1.7
4193,81,alpha=1.7
4194,104,alpha=1.7
4195,71,alpha=1.7
4196,76,alpha=1.7
4197,97,alpha=1.7
4198,85,alpha=1.7
4199,73,alpha=1.7
4200,77,alpha=1.7
4201,71,alpha=1.7
4202,104,alpha=1.7
4203,156,alpha=1.7
4204,97,alpha=1.7
4205,82,alpha=1.7
4206,117,alpha=1.7
4207,90,alpha=1.7
4208,80,alpha=1.7
4209,94,alpha=1.7
4210,73,alpha=1.7
4211,91,alpha=1.7
4212,92,alpha=1.7
4213,67,alpha=1.7
4214,101,alpha=1.7
4215,115,alpha=1.7
4216,84,alpha=1.7
4217,70,alpha=1.7
4218,73,alpha=1.7
4219,77,alpha=1.7
4220,75,alpha=1.7
4221,76,alpha=1.7
4222,103,alpha=1.7
4223,98,alpha=1.7
4224,100,alpha=1.7
4225,96,alpha=1.7
4226,86,alpha=1.7
4227,76,alpha=1.7
4228,96,alpha=1.7
4229,85,alpha=1.7
4230,78,alpha=1.7
4231,86,alpha=1.7
4232,79,alpha=1.7
4233,87,alpha=1.7
4234,122,alpha=1.7
4235,186,alpha=1.7
4236,67,alpha=1.7
4237,95,alpha=1.7
4238,85,alpha=1.7
4239,117,alpha=1.7
4240,77,alpha=1.7
4241,93,alpha=1.7
4242,73,alpha=1.7
4243,131,alpha=1.7
4244,90,alpha=1.7
4245,72,alpha=1.7
4246,92,alpha=1.7
4247,108,alpha=1.7
4248,100,alpha=1.7
4249,135,alpha=1.7
4250,73,alpha=1.7
4251,89,alpha=1.7
4252,89,alpha=1.7
4253,114,alpha=1.7
4254,116,alpha=1.7
4255,110,alpha=1.7
4256,96,alpha=1.7
4257,111,alpha=1.7
4258,77,alpha=1.7
4259,80,alpha=1.7
4260,63,alpha=1.7
4261,93,alpha=1.7
4262,117,alpha=1.7
4263,85,alpha=1.7
4264,74,alpha=1.7
4265,93,alpha=1.7
4266,96,alpha=1.7
4267,73,alpha=1.7
4268,94,alpha=1.7
4269,92,alpha=1.7
4270,88,alpha=1.7
4271,78,alpha=1.7
4272,103,alpha=1.7
4273,69,alpha=1.7
4274,99,alpha=1.7
4275,84,alpha=1.7
4276,131,alpha=1.7
4277,87,alpha=1.7
4278,122,alpha=1.7
4279,155,alpha=1.7
4280,102,alpha=1.7
4281,119,alpha=1.7
4282,85,alpha=1.7
4283,135,alpha=1.7
4284,81,alpha=1.7
4285,77,alpha=1.7
4286,89,alpha=1.7
4287,95,alpha=1.7
4288,83,alpha=1.7
4289,100,alpha=1.7
4290,102,alpha=1.7
4291,83,alpha=1.7
4292,107,alpha=1.7
4293,105,alpha=1.7
4294,80,alpha=1.7
4295,125,alpha=1.7
4296,96,alpha=1.7
4297,84,alpha=1.7
4298,94,alpha=1.7
4299,84,alpha=1.7
4300,73,alpha=1.7
4301,58,alpha=1.7
4302,132,alpha=1.7
4303,129,alpha=1.7
4304,67,alpha=1.7
4305,120,alpha=1.7
4306,131,alpha=1.7
4307,74,alpha=1.7
4308,98,alpha=1.7
4309,110,alpha=1.7
4310,81,alpha=1.7
4311,176,alpha=1.7
4312,73,alpha=1.7
4313,124,alpha=1.7
4314,110,alpha=1.7
4315,93,alpha=1.7
4316,71,alpha=1.7
4317,100,alpha=1.7
4318,103,alpha=1.7
4319,112,alpha=1.7
4320,90,alpha=1.7
4321,135,alpha=1.7
4322,101,alpha=1.7
4323,90,alpha=1.7
4324,71,alpha=1.7
4325,89,alpha=1.7
4326,96,alpha=1.7
4327,56,alpha=1.7
4328,86,alpha=1.7
4329,112,alpha=1.7
4330,73,alpha=1.7
4331,105,alpha=1.7
4332,89,alpha=1.7
4333,140,alpha=1.7
4334,96,alpha=1.7
4335,97,alpha=1.7
4336,122,alpha=1.7
4337,73,alpha=1.7
4338,97,alpha=1.7
4339,131,alpha=1.7
4340,161,alpha=1.7
4341,89,alpha=1.7
4342,79,alpha=1.7
4343,90,alpha=1.7
4344,102,alpha=1.7
4345,94,alpha=1.7
4346,188,alpha=1.7
4347,89,alpha=1.7
4348,97,alpha=1.7
4349,178,alpha=1.7
4350,636,alpha=1.7
4351,90,alpha=1.7
4352,89,alpha=1.7
4353,49,alpha=1.7
4354,84,alpha=1.7
4355,403,alpha=1.7
4356,76,alpha=1.7
4357,86,alpha=1.7
4358,140,alpha=1.7
4359,52,alpha=1.7
4360,92,alpha=1.7
4361,88,alpha=1.7
4362,89,alpha=1.7
4363,82,alpha=1.7
4364,121,alpha=1.7
4365,109,alpha=1.7
4366,79,alpha=1.7
4367,84,alpha=1.7
4368,101,alpha=1.7
4369,131,alpha=1.7
4370,97,alpha=1.7
4371,105,alpha=1.7
4372,130,alpha=1.7
4373,85,alpha=1.7
4374,62,alpha=1.7
4375,96,alpha=1.7
4376,51,alpha=1.7
4377,108,alpha=1.7
4378,102,alpha=1.7
4379,78,alpha=1.7
4380,107,alpha=1.7
4381,80,alpha=1.7
4382,81,alpha=1.7
4383,70,alpha=1.7
4384,90,alpha=1.7
4385,114,alpha=1.7
4386,84,alpha=1.7
4387,90,alpha=1.7
4388,94,alpha=1.7
4389,82,alpha=1.7
4390,95,alpha=1.7
4391,76,alpha=1.7
4392,108,alpha=1.7
4393,117,alpha=1.7
4394,128,alpha=1.7
4395,75,alpha=1.7
4396,84,alpha=1.7
4397,100,alpha=1.7
4398,79,alpha=1.7
4399,112,alpha=1.7
4400,118,alpha=1.7
4401,118,alpha=1.7
4402,78,alpha=1.7
4403,103,alpha=1.7
4404,96,alpha=1.7
4405,117,alpha=1.7
4406,69,alpha=1.7
4407,69,alpha=1.7
4408,85,alpha=1.7
4409,91,alpha=1.7
4410,102,alpha=1.7
4411,99,alpha=1.7
4412,100,alpha=1.7
4413,98,alpha=1.7
4414,73,alpha=1.7
4415,60,alpha=1.7
4416,116,alpha=1.7
4417,97,alpha=1.7
4418,115,alpha=1.7
4419,93,alpha=1.7
4420,92,alpha=1.7
4421,61,alpha=1.7
4422,75,alpha=1.7
4423,65,alpha=1.7
4424,82,alpha=1.7
4425,93,alpha=1.7
4426,77,alpha=1.7
4427,86,alpha=1.7
4428,86,alpha=1.7
4429,133,alpha=1.7
4430,83,alpha=1.7
4431,90,alpha=1.7
4432,182,alpha=1.7
4433,92,alpha=1.7
4434,81,alpha=1.7
4435,80,alpha=1.7
4436,80,alpha=1.7
4437,81,alpha=1.7
4438,70,alpha=1.7
4439,116,alpha=1.7
4440,121,alpha=1.7
4441,107,alpha=1.7
4442,127,alpha=1.7
4443,75,alpha=1.7
4444,76,alpha=1.7
4445,124,alpha=1.7
4446,79,alpha=1.7
4447,89,alpha=1.7
4448,74,alpha=1.7
4449,102,alpha=1.7
4450,75,alpha=1.7
4451,100,alpha=1.7
4452,158,alpha=1.7
4453,112,alpha=1.7
4454,68,alpha=1.7
4455,195,alpha=1.7
4456,89,alpha=1.7
4457,52,alpha=1.7
4458,102,alpha=1.7
4459,79,alpha=1.7
4460,78,alpha=1.7
4461,112,alpha=1.7
4462,100,alpha=1.7
4463,99,alpha=1.7
4464,115,alpha=1.7
4465,59,alpha=1.7
4466,130,alpha=1.7
4467,84,alpha=1.7
4468,82,alpha=1.7
4469,80,alpha=1.7
4470,68,alpha=1.7
4471,138,alpha=1.7
4472,155,alpha=1.7
4473,147,alpha=1.7
4474,93,alpha=1.7
4475,92,alpha=1.7
4476,156,alpha=1.7
4477,88,alpha=1.7
4478,91,alpha=1.7
4479,97,alpha=1.7
4480,83,alpha=1.7
4481,117,alpha=1.7
4482,127,alpha=1.7
4483,85,alpha=1.7
4484,98,alpha=1.7
4485,72,alpha=1.7
4486,113,alpha=1.7
4487,76,alpha=1.7
4488,169,alpha=1.7
4489,104,alpha=1.7
4490,157,alpha=1.7
4491,109,alpha=1.7
4492,157,alpha=1.7
4493,91,alpha=1.7
4494,79,alpha=1.7
4495,122,alpha=1.7
4496,109,alpha=1.7
4497,94,alpha=1.7
4498,103,alpha=1.7
4499,132,alpha=1.7
4500,74,alpha=1.7
4501,129,alpha=1.7
4502,70,alpha=1.7
4503,86,alpha=1.7
4504,74,alpha=1.7
4505,97,alpha=1.7
4506,110,alpha=1.7
4507,89,alpha=1.7
4508,123,alpha=1.7
4509,128,alpha=1.7
4510,117,alpha=1.7
4511,131,alpha=1.7
4512,101,alpha=1.7
4513,99,alpha=1.7
4514,92,alpha=1.7
4515,102,alpha=1.7
4516,93,alpha=1.7
4517,104,alpha=1.7
4518,84,alpha=1.7
4519,128,alpha=1.7
4520,84,alpha=1.7
4521,75,alpha=1.7
4522,100,alpha=1.7
4523,79,alpha=1.7
4524,88,alpha=1.7
4525,80,alpha=1.7
4526,118,alpha=1.7
4527,102,alpha=1.7
4528,147,alpha=1.7
4529,73,alpha=1.7
4530,111,alpha=1.7
4531,93,alpha=1.7
4532,75,alpha=1.7
4533,84,alpha=1.7
4534,83,alpha=1.7
4535,74,alpha=1.7
4536,127,alpha=1.7
4537,77,alpha=1.7
4538,65,alpha=1.7
4539,82,alpha=1.7
4540,135,alpha=1.7
4541,93,alpha=1.7
4542,108,alpha=1.7
4543,114,alpha=1.7
4544,130,alpha=1.7
4545,109,alpha=1.7
4546,103,alpha=1.7
4547,102,alpha=1.7
4548,86,alpha=1.7
4549,70,alpha=1.7
4550,71,alpha=1.7
4551,74,alpha=1.7
4552,77,alpha=1.7
4553,78,alpha=1.7
4554,79,alpha=1.7
4555,91,alpha=1.7
4556,139,alpha=1.7
4557,89,alpha=1.7
4558,89,alpha=1.7
4559,142,alpha=1.7
4560,80,alpha=1.7
4561,100,alpha=1.7
4562,94,alpha=1.7
4563,112,alpha=1.7
4564,66,alpha=1.7
4565,83,alpha=1.7
4566,84,alpha=1.7
4567,119,alpha=1.7
4568,113,alpha=1.7
4569,103,alpha=1.7
4570,88,alpha=1.7
4571,108,alpha=1.7
4572,106,alpha=1.7
4573,137,alpha=1.7
4574,617,alpha=1.7
4575,122,alpha=1.7
4576,78,alpha=1.7
4577,143,alpha=1.7
4578,100,alpha=1.7
4579,82,alpha=1.7
4580,106,alpha=1.7
4581,88,alpha=1.7
4582,123,alpha=1.7
4583,82,alpha=1.7
4584,87,alpha=1.7
4585,82,alpha=1.7
4586,82,alpha=1.7
4587,90,alpha=1.7
4588,124,alpha=1.7
4589,96,alpha=1.7
4590,129,alpha=1.7
4591,104,alpha=1.7
4592,99,alpha=1.7
4593,124,alpha=1.7
4594,36,alpha=1.7
4595,105,alpha=1.7
4596,89,alpha=1.7
4597,96,alpha=1.7
4598,78,alpha=1.7
4599,85,alpha=1.7
4600,88,alpha=1.7
4601,66,alpha=1.7
4602,114,alpha=1.7
4603,87,alpha=1.7
4604,89,alpha=1.7
4605,130,alpha=1.7
4606,89,alpha=1.7
4607,85,alpha=1.7
4608,85,alpha=1.7
4609,79,alpha=1.7
4610,83,alpha=1.7
4611,118,alpha=1.7
4612,140,alpha=1.7
4613,105,alpha=1.7
4614,93,alpha=1.7
4615,128,alpha=1.7
4616,113,alpha=1.7
4617,99,alpha=1.7
4618,82,alpha=1.7
4619,114,alpha=1.7
4620,94,alpha=1.7
4621,83,alpha=1.7
4622,91,alpha=1.7
4623,66,alpha=1.7
4624,133,alpha=1.7
4625,138,alpha=1.7
4626,136,alpha=1.7
4627,106,alpha=1.7
4628,98,alpha=1.7
4629,80,alpha=1.7
4630,66,alpha=1.7
4631,211,alpha=1.7
4632,132,alpha=1.7
4633,96,alpha=1.7
4634,73,alpha=1.7
4635,81,alpha=1.7
4636,84,alpha=1.7
4637,107,alpha=1.7
4638,107,alpha=1.7
4639,112,alpha=1.7
4640,83,alpha=1.7
4641,86,alpha=1.7
4642,98,alpha=1.7
4643,87,alpha=1.7
4644,97,alpha=1.7
4645,100,alpha=1.7
4646,102,alpha=1.7
4647,106,alpha=1.7
4648,81,alpha=1.7
4649,145,alpha=1.7
4650,67,alpha=1.7
4651,97,alpha=1.7
4652,103,alpha=1.7
4653,75,alpha=1.7
4654,90,alpha=1.7
4655,100,alpha=1.7
4656,90,alpha=1.7
4657,123,alpha=1.7
4658,81,alpha=1.7
4659,111,alpha=1.7
4660,99,alpha=1.7
4661,66,alpha=1.7
4662,130,alpha=1.7
4663,94,alpha=1.7
4664,95,alpha=1.7
4665,83,alpha=1.7
4666,69,alpha=1.7
4667,70,alpha=1.7
4668,89,alpha=1.7
4669,81,alpha=1.7
4670,99,alpha=1.7
4671,79,alpha=1.7
4672,132,alpha=1.7
4673,95,alpha=1.7
4674,88,alpha=1.7
4675,84,alpha=1.7
4676,77,alpha=1.7
4677,80,alpha=1.7
4678,81,alpha=1.7
4679,83,alpha=1.7
4680,96,alpha=1.7
4681,108,alpha=1.7
4682,73,alpha=1.7
4683,111,alpha=1.7
4684,109,alpha=1.7
4685,96,alpha=1.7
4686,65,alpha=1.7
4687,75,alpha=1.7
4688,111,alpha=1.7
4689,88,alpha=1.7
4690,93,alpha=1.7
4691,84,alpha=1.7
4692,119,alpha=1.7
4693,96,alpha=1.7
4694,79,alpha=1.7
4695,96,alpha=1.7
4696,101,alpha=1.7
4697,117,alpha=1.7
4698,117,alpha=1.7
4699,80,alpha=1.7
4700,102,alpha=1.7
4701,114,alpha=1.7
4702,114,alpha=1.7
4703,110,alpha=1.7
4704,91,alpha=1.7
4705,104,alpha=1.7
4706,129,alpha=1.7
4707,69,alpha=1.7
4708,107,alpha=1.7
4709,109,alpha=1.7
4710,111,alpha=1.7
4711,112,alpha=1.7
4712,96,alpha=1.7
4713,76,alpha=1.7
4714,56,alpha=1.7
4715,104,alpha=1.7
4716,82,alpha=1.7
4717,83,alpha=1.7
4718,135,alpha=1.7
4719,176,alpha=1.7
4720,77,alpha=1.7
4721,75,alpha=1.7
4722,97,alpha=1.7
4723,123,alpha=1.7
4724,70,alpha=1.7
4725,102,alpha=1.7
4726,91,alpha=1.7
4727,159,alpha=1.7
4728,144,alpha=1.7
4729,93,alpha=1.7
4730,125,alpha=1.7
4731,107,alpha=1.7
4732,82,alpha=1.7
4733,134,alpha=1.7
4734,70,alpha=1.7
4735,71,alpha=1.7
4736,65,alpha=1.7
4737,76,alpha=1.7
4738,84,alpha=1.7
4739,81,alpha=1.7
4740,122,alpha=1.7
4741,95,alpha=1.7
4742,129,alpha=1.7
4743,96,alpha=1.7
4744,95,alpha=1.7
4745,115,alpha=1.7
4746,99,alpha=1.7
4747,73,alpha=1.7
4748,82,alpha=1.7
4749,107,alpha=1.7
4750,167,alpha=1.7
4751,91,alpha=1.7
4752,126,alpha=1.7
4753,80,alpha=1.7
4754,91,alpha=1.7
4755,95,alpha=1.7
4756,101,alpha=1.7
4757,87,alpha=1.7
4758,135,alpha=1.7
4759,104,alpha=1.7
4760,101,alpha=1.7
4761,91,alpha=1.7
4762,89,alpha=1.7
4763,93,alpha=1.7
4764,118,alpha=1.7
4765,47,alpha=1.7
4766,55,alpha=1.7
4767,96,alpha=1.7
4768,89,alpha=1.7
4769,73,alpha=1.7
4770,147,alpha=1.7
4771,72,alpha=1.7
4772,75,alpha=1.7
4773,77,alpha=1.7
4774,171,alpha=1.7
4775,180,alpha=1.7
4776,98,alpha=1.7
4777,96,alpha=1.7
4778,87,alpha=1.7
4779,106,alpha=1.7
4780,108,alpha=1.7
4781,148,alpha=1.7
4782,93,alpha=1.7
4783,90,alpha=1.7
4784,97,alpha=1.7
4785,96,alpha=1.7
4786,93,alpha=1.7
4787,99,alpha=1.7
4788,97,alpha=1.7
4789,72,alpha=1.7
4790,100,alpha=1.7
4791,86,alpha=1.7
4792,104,alpha=1.7
4793,96,alpha=1.7
4794,76,alpha=1.7
4795,91,alpha=1.7
4796,94,alpha=1.7
4797,221,alpha=1.7
4798,108,alpha=1.7
4799,83,alpha=1.7
4800,129,alpha=1.7
4801,103,alpha=1.7
4802,105,alpha=1.7
4803,79,alpha=1.7
4804,86,alpha=1.7
4805,89,alpha=1.7
4806,123,alpha=1.7
4807,83,alpha=1.7
4808,78,alpha=1.7
4809,98,alpha=1.7
4810,72,alpha=1.7
4811,77,alpha=1.7
4812,83,alpha=1.7
4813,76,alpha=1.7
4814,103,alpha=1.7
4815,104,alpha=1.7
4816,85,alpha=1.7
4817,125,alpha=1.7
4818,67,alpha=1.7
4819,120,alpha=1.7
4820,90,alpha=1.7
4821,129,alpha=1.7
4822,116,alpha=1.7
4823,85,alpha=1.7
4824,143,alpha=1.7
4825,80,alpha=1.7
4826,123,alpha=1.7
4827,94,alpha=1.7
4828,89,alpha=1.7
4829,82,alpha=1.7
4830,103,alpha=1.7
4831,82,alpha=1.7
4832,53,alpha=1.7
4833,127,alpha=1.7
4834,89,alpha=1.7
4835,53,alpha=1.7
4836,77,alpha=1.7
4837,107,alpha=1.7
4838,90,alpha=1.7
4839,104,alpha=1.7
4840,95,alpha=1.7
4841,69,alpha=1.7
4842,122,alpha=1.7
4843,90,alpha=1.7
4844,126,alpha=1.7
4845,111,alpha=1.7
4846,62,alpha=1.7
4847,122,alpha=1.7
4848,96,alpha=1.7
4849,85,alpha=1.7
4850,78,alpha=1.7
4851,68,alpha=1.7
4852,86,alpha=1.7
4853,69,alpha=1.7
4854,169,alpha=1.7
4855,110,alpha=1.7
4856,82,alpha=1.7
4857,125,alpha=1.7
4858,73,alpha=1.7
4859,102,alpha=1.7
4860,59,alpha=1.7
4861,90,alpha=1.7
4862,69,alpha=1.7
4863,100,alpha=1.7
4864,99,alpha=1.7
4865,94,alpha=1.7
4866,73,alpha=1.7
4867,78,alpha=1.7
4868,73,alpha=1.7
4869,109,alpha=1.7
4870,84,alpha=1.7
4871,129,alpha=1.7
4872,50,alpha=1.7
4873,75,alpha=1.7
4874,104,alpha=1.7
4875,61,alpha=1.7
4876,118,alpha=1.7
4877,110,alpha=1.7
4878,115,alpha=1.7
4879,80,alpha=1.7
4880,85,alpha=1.7
4881,74,alpha=1.7
4882,136,alpha=1.7
4883,80,alpha=1.7
4884,103,alpha=1.7
4885,57,alpha=1.7
4886,75,alpha=1.7
4887,70,alpha=1.7
4888,104,alpha=1.7
4889,83,alpha=1.7
4890,74,alpha=1.7
4891,107,alpha=1.7
4892,149,alpha=1.7
4893,89,alpha=1.7
4894,86,alpha=1.7
4895,90,alpha=1.7
4896,121,alpha=1.7
4897,150,alpha=1.7
4898,81,alpha=1.7
4899,113,alpha=1.7
4900,78,alpha=1.7
4901,117,alpha=1.7
4902,86,alpha=1.7
4903,85,alpha=1.7
4904,104,alpha=1.7
4905,94,alpha=1.7
4906,82,alpha=1.7
4907,115,alpha=1.7
4908,76,alpha=1.7
4909,72,alpha=1.7
4910,95,alpha=1.7
4911,72,alpha=1.7
4912,84,alpha=1.7
4913,106,alpha=1.7
4914,83,alpha=1.7
4915,85,alpha=1.7
4916,99,alpha=1.7
4917,99,alpha=1.7
4918,79,alpha=1.7
4919,59,alpha=1.7
4920,84,alpha=1.7
4921,128,alpha=1.7
4922,85,alpha=1.7
4923,100,alpha=1.7
4924,92,alpha=1.7
4925,78,alpha=1.7
4926,94,alpha=1.7
4927,71,alpha=1.7
4928,101,alpha=1.7
4929,102,alpha=1.7
4930,106,alpha=1.7
4931,89,alpha=1.7
4932,87,alpha=1.7
4933,52,alpha=1.7
4934,90,alpha=1.7
4935,93,alpha=1.7
4936,91,alpha=1.7
4937,81,alpha=1.7
4938,76,alpha=1.7
4939,93,alpha=1.7
4940,115,alpha=1.7
4941,115,alpha=1.7
4942,102,alpha=1.7
4943,85,alpha=1.7
4944,80,alpha=1.7
4945,107,alpha=1.7
4946,97,alpha=1.7
4947,98,alpha=1.7
4948,88,alpha=1.7
4949,102,alpha=1.7
4950,103,alpha=1.7
4951,87,alpha=1.7
4952,148,alpha=1.7
4953,97,alpha=1.7
4954,137,alpha=1.7
4955,94,alpha=1.7
4956,109,alpha=1.7
4957,84,alpha=1.7
4958,112,alpha=1.7
4959,131,alpha=1.7
4960,131,alpha=1.7
4961,89,alpha=1.7
4962,72,alpha=1.7
4963,87,alpha=1.7
4964,107,alpha=1.7
4965,93,alpha=1.7
4966,80,alpha=1.7
4967,87,alpha=1.7
4968,88,alpha=1.7
4969,114,alpha=1.7
4970,93,alpha=1.7
4971,130,alpha=1.7
4972,97,alpha=1.7
4973,103,alpha=1.7
4974,76,alpha=1.7
4975,71,alpha=1.7
4976,70,alpha=1.7
4977,93,alpha=1.7
4978,148,alpha=1.7
4979,99,alpha=1.7
4980,84,alpha=1.7
4981,93,alpha=1.7
4982,73,alpha=1.7
4983,89,alpha=1.7
4984,106,alpha=1.7
4985,80,alpha=1.7
4986,127,alpha=1.7
4987,104,alpha=1.7
4988,105,alpha=1.7
4989,131,alpha=1.7
4990,83,alpha=1.7
4991,110,alpha=1.7
4992,85,alpha=1.7
4993,93,alpha=1.7
4994,125,alpha=1.7
4995,101,alpha=1.7
4996,87,alpha=1.7
4997,125,alpha=1.7
4998,102,alpha=1.7
4999,92,alpha=1.7
0,104,alpha=1.5
1,86,alpha=1.5
2,111,alpha=1.5
3,78,alpha=1.5
4,73,alpha=1.5
5,157,alpha=1.5
6,98,alpha=1.5
7,74,alpha=1.5
8,106,alpha=1.5
9,114,alpha=1.5
10,107,alpha=1.5
11,130,alpha=1.5
12,48,alpha=1.5
13,72,alpha=1.5
14,100,alpha=1.5
15,66,alpha=1.5
16,99,alpha=1.5
17,77,alpha=1.5
18,102,alpha=1.5
19,184,alpha=1.5
20,108,alpha=1.5
21,112,alpha=1.5
22,49,alpha=1.5
23,92,alpha=1.5
24,97,alpha=1.5
25,88,alpha=1.5
26,69,alpha=1.5
27,93,alpha=1.5
28,52,alpha=1.5
29,95,alpha=1.5
30,85,alpha=1.5
31,68,alpha=1.5
32,78,alpha=1.5
33,60,alpha=1.5
34,136,alpha=1.5
35,99,alpha=1.5
36,158,alpha=1.5
37,95,alpha=1.5
38,90,alpha=1.5
39,81,alpha=1.5
40,78,alpha=1.5
41,95,alpha=1.5
42,94,alpha=1.5
43,72,alpha=1.5
44,77,alpha=1.5
45,75,alpha=1.5
46,101,alpha=1.5
47,119,alpha=1.5
48,74,alpha=1.5
49,50,alpha=1.5
50,135,alpha=1.5
51,122,alpha=1.5
52,103,alpha=1.5
53,92,alpha=1.5
54,72,alpha=1.5
55,107,alpha=1.5
56,87,alpha=1.5
57,69,alpha=1.5
58,105,alpha=1.5
59,73,alpha=1.5
60,60,alpha=1.5
61,109,alpha=1.5
62,61,alpha=1.5
63,93,alpha=1.5
64,80,alpha=1.5
65,275,alpha=1.5
66,81,alpha=1.5
67,93,alpha=1.5
68,72,alpha=1.5
69,102,alpha=1.5
70,108,alpha=1.5
71,119,alpha=1.5
72,103,alpha=1.5
73,49,alpha=1.5
74,117,alpha=1.5
75,64,alpha=1.5
76,149,alpha=1.5
77,64,alpha=1.5
78,103,alpha=1.5
79,68,alpha=1.5
80,88,alpha=1.5
81,68,alpha=1.5
82,172,alpha=1.5
83,79,alpha=1.5
84,69,alpha=1.5
85,90,alpha=1.5
86,97,alpha=1.5
87,97,alpha=1.5
88,80,alpha=1.5
89,117,alpha=1.5
90,116,alpha=1.5
91,68,alpha=1.5
92,62,alpha=1.5
93,84,alpha=1.5
94,139,alpha=1.5
95,68,alpha=1.5
96,93,alpha=1.5
97,86,alpha=1.5
98,71,alpha=1.5
99,173,alpha=1.5
100,72,alpha=1.5
101,84,alpha=1.5
102,81,alpha=1.5
103,397,alpha=1.5
104,92,alpha=1.5
105,103,alpha=1.5
106,61,alpha=1.5
107,76,alpha=1.5
108,78,alpha=1.5
109,101,alpha=1.5
110,102,alpha=1.5
111,109,alpha=1.5
112,94,alpha=1.5
113,84,alpha=1.5
114,83,alpha=1.5
115,81,alpha=1.5
116,85,alpha=1.5
117,73,alpha=1.5
118,80,alpha=1.5
119,95,alpha=1.5
120,60,alpha=1.5
121,84,alpha=1.5
122,66,alpha=1.5
123,100,alpha=1.5
124,81,alpha=1.5
125,63,alpha=1.5
126,80,alpha=1.5
127,77,alpha=1.5
128,97,alpha=1.5
129,101,alpha=1.5
130,132,alpha=1.5
131,68,alpha=1.5
132,96,alpha=1.5
133,57,alpha=1.5
134,98,alpha=1.5
135,90,alpha=1.5
136,91,alpha=1.5
137,68,alpha=1.5
138,112,alpha=1.5
139,46,alpha=1.5
140,62,alpha=1.5
141,80,alpha=1.5
142,66,alpha=1.5
143,131,alpha=1.5
144,70,alpha=1.5
145,93,alpha=1.5
146,73,alpha=1.5
147,109,alpha=1.5
148,96,alpha=1.5
149,89,alpha=1.5
150,108,alpha=1.5
151,144,alpha=1.5
152,111,alpha=1.5
153,94,alpha=1.5
154,111,alpha=1.5
155,109,alpha=1.5
156,94,alpha=1.5
157,74,alpha=1.5
158,162,alpha=1.5
159,93,alpha=1.5
160,89,alpha=1.5
161,78,alpha=1.5
162,71,alpha=1.5
163,97,alpha=1.5
164,78,alpha=1.5
165,51,alpha=1.5
166,62,alpha=1.5
167,117,alpha=1.5
168,117,alpha=1.5
169,79,alpha=1.5
170,68,alpha=1.5
171,53,alpha=1.5
172,86,alpha=1.5
173,86,alpha=1.5
174,70,alpha=1.5
175,231,alpha=1.5
176,59,alpha=1.5
177,90,alpha=1.5
178,94,alpha=1.5
179,73,alpha=1.5
180,81,alpha=1.5
181,58,alpha=1.5
182,86,alpha=1.5
183,151,alpha=1.5
184,430,alpha=1.5
185,109,alpha=1.5
186,83,alpha=1.5
187,89,alpha=1.5
188,98,alpha=1.5
189,102,alpha=1.5
190,143,alpha=1.5
191,98,alpha=1.5
192,101,alpha=1.5
193,149,alpha=1.5
194,102,alpha=1.5
195,108,alpha=1.5
196,103,alpha=1.5
197,78,alpha=1.5
198,70,alpha=1.5
199,123,alpha=1.5
200,115,alpha=1.5
201,68,alpha=1.5
202,88,alpha=1.5
203,150,alpha=1.5
204,106,alpha=1.5
205,74,alpha=1.5
206,65,alpha=1.5
207,97,alpha=1.5
208,96,alpha=1.5
209,82,alpha=1.5
210,93,alpha=1.5
211,57,alpha=1.5
212,64,alpha=1.5
213,42,alpha=1.5
214,63,alpha=1.5
215,59,alpha=1.5
216,90,alpha=1.5
217,113,alpha=1.5
218,100,alpha=1.5
219,141,alpha=1.5
220,84,alpha=1.5
221,184,alpha=1.5
222,61,alpha=1.5
223,60,alpha=1.5
224,103,alpha=1.5
225,96,alpha=1.5
226,87,alpha=1.5
227,149,alpha=1.5
228,62,alpha=1.5
229,147,alpha=1.5
230,56,alpha=1.5
231,107,alpha=1.5
232,74,alpha=1.5
233,89,alpha=1.5
234,128,alpha=1.5
235,100,alpha=1.5
236,100,alpha=1.5
237,64,alpha=1.5
238,93,alpha=1.5
239,91,alpha=1.5
240,95,alpha=1.5
241,84,alpha=1.5
242,234,alpha=1.5
243,71,alpha=1.5
244,101,alpha=1.5
245,104,alpha=1.5
246,97,alpha=1.5
247,134,alpha=1.5
248,136,alpha=1.5
249,115,alpha=1.5
250,122,alpha=1.5
251,71,alpha=1.5
252,62,alpha=1.5
253,90,alpha=1.5
254,145,alpha=1.5
255,68,alpha=1.5
256,97,alpha=1.5
257,68,alpha=1.5
258,93,alpha=1.5
259,142,alpha=1.5
260,73,alpha=1.5
261,100,alpha=1.5
262,87,alpha=1.5
263,82,alpha=1.5
264,396,alpha=1.5
265,89,alpha=1.5
266,86,alpha=1.5
267,112,alpha=1.5
268,87,alpha=1.5
269,98,alpha=1.5
270,72,alpha=1.5
271,57,alpha=1.5
272,60,alpha=1.5
273,101,alpha=1.5
274,91,alpha=1.5
275,80,alpha=1.5
276,99,alpha=1.5
277,76,alpha=1.5
278,93,alpha=1.5
279,96,alpha=1.5
280,63,alpha=1.5
281,113,alpha=1.5
282,84,alpha=1.5
283,62,alpha=1.5
284,96,alpha=1.5
285,135,alpha=1.5
286,89,alpha=1.5
287,82,alpha=1.5
288,54,alpha=1.5
289,58,alpha=1.5
290,66,alpha=1.5
291,83,alpha=1.5
292,51,alpha=1.5
293,94,alpha=1.5
294,105,alpha=1.5
295,107,alpha=1.5
296,97,alpha=1.5
297,182,alpha=1.5
298,104,alpha=1.5
299,80,alpha=1.5
300,91,alpha=1.5
301,73,alpha=1.5
302,107,alpha=1.5
303,85,alpha=1.5
304,50,alpha=1.5
305,81,alpha=1.5
306,97,alpha=1.5
307,71,alpha=1.5
308,67,alpha=1.5
309,62,alpha=1.5
310,90,alpha=1.5
311,269,alpha=1.5
312,95,alpha=1.5
313,55,alpha=1.5
314,81,alpha=1.5
315,64,alpha=1.5
316,62,alpha=1.5
317,65,alpha=1.5
318,81,alpha=1.5
319,86,alpha=1.5
320,202,alpha=1.5
321,116,alpha=1.5
322,84,alpha=1.5
323,139,alpha=1.5
324,82,alpha=1.5
325,150,alpha=1.5
326,63,alpha=1.5
327,82,alpha=1.5
328,94,alpha=1.5
329,108,alpha=1.5
330,83,alpha=1.5
331,105,alpha=1.5
332,101,alpha=1.5
333,83,alpha=1.5
334,130,alpha=1.5
335,75,alpha=1.5
336,116,alpha=1.5
337,64,alpha=1.5
338,101,alpha=1.5
339,94,alpha=1.5
340,103,alpha=1.5
341,77,alpha=1.5
342,69,alpha=1.5
343,52,alpha=1.5
344,102,alpha=1.5
345,150,alpha=1.5
346,106,alpha=1.5
347,113,alpha=1.5
348,69,alpha=1.5
349,95,alpha=1.5
350,70,alpha=1.5
351,93,alpha=1.5
352,118,alpha=1.5
353,83,alpha=1.5
354,92,alpha=1.5
355,68,alpha=1.5
356,85,alpha=1.5
357,80,alpha=1.5
358,106,alpha=1.5
359,53,alpha=1.5
360,96,alpha=1.5
361,140,alpha=1.5
362,122,alpha=1.5
363,90,alpha=1.5
364,100,alpha=1.5
365,87,alpha=1.5
366,127,alpha=1.5
367,68,alpha=1.5
368,70,alpha=1.5
369,101,alpha=1.5
370,95,alpha=1.5
371,95,alpha=1.5
372,84,alpha=1.5
373,73,alpha=1.5
374,70,alpha=1.5
375,142,alpha=1.5
376,66,alpha=1.5
377,77,alpha=1.5
378,109,alpha=1.5
379,127,alpha=1.5
380,90,alpha=1.5
381,82,alpha=1.5
382,89,alpha=1.5
383,174,alpha=1.5
384,76,alpha=1.5
385,83,alpha=1.5
386,58,alpha=1.5
387,101,alpha=1.5
388,89,alpha=1.5
389,110,alpha=1.5
390,83,alpha=1.5
391,81,alpha=1.5
392,112,alpha=1.5
393,81,alpha=1.5
394,65,alpha=1.5
395,131,alpha=1.5
396,154,alpha=1.5
397,51,alpha=1.5
398,66,alpha=1.5
399,75,alpha=1.5
400,82,alpha=1.5
401,65,alpha=1.5
402,118,alpha=1.5
403,222,alpha=1.5
404,72,alpha=1.5
405,92,alpha=1.5
406,88,alpha=1.5
407,275,alpha=1.5
408,102,alpha=1.5
409,99,alpha=1.5
410,112,alpha=1.5
411,139,alpha=1.5
412,94,alpha=1.5
413,79,alpha=1.5
414,75,alpha=1.5
415,93,alpha=1.5
416,113,alpha=1.5
417,121,alpha=1.5
418,114,alpha=1.5
419,87,alpha=1.5
420,107,alpha=1.5
421,76,alpha=1.5
422,91,alpha=1.5
423,95,alpha=1.5
424,84,alpha=1.5
425,91,alpha=1.5
426,65,alpha=1.5
427,122,alpha=1.5
428,90,alpha=1.5
429,152,alpha=1.5
430,91,alpha=1.5
431,92,alpha=1.5
432,78,alpha=1.5
433,95,alpha=1.5
434,77,alpha=1.5
435,104,alpha=1.5
436,86,alpha=1.5
437,89,alpha=1.5
438,81,alpha=1.5
439,83,alpha=1.5
440,131,alpha=1.5
441,77,alpha=1.5
442,96,alpha=1.5
443,107,alpha=1.5
444,70,alpha=1.5
445,56,alpha=1.5
446,120,alpha=1.5
447,89,alpha=1.5
448,83,alpha=1.5
449,69,alpha=1.5
450,86,alpha=1.5
451,163,alpha=1.5
452,88,alpha=1.5
453,110,alpha=1.5
454,76,alpha=1.5
455,100,alpha=1.5
456,97,alpha=1.5
457,113,alpha=1.5
458,82,alpha=1.5
459,94,alpha=1.5
460,92,alpha=1.5
461,138,alpha=1.5
462,468,alpha=1.5
463,87,alpha=1.5
464,90,alpha=1.5
465,70,alpha=1.5
466,70,alpha=1.5
467,103,alpha=1.5
468,98,alpha=1.5
469,92,alpha=1.5
470,88,alpha=1.5
471,96,alpha=1.5
472,322,alpha=1.5
473,65,alpha=1.5
474,81,alpha=1.5
475,78,alpha=1.5
476,84,alpha=1.5
477,91,alpha=1.5
478,78,alpha=1.5
479,84,alpha=1.5
480,129,alpha=1.5
481,107,alpha=1.5
482,87,alpha=1.5
483,111,alpha=1.5
484,129,alpha=1.5
485,102,alpha=1.5
486,61,alpha=1.5
487,129,alpha=1.5
488,87,alpha=1.5
489,129,alpha=1.5
490,123,alpha=1.5
491,75,alpha=1.5
492,80,alpha=1.5
493,72,alpha=1.5
494,90,alpha=1.5
495,111,alpha=1.5
496,83,alpha=1.5
497,69,alpha=1.5
498,131,alpha=1.5
499,126,alpha=1.5
500,119,alpha=1.5
501,75,alpha=1.5
502,117,alpha=1.5
503,101,alpha=1.5
504,87,alpha=1.5
505,159,alpha=1.5
506,94,alpha=1.5
507,82,alpha=1.5
508,99,alpha=1.5
509,72,alpha=1.5
510,70,alpha=1.5
511,98,alpha=1.5
512,109,alpha=1.5
513,79,alpha=1.5
514,87,alpha=1.5
515,88,alpha=1.5
516,171,alpha=1.5
517,83,alpha=1.5
518,142,alpha=1.5
519,156,alpha=1.5
520,90,alpha=1.5
521,95,alpha=1.5
522,78,alpha=1.5
523,77,alpha=1.5
524,115,alpha=1.5
525,71,alpha=1.5
526,67,alpha=1.5
527,95,alpha=1.5
528,131,alpha=1.5
529,135,alpha=1.5
530,108,alpha=1.5
531,69,alpha=1.5
532,93,alpha=1.5
533,88,alpha=1.5
534,72,alpha=1.5
535,83,alpha=1.5
536,122,alpha=1.5
537,77,alpha=1.5
538,75,alpha=1.5
539,106,alpha=1.5
540,154,alpha=1.5
541,103,alpha=1.5
542,134,alpha=1.5
543,123,alpha=1.5
544,79,alpha=1.5
545,70,alpha=1.5
546,109,alpha=1.5
547,98,alpha=1.5
548,86,alpha=1.5
549,128,alpha=1.5
550,77,alpha=1.5
551,76,alpha=1.5
552,116,alpha=1.5
553,106,alpha=1.5
554,80,alpha=1.5
555,77,alpha=1.5
556,87,alpha=1.5
557,102,alpha=1.5
558,93,alpha=1.5
559,86,alpha=1.5
560,106,alpha=1.5
561,97,alpha=1.5
562,86,alpha=1.5
563,67,alpha=1.5
564,111,alpha=1.5
565,49,alpha=1.5
566,126,alpha=1.5
567,75,alpha=1.5
568,55,alpha=1.5
569,116,alpha=1.5
570,75,alpha=1.5
571,176,alpha=1.5
572,83,alpha=1.5
573,97,alpha=1.5
574,77,alpha=1.5
575,116,alpha=1.5
576,69,alpha=1.5
577,132,alpha=1.5
578,75,alpha=1.5
579,70,alpha=1.5
580,139,alpha=1.5
581,55,alpha=1.5
582,80,alpha=1.5
583,72,alpha=1.5
584,116,alpha=1.5
585,157,alpha=1.5
586,105,alpha=1.5
587,78,alpha=1.5
588,89,alpha=1.5
589,76,alpha=1.5
590,63,alpha=1.5
591,70,alpha=1.5
592,105,alpha=1.5
593,84,alpha=1.5
594,119,alpha=1.5
595,89,alpha=1.5
596,102,alpha=1.5
597,94,alpha=1.5
598,116,alpha=1.5
599,142,alpha=1.5
600,127,alpha=1.5
601,84,alpha=1.5
602,76,alpha=1.5
603,90,alpha=1.5
604,82,alpha=1.5
605,79,alpha=1.5
606,109,alpha=1.5
607,74,alpha=1.5
608,56,alpha=1.5
609,137,alpha=1.5
610,97,alpha=1.5
611,76,alpha=1.5
612,74,alpha=1.5
613,93,alpha=1.5
614,94,alpha=1.5
615,60,alpha=1.5
616,102,alpha=1.5
617,63,alpha=1.5
618,80,alpha=1.5
619,72,alpha=1.5
620,84,alpha=1.5
621,98,alpha=1.5
622,107,alpha=1.5
623,170,alpha=1.5
624,92,alpha=1.5
625,85,alpha=1.5
626,71,alpha=1.5
627,97,alpha=1.5
628,112,alpha=1.5
629,82,alpha=1.5
630,65,alpha=1.5
631,91,alpha=1.5
632,73,alpha=1.5
633,61,alpha=1.5
634,66,alpha=1.5
635,199,alpha=1.5
636,102,alpha=1.5
637,77,alpha=1.5
638,154,alpha=1.5
639,109,alpha=1.5
640,84,alpha=1.5
641,171,alpha=1.5
642,147,alpha=1.5
643,398,alpha=1.5
644,60,alpha=1.5
645,80,alpha=1.5
646,91,alpha=1.5
647,78,alpha=1.5
648,121,alpha=1.5
649,90,alpha=1.5
650,82,alpha=1.5
651,158,alpha=1.5
652,125,alpha=1.5
653,110,alpha=1.5
654,87,alpha=1.5
655,69,alpha=1.5
656,82,alpha=1.5
657,61,alpha=1.5
658,69,alpha=1.5
659,83,alpha=1.5
660,106,alpha=1.5
661,69,alpha=1.5
662,84,alpha=1.5
663,75,alpha=1.5
664,56,alpha=1.5
665,64,alpha=1.5
666,48,alpha=1.5
667,109,alpha=1.5
668,117,alpha=1.5
669,93,alpha=1.5
670,79,alpha=1.5
671,78,alpha=1.5
672,151,alpha=1.5
673,151,alpha=1.5
674,102,alpha=1.5
675,91,alpha=1.5
676,65,alpha=1.5
677,71,alpha=1.5
678,72,alpha=1.5
679,102,alpha=1.5
680,73,alpha=1.5
681,92,alpha=1.5
682,88,alpha=1.5
683,78,alpha=1.5
684,115,alpha=1.5
685,93,alpha=1.5
686,104,alpha=1.5
687,58,alpha=1.5
688,72,alpha=1.5
689,71,alpha=1.5
690,75,alpha=1.5
691,97,alpha=1.5
692,62,alpha=1.5
693,247,alpha=1.5
694,100,alpha=1.5
695,115,alpha=1.5
696,106,alpha=1.5
697,102,alpha=1.5
698,92,alpha=1.5
699,59,alpha=1.5
700,69,alpha=1.5
701,116,alpha=1.5
702,102,alpha=1.5
703,115,alpha=1.5
704,131,alpha=1.5
705,62,alpha=1.5
706,95,alpha=1.5
707,101,alpha=1.5
708,97,alpha=1.5
709,77,alpha=1.5
710,119,alpha=1.5
711,78,alpha=1.5
712,113,alpha=1.5
713,66,alpha=1.5
714,67,alpha=1.5
715,74,alpha=1.5
716,111,alpha=1.5
717,97,alpha=1.5
718,94,alpha=1.5
719,81,alpha=1.5
720,69,alpha=1.5
721,88,alpha=1.5
722,98,alpha=1.5
723,154,alpha=1.5
724,107,alpha=1.5
725,171,alpha=1.5
726,104,alpha=1.5
727,101,alpha=1.5
728,72,alpha=1.5
729,104,alpha=1.5
730,101,alpha=1.5
731,71,alpha=1.5
732,89,alpha=1.5
733,100,alpha=1.5
734,68,alpha=1.5
735,104,alpha=1.5
736,79,alpha=1.5
737,128,alpha=1.5
738,61,alpha=1.5
739,122,alpha=1.5
740,45,alpha=1.5
741,126,alpha=1.5
742,87,alpha=1.5
743,86,alpha=1.5
744,180,alpha=1.5
745,91,alpha=1.5
746,73,alpha=1.5
747,60,alpha=1.5
748,64,alpha=1.5
749,61,alpha=1.5
750,85,alpha=1.5
751,233,alpha=1.5
752,92,alpha=1.5
753,92,alpha=1.5
754,518,alpha=1.5
755,126,alpha=1.5
756,166,alpha=1.5
757,76,alpha=1.5
758,94,alpha=1.5
759,99,alpha=1.5
760,84,alpha=1.5
761,105,alpha=1.5
762,77,alpha=1.5
763,92,alpha=1.5
764,152,alpha=1.5
765,94,alpha=1.5
766,153,alpha=1.5
767,98,alpha=1.5
768,78,alpha=1.5
769,69,alpha=1.5
770,154,alpha=1.5
771,69,alpha=1.5
772,60,alpha=1.5
773,92,alpha=1.5
774,77,alpha=1.5
775,83,alpha=1.5
776,83,alpha=1.5
777,82,alpha=1.5
778,76,alpha=1.5
779,84,alpha=1.5
780,89,alpha=1.5
781,96,alpha=1.5
782,76,alpha=1.5
783,96,alpha=1.5
784,100,alpha=1.5
785,133,alpha=1.5
786,76,alpha=1.5
787,63,alpha=1.5
788,84,alpha=1.5
789,99,alpha=1.5
790,113,alpha=1.5
791,76,alpha=1.5
792,103,alpha=1.5
793,75,alpha=1.5
794,72,alpha=1.5
795,56,alpha=1.5
796,79,alpha=1.5
797,66,alpha=1.5
798,100,alpha=1.5
799,87,alpha=1.5
800,114,alpha=1.5
801,124,alpha=1.5
802,126,alpha=1.5
803,91,alpha=1.5
804,75,alpha=1.5
805,62,alpha=1.5
806,65,alpha=1.5
807,93,alpha=1.5
808,100,alpha=1.5
809,59,alpha=1.5
810,82,alpha=1.5
811,79,alpha=1.5
812,88,alpha=1.5
813,45,alpha=1.5
814,94,alpha=1.5
815,78,alpha=1.5
816,146,alpha=1.5
817,100,alpha=1.5
818,75,alpha=1.5
819,63,alpha=1.5
820,76,alpha=1.5
821,125,alpha=1.5
822,64,alpha=1.5
823,77,alpha=1.5
824,199,alpha=1.5
825,96,alpha=1.5
826,81,alpha=1.5
827,54,alpha=1.5
828,75,alpha=1.5
829,86,alpha=1.5
830,64,alpha=1.5
831,63,alpha=1.5
832,110,alpha=1.5
833,79,alpha=1.5
834,92,alpha=1.5
835,108,alpha=1.5
836,54,alpha=1.5
837,117,alpha=1.5
838,60,alpha=1.5
839,93,alpha=1.5
840,72,alpha=1.5
841,104,alpha=1.5
842,152,alpha=1.5
843,46,alpha=1.5
844,130,alpha=1.5
845,112,alpha=1.5
846,105,alpha=1.5
847,181,alpha=1.5
848,122,alpha=1.5
849,84,alpha=1.5
850,101,alpha=1.5
851,119,alpha=1.5
852,78,alpha=1.5
853,76,alpha=1.5
854,119,alpha=1.5
855,78,alpha=1.5
856,120,alpha=1.5
857,99,alpha=1.5
858,111,alpha=1.5
859,93,alpha=1.5
860,113,alpha=1.5
861,84,alpha=1.5
862,103,alpha=1.5
863,66,alpha=1.5
864,60,alpha=1.5
865,142,alpha=1.5
866,119,alpha=1.5
867,109,alpha=1.5
868,94,alpha=1.5
869,66,alpha=1.5
870,116,alpha=1.5
871,80,alpha=1.5
872,89,alpha=1.5
873,107,alpha=1.5
874,79,alpha=1.5
875,76,alpha=1.5
876,130,alpha=1.5
877,101,alpha=1.5
878,179,alpha=1.5
879,94,alpha=1.5
880,79,alpha=1.5
881,86,alpha=1.5
882,81,alpha=1.5
883,83,alpha=1.5
884,120,alpha=1.5
885,89,alpha=1.5
886,73,alpha=1.5
887,99,alpha=1.5
888,69,alpha=1.5
889,60,alpha=1.5
890,88,alpha=1.5
891,83,alpha=1.5
892,93,alpha=1.5
893,100,alpha=1.5
894,108,alpha=1.5
895,70,alpha=1.5
896,57,alpha=1.5
897,88,alpha=1.5
898,72,alpha=1.5
899,97,alpha=1.5
900,70,alpha=1.5
901,102,alpha=1.5
902,124,alpha=1.5
903,85,alpha=1.5
904,128,alpha=1.5
905,71,alpha=1.5
906,85,alpha=1.5
907,75,alpha=1.5
908,89,alpha=1.5
909,124,alpha=1.5
910,128,alpha=1.5
911,83,alpha=1.5
912,128,alpha=1.5
913,62,alpha=1.5
914,73,alpha=1.5
915,116,alpha=1.5
916,84,alpha=1.5
917,137,alpha=1.5
918,71,alpha=1.5
919,133,alpha=1.5
920,87,alpha=1.5
921,189,alpha=1.5
922,70,alpha=1.5
923,188,alpha=1.5
924,101,alpha=1.5
925,77,alpha=1.5
926,75,alpha=1.5
927,92,alpha=1.5
928,111,alpha=1.5
929,113,alpha=1.5
930,87,alpha=1.5
931,65,alpha=1.5
932,84,alpha=1.5
933,78,alpha=1.5
934,53,alpha=1.5
935,129,alpha=1.5
936,64,alpha=1.5
937,83,alpha=1.5
938,92,alpha=1.5
939,89,alpha=1.5
940,79,alpha=1.5
941,97,alpha=1.5
942,175,alpha=1.5
943,126,alpha=1.5
944,90,alpha=1.5
945,59,alpha=1.5
946,71,alpha=1.5
947,56,alpha=1.5
948,67,alpha=1.5
949,68,alpha=1.5
950,94,alpha=1.5
951,187,alpha=1.5
952,87,alpha=1.5
953,60,alpha=1.5
954,24,alpha=1.5
955,64,alpha=1.5
956,72,alpha=1.5
957,115,alpha=1.5
958,74,alpha=1.5
959,89,alpha=1.5
960,101,alpha=1.5
961,90,alpha=1.5
962,72,alpha=1.5
963,90,alpha=1.5
964,87,alpha=1.5
965,89,alpha=1.5
966,207,alpha=1.5
967,99,alpha=1.5
968,68,alpha=1.5
969,76,alpha=1.5
970,127,alpha=1.5
971,80,alpha=1.5
972,136,alpha=1.5
973,71,alpha=1.5
974,101,alpha=1.5
975,73,alpha=1.5
976,86,alpha=1.5
977,148,alpha=1.5
978,123,alpha=1.5
979,59,alpha=1.5
980,77,alpha=1.5
981,87,alpha=1.5
982,86,alpha=1.5
983,109,alpha=1.5
984,142,alpha=1.5
985,71,alpha=1.5
986,74,alpha=1.5
987,90,alpha=1.5
988,109,alpha=1.5
989,73,alpha=1.5
990,100,alpha=1.5
991,70,alpha=1.5
992,107,alpha=1.5
993,61,alpha=1.5
994,73,alpha=1.5
995,99,alpha=1.5
996,74,alpha=1.5
997,100,alpha=1.5
998,147,alpha=1.5
999,83,alpha=1.5
1000,99,alpha=1.5
1001,70,alpha=1.5
1002,92,alpha=1.5
1003,61,alpha=1.5
1004,88,alpha=1.5
1005,88,alpha=1.5
1006,95,alpha=1.5
1007,128,alpha=1.5
1008,167,alpha=1.5
1009,106,alpha=1.5
1010,81,alpha=1.5
1011,88,alpha=1.5
1012,97,alpha=1.5
1013,75,alpha=1.5
1014,82,alpha=1.5
1015,99,alpha=1.5
1016,97,alpha=1.5
1017,57,alpha=1.5
1018,97,alpha=1.5
1019,97,alpha=1.5
1020,78,alpha=1.5
1021,83,alpha=1.5
1022,72,alpha=1.5
1023,116,alpha=1.5
1024,82,alpha=1.5
1025,190,alpha=1.5
1026,83,alpha=1.5
1027,86,alpha=1.5
1028,101,alpha=1.5
1029,59,alpha=1.5
1030,68,alpha=1.5
1031,96,alpha=1.5
1032,114,alpha=1.5
1033,57,alpha=1.5
1034,110,alpha=1.5
1035,91,alpha=1.5
1036,67,alpha=1.5
1037,111,alpha=1.5
1038,65,alpha=1.5
1039,126,alpha=1.5
1040,80,alpha=1.5
1041,99,alpha=1.5
1042,119,alpha=1.5
1043,85,alpha=1.5
1044,88,alpha=1.5
1045,127,alpha=1.5
1046,101,alpha=1.5
1047,70,alpha=1.5
1048,74,alpha=1.5
1049,80,alpha=1.5
1050,107,alpha=1.5
1051,64,alpha=1.5
1052,89,alpha=1.5
1053,58,alpha=1.5
1054,84,alpha=1.5
1055,160,alpha=1.5
1056,131,alpha=1.5
1057,62,alpha=1.5
1058,108,alpha=1.5
1059,79,alpha=1.5
1060,67,alpha=1.5
1061,84,alpha=1.5
1062,91,alpha=1.5
1063,71,alpha=1.5
1064,89,alpha=1.5
1065,109,alpha=1.5
1066,68,alpha=1.5
1067,110,alpha=1.5
1068,58,alpha=1.5
1069,153,alpha=1.5
1070,60,alpha=1.5
1071,106,alpha=1.5
1072,108,alpha=1.5
1073,73,alpha=1.5
1074,99,alpha=1.5
1075,113,alpha=1.5
1076,116,alpha=1.5
1077,90,alpha=1.5
1078,82,alpha=1.5
1079,60,alpha=1.5
1080,58,alpha=1.5
1081,181,alpha=1.5
1082,137,alpha=1.5
1083,91,alpha=1.5
1084,112,alpha=1.5
1085,131,alpha=1.5
1086,89,alpha=1.5
1087,92,alpha=1.5
1088,72,alpha=1.5
1089,96,alpha=1.5
1090,83,alpha=1.5
1091,119,alpha=1.5
1092,85,alpha=1.5
1093,130,alpha=1.5
1094,100,alpha=1.5
1095,58,alpha=1.5
1096,104,alpha=1.5
1097,139,alpha=1.5
1098,82,alpha=1.5
1099,66,alpha=1.5
1100,112,alpha=1.5
1101,105,alpha=1.5
1102,95,alpha=1.5
1103,86,alpha=1.5
1104,90,alpha=1.5
1105,98,alpha=1.5
1106,129,alpha=1.5
1107,62,alpha=1.5
1108,75,alpha=1.5
1109,85,alpha=1.5
1110,60,alpha=1.5
1111,99,alpha=1.5
1112,42,alpha=1.5
1113,109,alpha=1.5
1114,108,alpha=1.5
1115,99,alpha=1.5
1116,93,alpha=1.5
1117,70,alpha=1.5
1118,108,alpha=1.5
1119,124,alpha=1.5
1120,56,alpha=1.5
1121,139,alpha=1.5
1122,88,alpha=1.5
1123,57,alpha=1.5
1124,102,alpha=1.5
1125,45,alpha=1.5
1126,88,alpha=1.5
1127,74,alpha=1.5
1128,53,alpha=1.5
1129,76,alpha=1.5
1130,134,alpha=1.5
1131,94,alpha=1.5
1132,87,alpha=1.5
1133,74,alpha=1.5
1134,97,alpha=1.5
1135,120,alpha=1.5
1136,131,alpha=1.5
1137,57,alpha=1.5
1138,95,alpha=1.5
1139,120,alpha=1.5
1140,58,alpha=1.5
1141,87,alpha=1.5
1142,67,alpha=1.5
1143,92,alpha=1.5
1144,101,alpha=1.5
1145,90,alpha=1.5
1146,81,alpha=1.5
1147,77,alpha=1.5
1148,65,alpha=1.5
1149,109,alpha=1.5
1150,92,alpha=1.5
1151,86,alpha=1.5
1152,80,alpha=1.5
1153,94,alpha=1.5
1154,89,alpha=1.5
1155,65,alpha=1.5
1156,111,alpha=1.5
1157,123,alpha=1.5
1158,125,alpha=1.5
1159,55,alpha=1.5
1160,72,alpha=1.5
1161,118,alpha=1.5
1162,75,alpha=1.5
1163,107,alpha=1.5
1164,97,alpha=1.5
1165,64,alpha=1.5
1166,115,alpha=1.5
1167,124,alpha=1.5
1168,140,alpha=1.5
1169,112,alpha=1.5
1170,79,alpha=1.5
1171,74,alpha=1.5
1172,74,alpha=1.5
1173,88,alpha=1.5
1174,82,alpha=1.5
1175,93,alpha=1.5
1176,98,alpha=1.5
1177,175,alpha=1.5
1178,77,alpha=1.5
1179,110,alpha=1.5
1180,80,alpha=1.5
1181,120,alpha=1.5
1182,75,alpha=1.5
1183,100,alpha=1.5
1184,87,alpha=1.5
1185,90,alpha=1.5
1186,82,alpha=1.5
1187,85,alpha=1.5
1188,86,alpha=1.5
1189,187,alpha=1.5
1190,79,alpha=1.5
1191,75,alpha=1.5
1192,102,alpha=1.5
1193,68,alpha=1.5
1194,77,alpha=1.5
1195,49,alpha=1.5
1196,110,alpha=1.5
1197,84,alpha=1.5
1198,47,alpha=1.5
1199,88,alpha=1.5
1200,78,alpha=1.5
1201,63,alpha=1.5
1202,64,alpha=1.5
1203,220,alpha=1.5
1204,52,alpha=1.5
1205,62,alpha=1.5
1206,55,alpha=1.5
1207,84,alpha=1.5
1208,85,alpha=1.5
1209,64,alpha=1.5
1210,80,alpha=1.5
1211,77,alpha=1.5
1212,145,alpha=1.5
1213,90,alpha=1.5
1214,239,alpha=1.5
1215,98,alpha=1.5
1216,73,alpha=1.5
1217,70,alpha=1.5
1218,88,alpha=1.5
1219,97,alpha=1.5
1220,99,alpha=1.5
1221,123,alpha=1.5
1222,56,alpha=1.5
1223,145,alpha=1.5
1224,84,alpha=1.5
1225,119,alpha=1.5
1226,117,alpha=1.5
1227,89,alpha=1.5
1228,79,alpha=1.5
1229,82,alpha=1.5
1230,127,alpha=1.5
1231,121,alpha=1.5
1232,23,alpha=1.5
1233,80,alpha=1.5
1234,95,alpha=1.5
1235,60,alpha=1.5
1236,85,alpha=1.5
1237,72,alpha=1.5
1238,65,alpha=1.5
1239,72,alpha=1.5
1240,223,alpha=1.5
1241,87,alpha=1.5
1242,86,alpha=1.5
1243,67,alpha=1.5
1244,111,alpha=1.5
1245,65,alpha=1.5
1246,235,alpha=1.5
1247,67,alpha=1.5
1248,54,alpha=1.5
1249,91,alpha=1.5
1250,84,alpha=1.5
1251,123,alpha=1.5
1252,172,alpha=1.5
1253,112,alpha=1.5
1254,115,alpha=1.5
1255,66,alpha=1.5
1256,93,alpha=1.5
1257,72,alpha=1.5
1258,98,alpha=1.5
1259,85,alpha=1.5
1260,117,alpha=1.5
1261,106,alpha=1.5
1262,73,alpha=1.5
1263,69,alpha=1.5
1264,77,alpha=1.5
1265,89,alpha=1.5
1266,106,alpha=1.5
1267,103,alpha=1.5
1268,89,alpha=1.5
1269,87,alpha=1.5
1270,102,alpha=1.5
1271,78,alpha=1.5
1272,95,alpha=1.5
1273,111,alpha=1.5
1274,74,alpha=1.5
1275,138,alpha=1.5
1276,111,alpha=1.5
1277,42,alpha=1.5
1278,114,alpha=1.5
1279,76,alpha=1.5
1280,42,alpha=1.5
1281,86,alpha=1.5
1282,147,alpha=1.5
1283,143,alpha=1.5
1284,58,alpha=1.5
1285,109,alpha=1.5
1286,133,alpha=1.5
1287,64,alpha=1.5
1288,81,alpha=1.5
1289,111,alpha=1.5
1290,115,alpha=1.5
1291,89,alpha=1.5
1292,93,alpha=1.5
1293,116,alpha=1.5
1294,94,alpha=1.5
1295,110,alpha=1.5
1296,99,alpha=1.5
1297,148,alpha=1.5
1298,100,alpha=1.5
1299,88,alpha=1.5
1300,99,alpha=1.5
1301,104,alpha=1.5
1302,173,alpha=1.5
1303,43,alpha=1.5
1304,119,alpha=1.5
1305,99,alpha=1.5
1306,77,alpha=1.5
1307,90,alpha=1.5
1308,166,alpha=1.5
1309,59,alpha=1.5
1310,84,alpha=1.5
1311,206,alpha=1.5
1312,72,alpha=1.5
1313,140,alpha=1.5
1314,90,alpha=1.5
1315,90,alpha=1.5
1316,97,alpha=1.5
1317,88,alpha=1.5
1318,69,alpha=1.5
1319,60,alpha=1.5
1320,74,alpha=1.5
1321,88,alpha=1.5
1322,103,alpha=1.5
1323,99,alpha=1.5
1324,70,alpha=1.5
1325,59,alpha=1.5
1326,47,alpha=1.5
1327,89,alpha=1.5
1328,56,alpha=1.5
1329,76,alpha=1.5
1330,80,alpha=1.5
1331,123,alpha=1.5
1332,95,alpha=1.5
1333,84,alpha=1.5
1334,78,alpha=1.5
1335,133,alpha=1.5
1336,85,alpha=1.5
1337,74,alpha=1.5
1338,76,alpha=1.5
1339,56,alpha=1.5
1340,133,alpha=1.5
1341,98,alpha=1.5
1342,98,alpha=1.5
1343,117,alpha=1.5
1344,109,alpha=1.5
1345,97,alpha=1.5
1346,66,alpha=1.5
1347,160,alpha=1.5
1348,91,alpha=1.5
1349,111,alpha=1.5
1350,127,alpha=1.5
1351,273,alpha=1.5
1352,76,alpha=1.5
1353,132,alpha=1.5
1354,192,alpha=1.5
1355,117,alpha=1.5
1356,90,alpha=1.5
1357,90,alpha=1.5
1358,87,alpha=1.5
1359,101,alpha=1.5
1360,82,alpha=1.5
1361,91,alpha=1.5
1362,93,alpha=1.5
1363,113,alpha=1.5
1364,83,alpha=1.5
1365,80,alpha=1.5
1366,90,alpha=1.5
1367,106,alpha=1.5
1368,117,alpha=1.5
1369,97,alpha=1.5
1370,96,alpha=1.5
1371,68,alpha=1.5
1372,79,alpha=1.5
1373,101,alpha=1.5
1374,120,alpha=1.5
1375,41,alpha=1.5
1376,142,alpha=1.5
1377,169,alpha=1.5
1378,83,alpha=1.5
1379,75,alpha=1.5
1380,188,alpha=1.5
1381,95,alpha=1.5
1382,77,alpha=1.5
1383,147,alpha=1.5
1384,76,alpha=1.5
1385,91,alpha=1.5
1386,220,alpha=1.5
1387,99,alpha=1.5
1388,70,alpha=1.5
1389,76,alpha=1.5
1390,84,alpha=1.5
1391,109,alpha=1.5
1392,92,alpha=1.5
1393,100,alpha=1.5
1394,101,alpha=1.5
1395,79,alpha=1.5
1396,73,alpha=1.5
1397,79,alpha=1.5
1398,140,alpha=1.5
1399,65,alpha=1.5
1400,72,alpha=1.5
1401,107,alpha=1.5
1402,97,alpha=1.5
1403,76,alpha=1.5
1404,102,alpha=1.5
1405,68,alpha=1.5
1406,237,alpha=1.5
1407,71,alpha=1.5
1408,96,alpha=1.5
1409,102,alpha=1.5
1410,76,alpha=1.5
1411,98,alpha=1.5
1412,84,alpha=1.5
1413,73,alpha=1.5
1414,72,alpha=1.5
1415,116,alpha=1.5
1416,98,alpha=1.5
1417,77,alpha=1.5
1418,77,alpha=1.5
1419,69,alpha=1.5
1420,85,alpha=1.5
1421,118,alpha=1.5
1422,69,alpha=1.5
1423,93,alpha=1.5
1424,79,alpha=1.5
1425,65,alpha=1.5
1426,95,alpha=1.5
1427,65,alpha=1.5
1428,89,alpha=1.5
1429,135,alpha=1.5
1430,88,alpha=1.5
1431,58,alpha=1.5
1432,79,alpha=1.5
1433,72,alpha=1.5
1434,92,alpha=1.5
1435,112,alpha=1.5
1436,29,alpha=1.5
1437,111,alpha=1.5
1438,135,alpha=1.5
1439,90,alpha=1.5
1440,70,alpha=1.5
1441,88,alpha=1.5
1442,108,alpha=1.5
1443,98,alpha=1.5
1444,75,alpha=1.5
1445,150,alpha=1.5
1446,86,alpha=1.5
1447,127,alpha=1.5
1448,48,alpha=1.5
1449,102,alpha=1.5
1450,92,alpha=1.5
1451,87,alpha=1.5
1452,71,alpha=1.5
1453,81,alpha=1.5
1454,81,alpha=1.5
1455,80,alpha=1.5
1456,103,alpha=1.5
1457,89,alpha=1.5
1458,81,alpha=1.5
1459,96,alpha=1.5
1460,129,alpha=1.5
1461,82,alpha=1.5
1462,119,alpha=1.5
1463,191,alpha=1.5
1464,82,alpha=1.5
1465,76,alpha=1.5
1466,91,alpha=1.5
1467,161,alpha=1.5
1468,111,alpha=1.5
1469,73,alpha=1.5
1470,95,alpha=1.5
1471,46,alpha=1.5
1472,120,alpha=1.5
1473,81,alpha=1.5
1474,79,alpha=1.5
1475,80,alpha=1.5
1476,90,alpha=1.5
1477,220,alpha=1.5
1478,101,alpha=1.5
1479,86,alpha=1.5
1480,88,alpha=1.5
1481,71,alpha=1.5
1482,96,alpha=1.5
1483,71,alpha=1.5
1484,67,alpha=1.5
1485,87,alpha=1.5
1486,142,alpha=1.5
1487,100,alpha=1.5
1488,96,alpha=1.5
1489,94,alpha=1.5
1490,84,alpha=1.5
1491,89,alpha=1.5
1492,58,alpha=1.5
1493,69,alpha=1.5
1494,78,alpha=1.5
1495,105,alpha=1.5
1496,61,alpha=1.5
1497,68,alpha=1.5
1498,149,alpha=1.5
1499,48,alpha=1.5
1500,90,alpha=1.5
1501,134,alpha=1.5
1502,75,alpha=1.5
1503,58,alpha=1.5
1504,155,alpha=1.5
1505,100,alpha=1.5
1506,102,alpha=1.5
1507,115,alpha=1.5
1508,132,alpha=1.5
1509,77,alpha=1.5
1510,74,alpha=1.5
1511,67,alpha=1.5
1512,137,alpha=1.5
1513,61,alpha=1.5
1514,99,alpha=1.5
1515,138,alpha=1.5
1516,94,alpha=1.5
1517,60,alpha=1.5
1518,90,alpha=1.5
1519,79,alpha=1.5
1520,114,alpha=1.5
1521,78,alpha=1.5
1522,99,alpha=1.5
1523,98,alpha=1.5
1524,57,alpha=1.5
1525,202,alpha=1.5
1526,200,alpha=1.5
1527,59,alpha=1.5
1528,80,alpha=1.5
1529,71,alpha=1.5
1530,138,alpha=1.5
1531,63,alpha=1.5
1532,97,alpha=1.5
1533,97,alpha=1.5
1534,83,alpha=1.5
1535,59,alpha=1.5
1536,87,alpha=1.5
1537,91,alpha=1.5
1538,86,alpha=1.5
1539,138,alpha=1.5
1540,74,alpha=1.5
1541,103,alpha=1.5
1542,106,alpha=1.5
1543,193,alpha=1.5
1544,222,alpha=1.5
1545,85,alpha=1.5
1546,116,alpha=1.5
1547,83,alpha=1.5
1548,81,alpha=1.5
1549,74,alpha=1.5
1550,89,alpha=1.5
1551,199,alpha=1.5
1552,70,alpha=1.5
1553,85,alpha=1.5
1554,89,alpha=1.5
1555,117,alpha=1.5
1556,92,alpha=1.5
1557,144,alpha=1.5
1558,69,alpha=1.5
1559,71,alpha=1.5
1560,60,alpha=1.5
1561,74,alpha=1.5
1562,130,alpha=1.5
1563,140,alpha=1.5
1564,100,alpha=1.5
1565,87,alpha=1.5
1566,143,alpha=1.5
1567,74,alpha=1.5
1568,104,alpha=1.5
1569,76,alpha=1.5
1570,74,alpha=1.5
1571,80,alpha=1.5
1572,84,alpha=1.5
1573,103,alpha=1.5
1574,188,alpha=1.5
1575,149,alpha=1.5
1576,118,alpha=1.5
1577,73,alpha=1.5
1578,63,alpha=1.5
1579,98,alpha=1.5
1580,71,alpha=1.5
1581,101,alpha=1.5
1582,117,alpha=1.5
1583,67,alpha=1.5
1584,90,alpha=1.5
1585,98,alpha=1.5
1586,93,alpha=1.5
1587,80,alpha=1.5
1588,130,alpha=1.5
1589,101,alpha=1.5
1590,122,alpha=1.5
1591,73,alpha=1.5
1592,76,alpha=1.5
1593,110,alpha=1.5
1594,112,alpha=1.5
1595,74,alpha=1.5
1596,215,alpha=1.5
1597,83,alpha=1.5
1598,64,alpha=1.5
1599,120,alpha=1.5
1600,170,alpha=1.5
1601,90,alpha=1.5
1602,228,alpha=1.5
1603,75,alpha=1.5
1604,61,alpha=1.5
1605,82,alpha=1.5
1606,74,alpha=1.5
1607,96,alpha=1.5
1608,68,alpha=1.5
1609,107,alpha=1.5
1610,109,alpha=1.5
1611,82,alpha=1.5
1612,98,alpha=1.5
1613,97,alpha=1.5
1614,153,alpha=1.5
1615,86,alpha=1.5
1616,92,alpha=1.5
1617,117,alpha=1.5
1618,62,alpha=1.5
1619,89,alpha=1.5
1620,60,alpha=1.5
1621,140,alpha=1.5
1622,70,alpha=1.5
1623,126,alpha=1.5
1624,226,alpha=1.5
1625,103,alpha=1.5
1626,98,alpha=1.5
1627,75,alpha=1.5
1628,100,alpha=1.5
1629,76,alpha=1.5
1630,209,alpha=1.5
1631,87,alpha=1.5
1632,97,alpha=1.5
1633,163,alpha=1.5
1634,109,alpha=1.5
1635,112,alpha=1.5
1636,80,alpha=1.5
1637,135,alpha=1.5
1638,174,alpha=1.5
1639,109,alpha=1.5
1640,127,alpha=1.5
1641,82,alpha=1.5
1642,101,alpha=1.5
1643,115,alpha=1.5
1644,168,alpha=1.5
1645,79,alpha=1.5
1646,154,alpha=1.5
1647,114,alpha=1.5
1648,61,alpha=1.5
1649,65,alpha=1.5
1650,71,alpha=1.5
1651,115,alpha=1.5
1652,114,alpha=1.5
1653,91,alpha=1.5
1654,94,alpha=1.5
1655,71,alpha=1.5
1656,76,alpha=1.5
1657,92,alpha=1.5
1658,86,alpha=1.5
1659,80,alpha=1.5
1660,102,alpha=1.5
1661,83,alpha=1.5
1662,79,alpha=1.5
1663,191,alpha=1.5
1664,101,alpha=1.5
1665,109,alpha=1.5
1666,70,alpha=1.5
1667,67,alpha=1.5
1668,96,alpha=1.5
1669,90,alpha=1.5
1670,113,alpha=1.5
1671,90,alpha=1.5
1672,82,alpha=1.5
1673,147,alpha=1.5
1674,82,alpha=1.5
1675,131,alpha=1.5
1676,95,alpha=1.5
1677,184,alpha=1.5
1678,47,alpha=1.5
1679,129,alpha=1.5
1680,110,alpha=1.5
1681,341,alpha=1.5
1682,99,alpha=1.5
1683,60,alpha=1.5
1684,63,alpha=1.5
1685,205,alpha=1.5
1686,114,alpha=1.5
1687,89,alpha=1.5
1688,49,alpha=1.5
1689,90,alpha=1.5
1690,77,alpha=1.5
1691,77,alpha=1.5
1692,86,alpha=1.5
1693,77,alpha=1.5
1694,133,alpha=1.5
1695,78,alpha=1.5
1696,67,alpha=1.5
1697,110,alpha=1.5
1698,101,alpha=1.5
1699,101,alpha=1.5
1700,98,alpha=1.5
1701,70,alpha=1.5
1702,107,alpha=1.5
1703,77,alpha=1.5
1704,78,alpha=1.5
1705,92,alpha=1.5
1706,102,alpha=1.5
1707,69,alpha=1.5
1708,182,alpha=1.5
1709,108,alpha=1.5
1710,77,alpha=1.5
1711,138,alpha=1.5
1712,66,alpha=1.5
1713,86,alpha=1.5
1714,109,alpha=1.5
1715,94,alpha=1.5
1716,66,alpha=1.5
1717,99,alpha=1.5
1718,130,alpha=1.5
1719,73,alpha=1.5
1720,119,alpha=1.5
1721,104,alpha=1.5
1722,77,alpha=1.5
1723,111,alpha=1.5
1724,79,alpha=1.5
1725,146,alpha=1.5
1726,99,alpha=1.5
1727,113,alpha=1.5
1728,72,alpha=1.5
1729,83,alpha=1.5
1730,121,alpha=1.5
1731,61,alpha=1.5
1732,116,alpha=1.5
1733,97,alpha=1.5
1734,84,alpha=1.5
1735,74,alpha=1.5
1736,63,alpha=1.5
1737,74,alpha=1.5
1738,103,alpha=1.5
1739,155,alpha=1.5
1740,70,alpha=1.5
1741,71,alpha=1.5
1742,68,alpha=1.5
1743,70,alpha=1.5
1744,256,alpha=1.5
1745,136,alpha=1.5
1746,69,alpha=1.5
1747,82,alpha=1.5
1748,112,alpha=1.5
1749,63,alpha=1.5
1750,183,alpha=1.5
1751,113,alpha=1.5
1752,58,alpha=1.5
1753,98,alpha=1.5
1754,48,alpha=1.5
1755,90,alpha=1.5
1756,67,alpha=1.5
1757,97,alpha=1.5
1758,76,alpha=1.5
1759,129,alpha=1.5
1760,159,alpha=1.5
1761,136,alpha=1.5
1762,100,alpha=1.5
1763,63,alpha=1.5
1764,75,alpha=1.5
1765,101,alpha=1.5
1766,72,alpha=1.5
1767,65,alpha=1.5
1768,95,alpha=1.5
1769,79,alpha=1.5
1770,72,alpha=1.5
1771,96,alpha=1.5
1772,99,alpha=1.5
1773,109,alpha=1.5
1774,78,alpha=1.5
1775,83,alpha=1.5
1776,79,alpha=1.5
1777,92,alpha=1.5
1778,106,alpha=1.5
1779,143,alpha=1.5
1780,133,alpha=1.5
1781,176,alpha=1.5
1782,82,alpha=1.5
1783,86,alpha=1.5
1784,66,alpha=1.5
1785,100,alpha=1.5
1786,63,alpha=1.5
1787,114,alpha=1.5
1788,146,alpha=1.5
1789,100,alpha=1.5
1790,98,alpha=1.5
1791,85,alpha=1.5
1792,64,alpha=1.5
1793,92,alpha=1.5
1794,110,alpha=1.5
1795,83,alpha=1.5
1796,130,alpha=1.5
1797,73,alpha=1.5
1798,80,alpha=1.5
1799,65,alpha=1.5
1800,91,alpha=1.5
1801,88,alpha=1.5
1802,147,alpha=1.5
1803,76,alpha=1.5
1804,62,alpha=1.5
1805,108,alpha=1.5
1806,107,alpha=1.5
1807,129,alpha=1.5
1808,112,alpha=1.5
1809,89,alpha=1.5
1810,75,alpha=1.5
1811,98,alpha=1.5
1812,73,alpha=1.5
1813,65,alpha=1.5
1814,129,alpha=1.5
1815,76,alpha=1.5
1816,68,alpha=1.5
1817,167,alpha=1.5
1818,89,alpha=1.5
1819,72,alpha=1.5
1820,151,alpha=1.5
1821,229,alpha=1.5
1822,408,alpha=1.5
1823,117,alpha=1.5
1824,94,alpha=1.5
1825,105,alpha=1.5
1826,170,alpha=1.5
1827,99,alpha=1.5
1828,102,alpha=1.5
1829,483,alpha=1.5
1830,63,alpha=1.5
1831,71,alpha=1.5
1832,121,alpha=1.5
1833,69,alpha=1.5
1834,210,alpha=1.5
1835,152,alpha=1.5
1836,85,alpha=1.5
1837,73,alpha=1.5
1838,91,alpha=1.5
1839,93,alpha=1.5
1840,283,alpha=1.5
1841,60,alpha=1.5
1842,73,alpha=1.5
1843,89,alpha=1.5
1844,154,alpha=1.5
1845,92,alpha=1.5
1846,73,alpha=1.5
1847,87,alpha=1.5
1848,94,alpha=1.5
1849,241,alpha=1.5
1850,84,alpha=1.5
1851,109,alpha=1.5
1852,89,alpha=1.5
1853,78,alpha=1.5
1854,135,alpha=1.5
1855,65,alpha=1.5
1856,81,alpha=1.5
1857,132,alpha=1.5
1858,114,alpha=1.5
1859,103,alpha=1.5
1860,115,alpha=1.5
1861,61,alpha=1.5
1862,53,alpha=1.5
1863,186,alpha=1.5
1864,108,alpha=1.5
1865,168,alpha=1.5
1866,98,alpha=1.5
1867,170,alpha=1.5
1868,86,alpha=1.5
1869,55,alpha=1.5
1870,100,alpha=1.5
1871,76,alpha=1.5
1872,62,alpha=1.5
1873,91,alpha=1.5
1874,101,alpha=1.5
1875,58,alpha=1.5
1876,79,alpha=1.5
1877,54,alpha=1.5
1878,103,alpha=1.5
1879,118,alpha=1.5
1880,97,alpha=1.5
1881,85,alpha=1.5
1882,100,alpha=1.5
1883,68,alpha=1.5
1884,85,alpha=1.5
1885,77,alpha=1.5
1886,65,alpha=1.5
1887,67,alpha=1.5
1888,206,alpha=1.5
1889,102,alpha=1.5
1890,151,alpha=1.5
1891,84,alpha=1.5
1892,110,alpha=1.5
1893,137,alpha=1.5
1894,87,alpha=1.5
1895,74,alpha=1.5
1896,93,alpha=1.5
1897,88,alpha=1.5
1898,110,alpha=1.5
1899,115,alpha=1.5
1900,84,alpha=1.5
1901,81,alpha=1.5
1902,53,alpha=1.5
1903,97,alpha=1.5
1904,135,alpha=1.5
1905,58,alpha=1.5
1906,108,alpha=1.5
1907,88,alpha=1.5
1908,77,alpha=1.5
1909,96,alpha=1.5
1910,74,alpha=1.5
1911,85,alpha=1.5
1912,71,alpha=1.5
1913,106,alpha=1.5
1914,101,alpha=1.5
1915,115,alpha=1.5
1916,293,alpha=1.5
1917,115,alpha=1.5
1918,56,alpha=1.5
1919,55,alpha=1.5
1920,133,alpha=1.5
1921,83,alpha=1.5
1922,70,alpha=1.5
1923,74,alpha=1.5
1924,240,alpha=1.5
1925,61,alpha=1.5
1926,66,alpha=1.5
1927,106,alpha=1.5
1928,72,alpha=1.5
1929,154,alpha=1.5
1930,89,alpha=1.5
1931,102,alpha=1.5
1932,89,alpha=1.5
1933,70,alpha=1.5
1934,79,alpha=1.5
1935,76,alpha=1.5
1936,72,alpha=1.5
1937,117,alpha=1.5
1938,88,alpha=1.5
1939,368,alpha=1.5
1940,94,alpha=1.5
1941,81,alpha=1.5
1942,123,alpha=1.5
1943,144,alpha=1.5
1944,121,alpha=1.5
1945,88,alpha=1.5
1946,59,alpha=1.5
1947,92,alpha=1.5
1948,67,alpha=1.5
1949,122,alpha=1.5
1950,85,alpha=1.5
1951,81,alpha=1.5
1952,81,alpha=1.5
1953,119,alpha=1.5
1954,94,alpha=1.5
1955,83,alpha=1.5
1956,137,alpha=1.5
1957,93,alpha=1.5
1958,66,alpha=1.5
1959,228,alpha=1.5
1960,92,alpha=1.5
1961,103,alpha=1.5
1962,98,alpha=1.5
1963,87,alpha=1.5
1964,64,alpha=1.5
1965,75,alpha=1.5
1966,85,alpha=1.5
1967,75,alpha=1.5
1968,102,alpha=1.5
1969,76,alpha=1.5
1970,108,alpha=1.5
1971,110,alpha=1.5
1972,80,alpha=1.5
1973,108,alpha=1.5
1974,126,alpha=1.5
1975,83,alpha=1.5
1976,214,alpha=1.5
1977,63,alpha=1.5
1978,110,alpha=1.5
1979,109,alpha=1.5
1980,77,alpha=1.5
1981,110,alpha=1.5
1982,60,alpha=1.5
1983,63,alpha=1.5
1984,123,alpha=1.5
1985,71,alpha=1.5
1986,71,alpha=1.5
1987,127,alpha=1.5
1988,103,alpha=1.5
1989,86,alpha=1.5
1990,67,alpha=1.5
1991,65,alpha=1.5
1992,119,alpha=1.5
1993,68,alpha=1.5
1994,52,alpha=1.5
1995,96,alpha=1.5
1996,58,alpha=1.5
1997,81,alpha=1.5
1998,173,alpha=1.5
1999,70,alpha=1.5
2000,55,alpha=1.5
2001,86,alpha=1.5
2002,103,alpha=1.5
2003,114,alpha=1.5
2004,122,alpha=1.5
2005,92,alpha=1.5
2006,109,alpha=1.5
2007,63,alpha=1.5
2008,97,alpha=1.5
2009,91,alpha=1.5
2010,60,alpha=1.5
2011,75,alpha=1.5
2012,119,alpha=1.5
2013,64,alpha=1.5
2014,102,alpha=1.5
2015,113,alpha=1.5
2016,84,alpha=1.5
2017,99,alpha=1.5
2018,90,alpha=1.5
2019,60,alpha=1.5
2020,187,alpha=1.5
2021,111,alpha=1.5
2022,111,alpha=1.5
2023,145,alpha=1.5
2024,116,alpha=1.5
2025,124,alpha=1.5
2026,123,alpha=1.5
2027,139,alpha=1.5
2028,74,alpha=1.5
2029,98,alpha=1.5
2030,133,alpha=1.5
2031,103,alpha=1.5
2032,111,alpha=1.5
2033,94,alpha=1.5
2034,208,alpha=1.5
2035,74,alpha=1.5
2036,106,alpha=1.5
2037,116,alpha=1.5
2038,78,alpha=1.5
2039,71,alpha=1.5
2040,94,alpha=1.5
2041,80,alpha=1.5
2042,102,alpha=1.5
2043,69,alpha=1.5
2044,134,alpha=1.5
2045,110,alpha=1.5
2046,83,alpha=1.5
2047,93,alpha=1.5
2048,94,alpha=1.5
2049,94,alpha=1.5
2050,86,alpha=1.5
2051,108,alpha=1.5
2052,46,alpha=1.5
2053,76,alpha=1.5
2054,119,alpha=1.5
2055,103,alpha=1.5
2056,89,alpha=1.5
2057,110,alpha=1.5
2058,82,alpha=1.5
2059,70,alpha=1.5
2060,58,alpha=1.5
2061,99,alpha=1.5
2062,82,alpha=1.5
2063,87,alpha=1.5
2064,87,alpha=1.5
2065,54,alpha=1.5
2066,133,alpha=1.5
2067,68,alpha=1.5
2068,56,alpha=1.5
2069,152,alpha=1.5
2070,89,alpha=1.5
2071,184,alpha=1.5
2072,210,alpha=1.5
2073,90,alpha=1.5
2074,79,alpha=1.5
2075,71,alpha=1.5
2076,118,alpha=1.5
2077,109,alpha=1.5
2078,60,alpha=1.5
2079,81,alpha=1.5
2080,146,alpha=1.5
2081,232,alpha=1.5
2082,111,alpha=1.5
2083,98,alpha=1.5
2084,90,alpha=1.5
2085,176,alpha=1.5
2086,93,alpha=1.5
2087,115,alpha=1.5
2088,89,alpha=1.5
2089,79,alpha=1.5
2090,69,alpha=1.5
2091,113,alpha=1.5
2092,76,alpha=1.5
2093,67,alpha=1.5
2094,73,alpha=1.5
2095,217,alpha=1.5
2096,80,alpha=1.5
2097,95,alpha=1.5
2098,72,alpha=1.5
2099,102,alpha=1.5
2100,80,alpha=1.5
2101,113,alpha=1.5
2102,82,alpha=1.5
2103,86,alpha=1.5
2104,115,alpha=1.5
2105,75,alpha=1.5
2106,77,alpha=1.5
2107,119,alpha=1.5
2108,111,alpha=1.5
2109,109,alpha=1.5
2110,130,alpha=1.5
2111,65,alpha=1.5
2112,109,alpha=1.5
2113,78,alpha=1.5
2114,65,alpha=1.5
2115,129,alpha=1.5
2116,96,alpha=1.5
2117,125,alpha=1.5
2118,90,alpha=1.5
2119,144,alpha=1.5
2120,73,alpha=1.5
2121,92,alpha=1.5
2122,78,alpha=1.5
2123,83,alpha=1.5
2124,77,alpha=1.5
2125,83,alpha=1.5
2126,90,alpha=1.5
2127,74,alpha=1.5
2128,95,alpha=1.5
2129,94,alpha=1.5
2130,101,alpha=1.5
2131,99,alpha=1.5
2132,83,alpha=1.5
2133,87,alpha=1.5
2134,200,alpha=1.5
2135,119,alpha=1.5
2136,93,alpha=1.5
2137,109,alpha=1.5
2138,143,alpha=1.5
2139,72,alpha=1.5
2140,85,alpha=1.5
2141,96,alpha=1.5
2142,94,alpha=1.5
2143,98,alpha=1.5
2144,80,alpha=1.5
2145,118,alpha=1.5
2146,82,alpha=1.5
2147,67,alpha=1.5
2148,85,alpha=1.5
2149,77,alpha=1.5
2150,64,alpha=1.5
2151,103,alpha=1.5
2152,124,alpha=1.5
2153,117,alpha=1.5
2154,83,alpha=1.5
2155,106,alpha=1.5
2156,93,alpha=1.5
2157,153,alpha=1.5
2158,135,alpha=1.5
2159,137,alpha=1.5
2160,82,alpha=1.5
2161,75,alpha=1.5
2162,136,alpha=1.5
2163,84,alpha=1.5
2164,81,alpha=1.5
2165,91,alpha=1.5
2166,94,alpha=1.5
2167,86,alpha=1.5
2168,51,alpha=1.5
2169,77,alpha=1.5
2170,206,alpha=1.5
2171,91,alpha=1.5
2172,53,alpha=1.5
2173,98,alpha=1.5
2174,49,alpha=1.5
2175,76,alpha=1.5
2176,167,alpha=1.5
2177,65,alpha=1.5
2178,80,alpha=1.5
2179,64,alpha=1.5
2180,76,alpha=1.5
2181,114,alpha=1.5
2182,84,alpha=1.5
2183,83,alpha=1.5
2184,124,alpha=1.5
2185,70,alpha=1.5
2186,74,alpha=1.5
2187,62,alpha=1.5
2188,226,alpha=1.5
2189,126,alpha=1.5
2190,43,alpha=1.5
2191,84,alpha=1.5
2192,69,alpha=1.5
2193,77,alpha=1.5
2194,86,alpha=1.5
2195,168,alpha=1.5
2196,207,alpha=1.5
2197,95,alpha=1.5
2198,86,alpha=1.5
2199,72,alpha=1.5
2200,123,alpha=1.5
2201,79,alpha=1.5
2202,86,alpha=1.5
2203,115,alpha=1.5
2204,63,alpha=1.5
2205,57,alpha=1.5
2206,124,alpha=1.5
2207,106,alpha=1.5
2208,102,alpha=1.5
2209,72,alpha=1.5
2210,149,alpha=1.5
2211,109,alpha=1.5
2212,71,alpha=1.5
2213,71,alpha=1.5
2214,113,alpha=1.5
2215,141,alpha=1.5
2216,91,alpha=1.5
2217,90,alpha=1.5
2218,110,alpha=1.5
2219,92,alpha=1.5
2220,69,alpha=1.5
2221,85,alpha=1.5
2222,113,alpha=1.5
2223,79,alpha=1.5
2224,155,alpha=1.5
2225,104,alpha=1.5
2226,76,alpha=1.5
2227,93,alpha=1.5
2228,105,alpha=1.5
2229,111,alpha=1.5
2230,93,alpha=1.5
2231,57,alpha=1.5
2232,79,alpha=1.5
2233,31,alpha=1.5
2234,83,alpha=1.5
2235,191,alpha=1.5
2236,55,alpha=1.5
2237,80,alpha=1.5
2238,126,alpha=1.5
2239,88,alpha=1.5
2240,80,alpha=1.5
2241,109,alpha=1.5
2242,168,alpha=1.5
2243,98,alpha=1.5
2244,66,alpha=1.5
2245,104,alpha=1.5
2246,90,alpha=1.5
2247,62,alpha=1.5
2248,61,alpha=1.5
2249,125,alpha=1.5
2250,57,alpha=1.5
2251,106,alpha=1.5
2252,50,alpha=1.5
2253,68,alpha=1.5
2254,159,alpha=1.5
2255,136,alpha=1.5
2256,83,alpha=1.5
2257,87,alpha=1.5
2258,94,alpha=1.5
2259,100,alpha=1.5
2260,110,alpha=1.5
2261,303,alpha=1.5
2262,77,alpha=1.5
2263,108,alpha=1.5
2264,84,alpha=1.5
2265,124,alpha=1.5
2266,90,alpha=1.5
2267,66,alpha=1.5
2268,64,alpha=1.5
2269,66,alpha=1.5
2270,158,alpha=1.5
2271,127,alpha=1.5
2272,74,alpha=1.5
2273,87,alpha=1.5
2274,82,alpha=1.5
2275,74,alpha=1.5
2276,83,alpha=1.5
2277,64,alpha=1.5
2278,140,alpha=1.5
2279,94,alpha=1.5
2280,80,alpha=1.5
2281,155,alpha=1.5
2282,61,alpha=1.5
2283,133,alpha=1.5
2284,102,alpha=1.5
2285,319,alpha=1.5
2286,96,alpha=1.5
2287,89,alpha=1.5
2288,87,alpha=1.5
2289,58,alpha=1.5
2290,92,alpha=1.5
2291,81,alpha=1.5
2292,81,alpha=1.5
2293,82,alpha=1.5
2294,85,alpha=1.5
2295,129,alpha=1.5
2296,75,alpha=1.5
2297,121,alpha=1.5
2298,81,alpha=1.5
2299,123,alpha=1.5
2300,64,alpha=1.5
2301,70,alpha=1.5
2302,84,alpha=1.5
2303,108,alpha=1.5
2304,50,alpha=1.5
2305,66,alpha=1.5
2306,87,alpha=1.5
2307,72,alpha=1.5
2308,114,alpha=1.5
2309,144,alpha=1.5
2310,125,alpha=1.5
2311,327,alpha=1.5
2312,46,alpha=1.5
2313,108,alpha=1.5
2314,51,alpha=1.5
2315,101,alpha=1.5
2316,58,alpha=1.5
2317,55,alpha=1.5
2318,86,alpha=1.5
2319,80,alpha=1.5
2320,61,alpha=1.5
2321,93,alpha=1.5
2322,79,alpha=1.5
2323,112,alpha=1.5
2324,58,alpha=1.5
2325,79,alpha=1.5
2326,64,alpha=1.5
2327,85,alpha=1.5
2328,128,alpha=1.5
2329,110,alpha=1.5
2330,59,alpha=1.5
2331,59,alpha=1.5
2332,128,alpha=1.5
2333,97,alpha=1.5
2334,77,alpha=1.5
2335,73,alpha=1.5
2336,91,alpha=1.5
2337,79,alpha=1.5
2338,122,alpha=1.5
2339,68,alpha=1.5
2340,65,alpha=1.5
2341,174,alpha=1.5
2342,75,alpha=1.5
2343,91,alpha=1.5
2344,111,alpha=1.5
2345,111,alpha=1.5
2346,72,alpha=1.5
2347,101,alpha=1.5
2348,83,alpha=1.5
2349,98,alpha=1.5
2350,72,alpha=1.5
2351,84,alpha=1.5
2352,80,alpha=1.5
2353,80,alpha=1.5
2354,92,alpha=1.5
2355,67,alpha=1.5
2356,108,alpha=1.5
2357,100,alpha=1.5
2358,118,alpha=1.5
2359,148,alpha=1.5
2360,57,alpha=1.5
2361,71,alpha=1.5
2362,76,alpha=1.5
2363,71,alpha=1.5
2364,99,alpha=1.5
2365,78,alpha=1.5
2366,205,alpha=1.5
2367,86,alpha=1.5
2368,70,alpha=1.5
2369,81,alpha=1.5
2370,66,alpha=1.5
2371,130,alpha=1.5
2372,95,alpha=1.5
2373,81,alpha=1.5
2374,82,alpha=1.5
2375,71,alpha=1.5
2376,86,alpha=1.5
2377,72,alpha=1.5
2378,60,alpha=1.5
2379,105,alpha=1.5
2380,79,alpha=1.5
2381,82,alpha=1.5
2382,441,alpha=1.5
2383,87,alpha=1.5
2384,75,alpha=1.5
2385,95,alpha=1.5
2386,124,alpha=1.5
2387,117,alpha=1.5
2388,67,alpha=1.5
2389,88,alpha=1.5
2390,78,alpha=1.5
2391,74,alpha=1.5
2392,108,alpha=1.5
2393,70,alpha=1.5
2394,105,alpha=1.5
2395,102,alpha=1.5
2396,100,alpha=1.5
2397,205,alpha=1.5
2398,91,alpha=1.5
2399,110,alpha=1.5
2400,322,alpha=1.5
2401,87,alpha=1.5
2402,77,alpha=1.5
2403,80,alpha=1.5
2404,97,alpha=1.5
2405,88,alpha=1.5
2406,75,alpha=1.5
2407,218,alpha=1.5
2408,101,alpha=1.5
2409,93,alpha=1.5
2410,113,alpha=1.5
2411,99,alpha=1.5
2412,94,alpha=1.5
2413,81,alpha=1.5
2414,78,alpha=1.5
2415,97,alpha=1.5
2416,128,alpha=1.5
2417,159,alpha=1.5
2418,117,alpha=1.5
2419,59,alpha=1.5
2420,81,alpha=1.5
2421,100,alpha=1.5
2422,95,alpha=1.5
2423,92,alpha=1.5
2424,123,alpha=1.5
2425,85,alpha=1.5
2426,65,alpha=1.5
2427,74,alpha=1.5
2428,78,alpha=1.5
2429,72,alpha=1.5
2430,109,alpha=1.5
2431,236,alpha=1.5
2432,82,alpha=1.5
2433,86,alpha=1.5
2434,76,alpha=1.5
2435,98,alpha=1.5
2436,65,alpha=1.5
2437,88,alpha=1.5
2438,66,alpha=1.5
2439,98,alpha=1.5
2440,84,alpha=1.5
2441,118,alpha=1.5
2442,111,alpha=1.5
2443,81,alpha=1.5
2444,86,alpha=1.5
2445,117,alpha=1.5
2446,104,alpha=1.5
2447,77,alpha=1.5
2448,62,alpha=1.5
2449,88,alpha=1.5
2450,64,alpha=1.5
2451,196,alpha=1.5
2452,99,alpha=1.5
2453,89,alpha=1.5
2454,116,alpha=1.5
2455,81,alpha=1.5
2456,100,alpha=1.5
2457,111,alpha=1.5
2458,67,alpha=1.5
2459,64,alpha=1.5
2460,92,alpha=1.5
2461,90,alpha=1.5
2462,106,alpha=1.5
2463,73,alpha=1.5
2464,74,alpha=1.5
2465,83,alpha=1.5
2466,106,alpha=1.5
2467,92,alpha=1.5
2468,77,alpha=1.5
2469,155,alpha=1.5
2470,66,alpha=1.5
2471,118,alpha=1.5
2472,92,alpha=1.5
2473,89,alpha=1.5
2474,95,alpha=1.5
2475,100,alpha=1.5
2476,85,alpha=1.5
2477,103,alpha=1.5
2478,77,alpha=1.5
2479,111,alpha=1.5
2480,77,alpha=1.5
2481,98,alpha=1.5
2482,151,alpha=1.5
2483,64,alpha=1.5
2484,92,alpha=1.5
2485,95,alpha=1.5
2486,105,alpha=1.5
2487,101,alpha=1.5
2488,85,alpha=1.5
2489,92,alpha=1.5
2490,106,alpha=1.5
2491,84,alpha=1.5
2492,99,alpha=1.5
2493,93,alpha=1.5
2494,62,alpha=1.5
2495,80,alpha=1.5
2496,105,alpha=1.5
2497,95,alpha=1.5
2498,118,alpha=1.5
2499,70,alpha=1.5
2500,93,alpha=1.5
2501,86,alpha=1.5
2502,166,alpha=1.5
2503,277,alpha=1.5
2504,117,alpha=1.5
2505,166,alpha=1.5
2506,122,alpha=1.5
2507,84,alpha=1.5
2508,81,alpha=1.5
2509,83,alpha=1.5
2510,74,alpha=1.5
2511,101,alpha=1.5
2512,89,alpha=1.5
2513,136,alpha=1.5
2514,77,alpha=1.5
2515,83,alpha=1.5
2516,127,alpha=1.5
2517,67,alpha=1.5
2518,67,alpha=1.5
2519,68,alpha=1.5
2520,72,alpha=1.5
2521,45,alpha=1.5
2522,91,alpha=1.5
2523,74,alpha=1.5
2524,110,alpha=1.5
2525,116,alpha=1.5
2526,65,alpha=1.5
2527,145,alpha=1.5
2528,65,alpha=1.5
2529,175,alpha=1.5
2530,101,alpha=1.5
2531,94,alpha=1.5
2532,150,alpha=1.5
2533,66,alpha=1.5
2534,71,alpha=1.5
2535,130,alpha=1.5
2536,96,alpha=1.5
2537,116,alpha=1.5
2538,84,alpha=1.5
2539,62,alpha=1.5
2540,67,alpha=1.5
2541,104,alpha=1.5
2542,80,alpha=1.5
2543,145,alpha=1.5
2544,227,alpha=1.5
2545,122,alpha=1.5
2546,74,alpha=1.5
2547,127,alpha=1.5
2548,77,alpha=1.5
2549,95,alpha=1.5
2550,76,alpha=1.5
2551,88,alpha=1.5
2552,102,alpha=1.5
2553,72,alpha=1.5
2554,77,alpha=1.5
2555,192,alpha=1.5
2556,76,alpha=1.5
2557,90,alpha=1.5
2558,74,alpha=1.5
2559,112,alpha=1.5
2560,282,alpha=1.5
2561,75,alpha=1.5
2562,124,alpha=1.5
2563,110,alpha=1.5
2564,82,alpha=1.5
2565,71,alpha=1.5
2566,106,alpha=1.5
2567,73,alpha=1.5
2568,116,alpha=1.5
2569,114,alpha=1.5
2570,158,alpha=1.5
2571,91,alpha=1.5
2572,60,alpha=1.5
2573,57,alpha=1.5
2574,86,alpha=1.5
2575,89,alpha=1.5
2576,70,alpha=1.5
2577,77,alpha=1.5
2578,51,alpha=1.5
2579,78,alpha=1.5
2580,62,alpha=1.5
2581,83,alpha=1.5
2582,25,alpha=1.5
2583,94,alpha=1.5
2584,67,alpha=1.5
2585,88,alpha=1.5
2586,113,alpha=1.5
2587,86,alpha=1.5
2588,91,alpha=1.5
2589,93,alpha=1.5
2590,62,alpha=1.5
2591,81,alpha=1.5
2592,62,alpha=1.5
2593,90,alpha=1.5
2594,76,alpha=1.5
2595,141,alpha=1.5
2596,139,alpha=1.5
2597,89,alpha=1.5
2598,102,alpha=1.5
2599,167,alpha=1.5
2600,126,alpha=1.5
2601,58,alpha=1.5
2602,70,alpha=1.5
2603,81,alpha=1.5
2604,145,alpha=1.5
2605,50,alpha=1.5
2606,141,alpha=1.5
2607,73,alpha=1.5
2608,122,alpha=1.5
2609,65,alpha=1.5
2610,64,alpha=1.5
2611,131,alpha=1.5
2612,95,alpha=1.5
2613,92,alpha=1.5
2614,217,alpha=1.5
2615,95,alpha=1.5
2616,96,alpha=1.5
2617,91,alpha=1.5
2618,71,alpha=1.5
2619,87,alpha=1.5
2620,93,alpha=1.5
2621,104,alpha=1.5
2622,120,alpha=1.5
2623,81,alpha=1.5
2624,47,alpha=1.5
2625,106,alpha=1.5
2626,133,alpha=1.5
2627,93,alpha=1.5
2628,51,alpha=1.5
2629,85,alpha=1.5
2630,94,alpha=1.5
2631,64,alpha=1.5
2632,90,alpha=1.5
2633,174,alpha=1.5
2634,43,alpha=1.5
2635,120,alpha=1.5
2636,69,alpha=1.5
2637,63,alpha=1.5
2638,214,alpha=1.5
2639,77,alpha=1.5
2640,113,alpha=1.5
2641,91,alpha=1.5
2642,123,alpha=1.5
2643,64,alpha=1.5
2644,114,alpha=1.5
2645,85,alpha=1.5
2646,75,alpha=1.5
2647,99,alpha=1.5
2648,59,alpha=1.5
2649,75,alpha=1.5
2650,91,alpha=1.5
2651,97,alpha=1.5
2652,65,alpha=1.5
2653,77,alpha=1.5
2654,123,alpha=1.5
2655,68,alpha=1.5
2656,139,alpha=1.5
2657,335,alpha=1.5
2658,300,alpha=1.5
2659,96,alpha=1.5
2660,76,alpha=1.5
2661,81,alpha=1.5
2662,69,alpha=1.5
2663,71,alpha=1.5
2664,98,alpha=1.5
2665,70,alpha=1.5
2666,97,alpha=1.5
2667,75,alpha=1.5
2668,106,alpha=1.5
2669,155,alpha=1.5
2670,141,alpha=1.5
2671,101,alpha=1.5
2672,83,alpha=1.5
2673,71,alpha=1.5
2674,103,alpha=1.5
2675,82,alpha=1.5
2676,85,alpha=1.5
2677,190,alpha=1.5
2678,79,alpha=1.5
2679,125,alpha=1.5
2680,45,alpha=1.5
2681,82,alpha=1.5
2682,91,alpha=1.5
2683,77,alpha=1.5
2684,90,alpha=1.5
2685,112,alpha=1.5
2686,75,alpha=1.5
2687,63,alpha=1.5
2688,120,alpha=1.5
2689,121,alpha=1.5
2690,108,alpha=1.5
2691,90,alpha=1.5
2692,75,alpha=1.5
2693,145,alpha=1.5
2694,96,alpha=1.5
2695,79,alpha=1.5
2696,119,alpha=1.5
2697,101,alpha=1.5
2698,96,alpha=1.5
2699,64,alpha=1.5
2700,89,alpha=1.5
2701,65,alpha=1.5
2702,562,alpha=1.5
2703,62,alpha=1.5
2704,79,alpha=1.5
2705,91,alpha=1.5
2706,82,alpha=1.5
2707,86,alpha=1.5
2708,91,alpha=1.5
2709,110,alpha=1.5
2710,87,alpha=1.5
2711,156,alpha=1.5
2712,119,alpha=1.5
2713,63,alpha=1.5
2714,181,alpha=1.5
2715,119,alpha=1.5
2716,78,alpha=1.5
2717,113,alpha=1.5
2718,76,alpha=1.5
2719,72,alpha=1.5
2720,122,alpha=1.5
2721,96,alpha=1.5
2722,58,alpha=1.5
2723,184,alpha=1.5
2724,288,alpha=1.5
2725,69,alpha=1.5
2726,140,alpha=1.5
2727,100,alpha=1.5
2728,91,alpha=1.5
2729,77,alpha=1.5
2730,109,alpha=1.5
2731,111,alpha=1.5
2732,87,alpha=1.5
2733,79,alpha=1.5
2734,45,alpha=1.5
2735,96,alpha=1.5
2736,86,alpha=1.5
2737,68,alpha=1.5
2738,79,alpha=1.5
2739,98,alpha=1.5
2740,129,alpha=1.5
2741,74,alpha=1.5
2742,111,alpha=1.5
2743,61,alpha=1.5
2744,101,alpha=1.5
2745,65,alpha=1.5
2746,128,alpha=1.5
2747,101,alpha=1.5
2748,59,alpha=1.5
2749,127,alpha=1.5
2750,79,alpha=1.5
2751,113,alpha=1.5
2752,79,alpha=1.5
2753,79,alpha=1.5
2754,114,alpha=1.5
2755,92,alpha=1.5
2756,61,alpha=1.5
2757,125,alpha=1.5
2758,109,alpha=1.5
2759,104,alpha=1.5
2760,143,alpha=1.5
2761,83,alpha=1.5
2762,62,alpha=1.5
2763,67,alpha=1.5
2764,100,alpha=1.5
2765,157,alpha=1.5
2766,88,alpha=1.5
2767,97,alpha=1.5
2768,82,alpha=1.5
2769,177,alpha=1.5
2770,135,alpha=1.5
2771,144,alpha=1.5
2772,68,alpha=1.5
2773,84,alpha=1.5
2774,76,alpha=1.5
2775,107,alpha=1.5
2776,87,alpha=1.5
2777,84,alpha=1.5
2778,78,alpha=1.5
2779,289,alpha=1.5
2780,91,alpha=1.5
2781,144,alpha=1.5
2782,124,alpha=1.5
2783,97,alpha=1.5
2784,79,alpha=1.5
2785,114,alpha=1.5
2786,167,alpha=1.5
2787,84,alpha=1.5
2788,81,alpha=1.5
2789,154,alpha=1.5
2790,65,alpha=1.5
2791,80,alpha=1.5
2792,75,alpha=1.5
2793,67,alpha=1.5
2794,110,alpha=1.5
2795,130,alpha=1.5
2796,63,alpha=1.5
2797,86,alpha=1.5
2798,75,alpha=1.5
2799,82,alpha=1.5
2800,82,alpha=1.5
2801,65,alpha=1.5
2802,90,alpha=1.5
2803,80,alpha=1.5
2804,87,alpha=1.5
2805,66,alpha=1.5
2806,62,alpha=1.5
2807,130,alpha=1.5
2808,104,alpha=1.5
2809,71,alpha=1.5
2810,87,alpha=1.5
2811,82,alpha=1.5
2812,150,alpha=1.5
2813,113,alpha=1.5
2814,275,alpha=1.5
2815,111,alpha=1.5
2816,63,alpha=1.5
2817,79,alpha=1.5
2818,87,alpha=1.5
2819,83,alpha=1.5
2820,81,alpha=1.5
2821,204,alpha=1.5
2822,102,alpha=1.5
2823,84,alpha=1.5
2824,68,alpha=1.5
2825,70,alpha=1.5
2826,78,alpha=1.5
2827,58,alpha=1.5
2828,85,alpha=1.5
2829,141,alpha=1.5
2830,74,alpha=1.5
2831,91,alpha=1.5
2832,73,alpha=1.5
2833,78,alpha=1.5
2834,78,alpha=1.5
2835,74,alpha=1.5
2836,257,alpha=1.5
2837,97,alpha=1.5
2838,73,alpha=1.5
2839,71,alpha=1.5
2840,102,alpha=1.5
2841,128,alpha=1.5
2842,80,alpha=1.5
2843,69,alpha=1.5
2844,77,alpha=1.5
2845,56,alpha=1.5
2846,92,alpha=1.5
2847,76,alpha=1.5
2848,139,alpha=1.5
2849,75,alpha=1.5
2850,118,alpha=1.5
2851,84,alpha=1.5
2852,86,alpha=1.5
2853,105,alpha=1.5
2854,85,alpha=1.5
2855,65,alpha=1.5
2856,90,alpha=1.5
2857,77,alpha=1.5
2858,75,alpha=1.5
2859,125,alpha=1.5
2860,114,alpha=1.5
2861,118,alpha=1.5
2862,120,alpha=1.5
2863,94,alpha=1.5
2864,82,alpha=1.5
2865,120,alpha=1.5
2866,68,alpha=1.5
2867,36,alpha=1.5
2868,112,alpha=1.5
2869,73,alpha=1.5
2870,103,alpha=1.5
2871,174,alpha=1.5
2872,81,alpha=1.5
2873,96,alpha=1.5
2874,84,alpha=1.5
2875,50,alpha=1.5
2876,149,alpha=1.5
2877,64,alpha=1.5
2878,147,alpha=1.5
2879,167,alpha=1.5
2880,90,alpha=1.5
2881,141,alpha=1.5
2882,87,alpha=1.5
2883,65,alpha=1.5
2884,61,alpha=1.5
2885,75,alpha=1.5
2886,91,alpha=1.5
2887,106,alpha=1.5
2888,119,alpha=1.5
2889,94,alpha=1.5
2890,77,alpha=1.5
2891,94,alpha=1.5
2892,110,alpha=1.5
2893,59,alpha=1.5
2894,99,alpha=1.5
2895,81,alpha=1.5
2896,123,alpha=1.5
2897,55,alpha=1.5
2898,140,alpha=1.5
2899,57,alpha=1.5
2900,82,alpha=1.5
2901,64,alpha=1.5
2902,185,alpha=1.5
2903,93,alpha=1.5
2904,106,alpha=1.5
2905,103,alpha=1.5
2906,70,alpha=1.5
2907,84,alpha=1.5
2908,83,alpha=1.5
2909,81,alpha=1.5
2910,111,alpha=1.5
2911,88,alpha=1.5
2912,181,alpha=1.5
2913,79,alpha=1.5
2914,65,alpha=1.5
2915,71,alpha=1.5
2916,51,alpha=1.5
2917,58,alpha=1.5
2918,74,alpha=1.5
2919,87,alpha=1.5
2920,62,alpha=1.5
2921,123,alpha=1.5
2922,88,alpha=1.5
2923,46,alpha=1.5
2924,45,alpha=1.5
2925,83,alpha=1.5
2926,90,alpha=1.5
2927,118,alpha=1.5
2928,101,alpha=1.5
2929,100,alpha=1.5
2930,794,alpha=1.5
2931,95,alpha=1.5
2932,121,alpha=1.5
2933,96,alpha=1.5
2934,70,alpha=1.5
2935,128,alpha=1.5
2936,87,alpha=1.5
2937,97,alpha=1.5
2938,100,alpha=1.5
2939,103,alpha=1.5
2940,102,alpha=1.5
2941,110,alpha=1.5
2942,86,alpha=1.5
2943,100,alpha=1.5
2944,72,alpha=1.5
2945,70,alpha=1.5
2946,148,alpha=1.5
2947,66,alpha=1.5
2948,79,alpha=1.5
2949,74,alpha=1.5
2950,212,alpha=1.5
2951,86,alpha=1.5
2952,65,alpha=1.5
2953,78,alpha=1.5
2954,50,alpha=1.5
2955,78,alpha=1.5
2956,87,alpha=1.5
2957,159,alpha=1.5
2958,70,alpha=1.5
2959,95,alpha=1.5
2960,77,alpha=1.5
2961,93,alpha=1.5
2962,73,alpha=1.5
2963,83,alpha=1.5
2964,98,alpha=1.5
2965,88,alpha=1.5
2966,107,alpha=1.5
2967,108,alpha=1.5
2968,59,alpha=1.5
2969,108,alpha=1.5
2970,94,alpha=1.5
2971,104,alpha=1.5
2972,89,alpha=1.5
2973,72,alpha=1.5
2974,101,alpha=1.5
2975,68,alpha=1.5
2976,117,alpha=1.5
2977,77,alpha=1.5
2978,103,alpha=1.5
2979,107,alpha=1.5
2980,135,alpha=1.5
2981,591,alpha=1.5
2982,125,alpha=1.5
2983,114,alpha=1.5
2984,174,alpha=1.5
2985,72,alpha=1.5
2986,74,alpha=1.5
2987,68,alpha=1.5
2988,65,alpha=1.5
2989,97,alpha=1.5
2990,64,alpha=1.5
2991,122,alpha=1.5
2992,100,alpha=1.5
2993,82,alpha=1.5
2994,130,alpha=1.5
2995,87,alpha=1.5
2996,353,alpha=1.5
2997,90,alpha=1.5
2998,152,alpha=1.5
2999,170,alpha=1.5
3000,138,alpha=1.5
3001,112,alpha=1.5
3002,61,alpha=1.5
3003,98,alpha=1.5
3004,177,alpha=1.5
3005,39,alpha=1.5
3006,99,alpha=1.5
3007,107,alpha=1.5
3008,66,alpha=1.5
3009,92,alpha=1.5
3010,111,alpha=1.5
3011,177,alpha=1.5
3012,122,alpha=1.5
3013,78,alpha=1.5
3014,75,alpha=1.5
3015,95,alpha=1.5
3016,129,alpha=1.5
3017,83,alpha=1.5
3018,134,alpha=1.5
3019,95,alpha=1.5
3020,70,alpha=1.5
3021,65,alpha=1.5
3022,111,alpha=1.5
3023,86,alpha=1.5
3024,94,alpha=1.5
3025,64,alpha=1.5
3026,62,alpha=1.5
3027,76,alpha=1.5
3028,59,alpha=1.5
3029,215,alpha=1.5
3030,65,alpha=1.5
3031,47,alpha=1.5
3032,89,alpha=1.5
3033,61,alpha=1.5
3034,105,alpha=1.5
3035,82,alpha=1.5
3036,118,alpha=1.5
3037,93,alpha=1.5
3038,94,alpha=1.5
3039,127,alpha=1.5
3040,112,alpha=1.5
3041,96,alpha=1.5
3042,87,alpha=1.5
3043,146,alpha=1.5
3044,91,alpha=1.5
3045,74,alpha=1.5
3046,127,alpha=1.5
3047,83,alpha=1.5
3048,92,alpha=1.5
3049,67,alpha=1.5
3050,119,alpha=1.5
3051,95,alpha=1.5
3052,154,alpha=1.5
3053,97,alpha=1.5
3054,101,alpha=1.5
3055,116,alpha=1.5
3056,137,alpha=1.5
3057,75,alpha=1.5
3058,54,alpha=1.5
3059,73,alpha=1.5
3060,129,alpha=1.5
3061,87,alpha=1.5
3062,119,alpha=1.5
3063,61,alpha=1.5
3064,89,alpha=1.5
3065,80,alpha=1.5
3066,115,alpha=1.5
3067,103,alpha=1.5
3068,69,alpha=1.5
3069,76,alpha=1.5
3070,66,alpha=1.5
3071,107,alpha=1.5
3072,65,alpha=1.5
3073,99,alpha=1.5
3074,175,alpha=1.5
3075,119,alpha=1.5
3076,69,alpha=1.5
3077,92,alpha=1.5
3078,107,alpha=1.5
3079,72,alpha=1.5
3080,77,alpha=1.5
3081,76,alpha=1.5
3082,101,alpha=1.5
3083,71,alpha=1.5
3084,105,alpha=1.5
3085,90,alpha=1.5
3086,272,alpha=1.5
3087,148,alpha=1.5
3088,100,alpha=1.5
3089,97,alpha=1.5
3090,125,alpha=1.5
3091,176,alpha=1.5
3092,78,alpha=1.5
3093,95,alpha=1.5
3094,97,alpha=1.5
3095,71,alpha=1.5
3096,91,alpha=1.5
3097,74,alpha=1.5
3098,101,alpha=1.5
3099,59,alpha=1.5
3100,64,alpha=1.5
3101,75,alpha=1.5
3102,46,alpha=1.5
3103,110,alpha=1.5
3104,100,alpha=1.5
3105,83,alpha=1.5
3106,65,alpha=1.5
3107,95,alpha=1.5
3108,64,alpha=1.5
3109,71,alpha=1.5
3110,76,alpha=1.5
3111,118,alpha=1.5
3112,142,alpha=1.5
3113,90,alpha=1.5
3114,80,alpha=1.5
3115,87,alpha=1.5
3116,109,alpha=1.5
3117,72,alpha=1.5
3118,128,alpha=1.5
3119,201,alpha=1.5
3120,87,alpha=1.5
3121,92,alpha=1.5
3122,75,alpha=1.5
3123,66,alpha=1.5
3124,109,alpha=1.5
3125,104,alpha=1.5
3126,160,alpha=1.5
3127,111,alpha=1.5
3128,72,alpha=1.5
3129,92,alpha=1.5
3130,129,alpha=1.5
3131,95,alpha=1.5
3132,62,alpha=1.5
3133,114,alpha=1.5
3134,68,alpha=1.5
3135,14,alpha=1.5
3136,77,alpha=1.5
3137,99,alpha=1.5
3138,61,alpha=1.5
3139,81,alpha=1.5
3140,83,alpha=1.5
3141,117,alpha=1.5
3142,93,alpha=1.5
3143,60,alpha=1.5
3144,29,alpha=1.5
3145,78,alpha=1.5
3146,99,alpha=1.5
3147,78,alpha=1.5
3148,66,alpha=1.5
3149,62,alpha=1.5
3150,62,alpha=1.5
3151,74,alpha=1.5
3152,212,alpha=1.5
3153,73,alpha=1.5
3154,139,alpha=1.5
3155,122,alpha=1.5
3156,98,alpha=1.5
3157,112,alpha=1.5
3158,160,alpha=1.5
3159,104,alpha=1.5
3160,117,alpha=1.5
3161,76,alpha=1.5
3162,61,alpha=1.5
3163,93,alpha=1.5
3164,130,alpha=1.5
3165,86,alpha=1.5
3166,100,alpha=1.5
3167,86,alpha=1.5
3168,66,alpha=1.5
3169,83,alpha=1.5
3170,180,alpha=1.5
3171,136,alpha=1.5
3172,98,alpha=1.5
3173,68,alpha=1.5
3174,88,alpha=1.5
3175,66,alpha=1.5
3176,102,alpha=1.5
3177,78,alpha=1.5
3178,125,alpha=1.5
3179,142,alpha=1.5
3180,111,alpha=1.5
3181,78,alpha=1.5
3182,94,alpha=1.5
3183,60,alpha=1.5
3184,68,alpha=1.5
3185,78,alpha=1.5
3186,96,alpha=1.5
3187,101,alpha=1.5
3188,76,alpha=1.5
3189,65,alpha=1.5
3190,107,alpha=1.5
3191,104,alpha=1.5
3192,162,alpha=1.5
3193,161,alpha=1.5
3194,117,alpha=1.5
3195,65,alpha=1.5
3196,90,alpha=1.5
3197,93,alpha=1.5
3198,97,alpha=1.5
3199,64,alpha=1.5
3200,82,alpha=1.5
3201,92,alpha=1.5
3202,106,alpha=1.5
3203,101,alpha=1.5
3204,170,alpha=1.5
3205,93,alpha=1.5
3206,109,alpha=1.5
3207,130,alpha=1.5
3208,65,alpha=1.5
3209,123,alpha=1.5
3210,92,alpha=1.5
3211,108,alpha=1.5
3212,54,alpha=1.5
3213,61,alpha=1.5
3214,170,alpha=1.5
3215,123,alpha=1.5
3216,99,alpha=1.5
3217,88,alpha=1.5
3218,103,alpha=1.5
3219,82,alpha=1.5
3220,69,alpha=1.5
3221,113,alpha=1.5
3222,66,alpha=1.5
3223,71,alpha=1.5
3224,138,alpha=1.5
3225,116,alpha=1.5
3226,66,alpha=1.5
3227,111,alpha=1.5
3228,195,alpha=1.5
3229,101,alpha=1.5
3230,84,alpha=1.5
3231,80,alpha=1.5
3232,118,alpha=1.5
3233,88,alpha=1.5
3234,93,alpha=1.5
3235,93,alpha=1.5
3236,110,alpha=1.5
3237,107,alpha=1.5
3238,128,alpha=1.5
3239,73,alpha=1.5
3240,81,alpha=1.5
3241,68,alpha=1.5
3242,67,alpha=1.5
3243,89,alpha=1.5
3244,88,alpha=1.5
3245,107,alpha=1.5
3246,79,alpha=1.5
3247,131,alpha=1.5
3248,111,alpha=1.5
3249,99,alpha=1.5
3250,194,alpha=1.5
3251,88,alpha=1.5
3252,109,alpha=1.5
3253,59,alpha=1.5
3254,110,alpha=1.5
3255,116,alpha=1.5
3256,80,alpha=1.5
3257,67,alpha=1.5
3258,76,alpha=1.5
3259,79,alpha=1.5
3260,126,alpha=1.5
3261,107,alpha=1.5
3262,66,alpha=1.5
3263,107,alpha=1.5
3264,65,alpha=1.5
3265,117,alpha=1.5
3266,74,alpha=1.5
3267,90,alpha=1.5
3268,102,alpha=1.5
3269,102,alpha=1.5
3270,70,alpha=1.5
3271,87,alpha=1.5
3272,118,alpha=1.5
3273,78,alpha=1.5
3274,94,alpha=1.5
3275,57,alpha=1.5
3276,88,alpha=1.5
3277,116,alpha=1.5
3278,106,alpha=1.5
3279,55,alpha=1.5
3280,74,alpha=1.5
3281,88,alpha=1.5
3282,90,alpha=1.5
3283,100,alpha=1.5
3284,96,alpha=1.5
3285,65,alpha=1.5
3286,82,alpha=1.5
3287,89,alpha=1.5
3288,134,alpha=1.5
3289,100,alpha=1.5
3290,404,alpha=1.5
3291,48,alpha=1.5
3292,112,alpha=1.5
3293,89,alpha=1.5
3294,84,alpha=1.5
3295,107,alpha=1.5
3296,145,alpha=1.5
3297,192,alpha=1.5
3298,92,alpha=1.5
3299,117,alpha=1.5
3300,114,alpha=1.5
3301,84,alpha=1.5
3302,108,alpha=1.5
3303,116,alpha=1.5
3304,90,alpha=1.5
3305,103,alpha=1.5
3306,79,alpha=1.5
3307,91,alpha=1.5
3308,127,alpha=1.5
3309,56,alpha=1.5
3310,112,alpha=1.5
3311,103,alpha=1.5
3312,81,alpha=1.5
3313,65,alpha=1.5
3314,173,alpha=1.5
3315,56,alpha=1.5
3316,86,alpha=1.5
3317,72,alpha=1.5
3318,103,alpha=1.5
3319,69,alpha=1.5
3320,80,alpha=1.5
3321,102,alpha=1.5
3322,81,alpha=1.5
3323,144,alpha=1.5
3324,96,alpha=1.5
3325,76,alpha=1.5
3326,129,alpha=1.5
3327,118,alpha=1.5
3328,119,alpha=1.5
3329,74,alpha=1.5
3330,125,alpha=1.5
3331,115,alpha=1.5
3332,154,alpha=1.5
3333,80,alpha=1.5
3334,85,alpha=1.5
3335,87,alpha=1.5
3336,100,alpha=1.5
3337,94,alpha=1.5
3338,72,alpha=1.5
3339,111,alpha=1.5
3340,83,alpha=1.5
3341,98,alpha=1.5
3342,78,alpha=1.5
3343,70,alpha=1.5
3344,84,alpha=1.5
3345,83,alpha=1.5
3346,96,alpha=1.5
3347,66,alpha=1.5
3348,105,alpha=1.5
3349,139,alpha=1.5
3350,90,alpha=1.5
3351,79,alpha=1.5
3352,131,alpha=1.5
3353,76,alpha=1.5
3354,99,alpha=1.5
3355,146,alpha=1.5
3356,75,alpha=1.5
3357,60,alpha=1.5
3358,69,alpha=1.5
3359,102,alpha=1.5
3360,124,alpha=1.5
3361,97,alpha=1.5
3362,116,alpha=1.5
3363,90,alpha=1.5
3364,107,alpha=1.5
3365,69,alpha=1.5
3366,57,alpha=1.5
3367,65,alpha=1.5
3368,80,alpha=1.5
3369,62,alpha=1.5
3370,65,alpha=1.5
3371,93,alpha=1.5
3372,61,alpha=1.5
3373,108,alpha=1.5
3374,74,alpha=1.5
3375,86,alpha=1.5
3376,82,alpha=1.5
3377,81,alpha=1.5
3378,74,alpha=1.5
3379,88,alpha=1.5
3380,75,alpha=1.5
3381,74,alpha=1.5
3382,116,alpha=1.5
3383,163,alpha=1.5
3384,85,alpha=1.5
3385,115,alpha=1.5
3386,96,alpha=1.5
3387,128,alpha=1.5
3388,68,alpha=1.5
3389,91,alpha=1.5
3390,102,alpha=1.5
3391,99,alpha=1.5
3392,79,alpha=1.5
3393,53,alpha=1.5
3394,86,alpha=1.5
3395,87,alpha=1.5
3396,64,alpha=1.5
3397,79,alpha=1.5
3398,68,alpha=1.5
3399,63,alpha=1.5
3400,89,alpha=1.5
3401,101,alpha=1.5
3402,129,alpha=1.5
3403,82,alpha=1.5
3404,110,alpha=1.5
3405,111,alpha=1.5
3406,102,alpha=1.5
3407,90,alpha=1.5
3408,127,alpha=1.5
3409,82,alpha=1.5
3410,91,alpha=1.5
3411,89,alpha=1.5
3412,78,alpha=1.5
3413,112,alpha=1.5
3414,97,alpha=1.5
3415,110,alpha=1.5
3416,77,alpha=1.5
3417,102,alpha=1.5
3418,142,alpha=1.5
3419,75,alpha=1.5
3420,88,alpha=1.5
3421,103,alpha=1.5
3422,112,alpha=1.5
3423,163,alpha=1.5
3424,171,alpha=1.5
3425,79,alpha=1.5
3426,121,alpha=1.5
3427,99,alpha=1.5
3428,90,alpha=1.5
3429,82,alpha=1.5
3430,115,alpha=1.5
3431,83,alpha=1.5
3432,122,alpha=1.5
3433,59,alpha=1.5
3434,96,alpha=1.5
3435,84,alpha=1.5
3436,152,alpha=1.5
3437,124,alpha=1.5
3438,69,alpha=1.5
3439,97,alpha=1.5
3440,101,alpha=1.5
3441,88,alpha=1.5
3442,72,alpha=1.5
3443,89,alpha=1.5
3444,89,alpha=1.5
3445,86,alpha=1.5
3446,89,alpha=1.5
3447,68,alpha=1.5
3448,104,alpha=1.5
3449,79,alpha=1.5
3450,140,alpha=1.5
3451,70,alpha=1.5
3452,55,alpha=1.5
3453,70,alpha=1.5
3454,83,alpha=1.5
3455,101,alpha=1.5
3456,73,alpha=1.5
3457,78,alpha=1.5
3458,110,alpha=1.5
3459,53,alpha=1.5
3460,102,alpha=1.5
3461,130,alpha=1.5
3462,87,alpha=1.5
3463,80,alpha=1.5
3464,124,alpha=1.5
3465,104,alpha=1.5
3466,67,alpha=1.5
3467,437,alpha=1.5
3468,223,alpha=1.5
3469,151,alpha=1.5
3470,138,alpha=1.5
3471,99,alpha=1.5
3472,73,alpha=1.5
3473,84,alpha=1.5
3474,83,alpha=1.5
3475,90,alpha=1.5
3476,57,alpha=1.5
3477,57,alpha=1.5
3478,93,alpha=1.5
3479,96,alpha=1.5
3480,175,alpha=1.5
3481,96,alpha=1.5
3482,211,alpha=1.5
3483,110,alpha=1.5
3484,81,alpha=1.5
3485,109,alpha=1.5
3486,93,alpha=1.5
3487,90,alpha=1.5
3488,76,alpha=1.5
3489,207,alpha=1.5
3490,86,alpha=1.5
3491,88,alpha=1.5
3492,83,alpha=1.5
3493,74,alpha=1.5
3494,76,alpha=1.5
3495,78,alpha=1.5
3496,87,alpha=1.5
3497,99,alpha=1.5
3498,67,alpha=1.5
3499,85,alpha=1.5
3500,118,alpha=1.5
3501,57,alpha=1.5
3502,107,alpha=1.5
3503,127,alpha=1.5
3504,83,alpha=1.5
3505,99,alpha=1.5
3506,109,alpha=1.5
3507,128,alpha=1.5
3508,120,alpha=1.5
3509,122,alpha=1.5
3510,78,alpha=1.5
3511,92,alpha=1.5
3512,81,alpha=1.5
3513,92,alpha=1.5
3514,104,alpha=1.5
3515,61,alpha=1.5
3516,85,alpha=1.5
3517,136,alpha=1.5
3518,115,alpha=1.5
3519,155,alpha=1.5
3520,79,alpha=1.5
3521,104,alpha=1.5
3522,110,alpha=1.5
3523,1300,alpha=1.5
3524,174,alpha=1.5
3525,119,alpha=1.5
3526,143,alpha=1.5
3527,69,alpha=1.5
3528,114,alpha=1.5
3529,144,alpha=1.5
3530,88,alpha=1.5
3531,126,alpha=1.5
3532,73,alpha=1.5
3533,94,alpha=1.5
3534,80,alpha=1.5
3535,68,alpha=1.5
3536,70,alpha=1.5
3537,152,alpha=1.5
3538,81,alpha=1.5
3539,83,alpha=1.5
3540,84,alpha=1.5
3541,280,alpha=1.5
3542,50,alpha=1.5
3543,72,alpha=1.5
3544,50,alpha=1.5
3545,97,alpha=1.5
3546,86,alpha=1.5
3547,132,alpha=1.5
3548,82,alpha=1.5
3549,87,alpha=1.5
3550,106,alpha=1.5
3551,116,alpha=1.5
3552,68,alpha=1.5
3553,130,alpha=1.5
3554,120,alpha=1.5
3555,92,alpha=1.5
3556,102,alpha=1.5
3557,92,alpha=1.5
3558,114,alpha=1.5
3559,76,alpha=1.5
3560,84,alpha=1.5
3561,69,alpha=1.5
3562,82,alpha=1.5
3563,76,alpha=1.5
3564,103,alpha=1.5
3565,94,alpha=1.5
3566,63,alpha=1.5
3567,81,alpha=1.5
3568,59,alpha=1.5
3569,91,alpha=1.5
3570,112,alpha=1.5
3571,78,alpha=1.5
3572,133,alpha=1.5
3573,67,alpha=1.5
3574,68,alpha=1.5
3575,56,alpha=1.5
3576,108,alpha=1.5
3577,80,alpha=1.5
3578,80,alpha=1.5
3579,85,alpha=1.5
3580,53,alpha=1.5
3581,60,alpha=1.5
3582,117,alpha=1.5
3583,98,alpha=1.5
3584,103,alpha=1.5
3585,78,alpha=1.5
3586,128,alpha=1.5
3587,52,alpha=1.5
3588,72,alpha=1.5
3589,86,alpha=1.5
3590,96,alpha=1.5
3591,57,alpha=1.5
3592,73,alpha=1.5
3593,93,alpha=1.5
3594,265,alpha=1.5
3595,125,alpha=1.5
3596,94,alpha=1.5
3597,79,alpha=1.5
3598,79,alpha=1.5
3599,94,alpha=1.5
3600,59,alpha=1.5
3601,422,alpha=1.5
3602,144,alpha=1.5
3603,84,alpha=1.5
3604,95,alpha=1.5
3605,75,alpha=1.5
3606,75,alpha=1.5
3607,81,alpha=1.5
3608,204,alpha=1.5
3609,59,alpha=1.5
3610,69,alpha=1.5
3611,93,alpha=1.5
3612,86,alpha=1.5
3613,114,alpha=1.5
3614,101,alpha=1.5
3615,107,alpha=1.5
3616,105,alpha=1.5
3617,74,alpha=1.5
3618,59,alpha=1.5
3619,73,alpha=1.5
3620,61,alpha=1.5
3621,122,alpha=1.5
3622,95,alpha=1.5
3623,64,alpha=1.5
3624,120,alpha=1.5
3625,82,alpha=1.5
3626,90,alpha=1.5
3627,172,alpha=1.5
3628,102,alpha=1.5
3629,118,alpha=1.5
3630,76,alpha=1.5
3631,91,alpha=1.5
3632,105,alpha=1.5
3633,191,alpha=1.5
3634,93,alpha=1.5
3635,72,alpha=1.5
3636,74,alpha=1.5
3637,146,alpha=1.5
3638,83,alpha=1.5
3639,77,alpha=1.5
3640,83,alpha=1.5
3641,82,alpha=1.5
3642,123,alpha=1.5
3643,109,alpha=1.5
3644,80,alpha=1.5
3645,85,alpha=1.5
3646,68,alpha=1.5
3647,464,alpha=1.5
3648,125,alpha=1.5
3649,70,alpha=1.5
3650,72,alpha=1.5
3651,72,alpha=1.5
3652,112,alpha=1.5
3653,63,alpha=1.5
3654,61,alpha=1.5
3655,97,alpha=1.5
3656,108,alpha=1.5
3657,103,alpha=1.5
3658,81,alpha=1.5
3659,130,alpha=1.5
3660,81,alpha=1.5
3661,82,alpha=1.5
3662,62,alpha=1.5
3663,62,alpha=1.5
3664,63,alpha=1.5
3665,103,alpha=1.5
3666,105,alpha=1.5
3667,132,alpha=1.5
3668,80,alpha=1.5
3669,72,alpha=1.5
3670,63,alpha=1.5
3671,86,alpha=1.5
3672,106,alpha=1.5
3673,299,alpha=1.5
3674,300,alpha=1.5
3675,158,alpha=1.5
3676,84,alpha=1.5
3677,124,alpha=1.5
3678,169,alpha=1.5
3679,97,alpha=1.5
3680,102,alpha=1.5
3681,69,alpha=1.5
3682,71,alpha=1.5
3683,114,alpha=1.5
3684,79,alpha=1.5
3685,129,alpha=1.5
3686,138,alpha=1.5
3687,99,alpha=1.5
3688,107,alpha=1.5
3689,81,alpha=1.5
3690,63,alpha=1.5
3691,81,alpha=1.5
3692,102,alpha=1.5
3693,69,alpha=1.5
3694,121,alpha=1.5
3695,121,alpha=1.5
3696,83,alpha=1.5
3697,91,alpha=1.5
3698,130,alpha=1.5
3699,68,alpha=1.5
3700,81,alpha=1.5
3701,77,alpha=1.5
3702,119,alpha=1.5
3703,98,alpha=1.5
3704,78,alpha=1.5
3705,79,alpha=1.5
3706,80,alpha=1.5
3707,127,alpha=1.5
3708,105,alpha=1.5
3709,89,alpha=1.5
3710,90,alpha=1.5
3711,69,alpha=1.5
3712,86,alpha=1.5
3713,159,alpha=1.5
3714,102,alpha=1.5
3715,139,alpha=1.5
3716,95,alpha=1.5
3717,136,alpha=1.5
3718,133,alpha=1.5
3719,88,alpha=1.5
3720,92,alpha=1.5
3721,69,alpha=1.5
3722,160,alpha=1.5
3723,91,alpha=1.5
3724,99,alpha=1.5
3725,94,alpha=1.5
3726,125,alpha=1.5
3727,69,alpha=1.5
3728,139,alpha=1.5
3729,75,alpha=1.5
3730,111,alpha=1.5
3731,199,alpha=1.5
3732,74,alpha=1.5
3733,106,alpha=1.5
3734,93,alpha=1.5
3735,145,alpha=1.5
3736,75,alpha=1.5
3737,111,alpha=1.5
3738,91,alpha=1.5
3739,97,alpha=1.5
3740,67,alpha=1.5
3741,179,alpha=1.5
3742,92,alpha=1.5
3743,82,alpha=1.5
3744,68,alpha=1.5
3745,80,alpha=1.5
3746,64,alpha=1.5
3747,90,alpha=1.5
3748,61,alpha=1.5
3749,80,alpha=1.5
3750,105,alpha=1.5
3751,80,alpha=1.5
3752,101,alpha=1.5
3753,117,alpha=1.5
3754,59,alpha=1.5
3755,103,alpha=1.5
3756,124,alpha=1.5
3757,102,alpha=1.5
3758,161,alpha=1.5
3759,57,alpha=1.5
3760,70,alpha=1.5
3761,85,alpha=1.5
3762,67,alpha=1.5
3763,88,alpha=1.5
3764,90,alpha=1.5
3765,129,alpha=1.5
3766,51,alpha=1.5
3767,133,alpha=1.5
3768,86,alpha=1.5
3769,98,alpha=1.5
3770,103,alpha=1.5
3771,55,alpha=1.5
3772,66,alpha=1.5
3773,78,alpha=1.5
3774,135,alpha=1.5
3775,81,alpha=1.5
3776,112,alpha=1.5
3777,100,alpha=1.5
3778,85,alpha=1.5
3779,116,alpha=1.5
3780,104,alpha=1.5
3781,123,alpha=1.5
3782,69,alpha=1.5
3783,181,alpha=1.5
3784,71,alpha=1.5
3785,61,alpha=1.5
3786,106,alpha=1.5
3787,62,alpha=1.5
3788,109,alpha=1.5
3789,110,alpha=1.5
3790,85,alpha=1.5
3791,83,alpha=1.5
3792,71,alpha=1.5
3793,113,alpha=1.5
3794,214,alpha=1.5
3795,78,alpha=1.5
3796,43,alpha=1.5
3797,89,alpha=1.5
3798,118,alpha=1.5
3799,90,alpha=1.5
3800,52,alpha=1.5
3801,97,alpha=1.5
3802,101,alpha=1.5
3803,109,alpha=1.5
3804,82,alpha=1.5
3805,87,alpha=1.5
3806,95,alpha=1.5
3807,118,alpha=1.5
3808,107,alpha=1.5
3809,75,alpha=1.5
3810,78,alpha=1.5
3811,85,alpha=1.5
3812,65,alpha=1.5
3813,101,alpha=1.5
3814,100,alpha=1.5
3815,73,alpha=1.5
3816,99,alpha=1.5
3817,129,alpha=1.5
3818,87,alpha=1.5
3819,88,alpha=1.5
3820,123,alpha=1.5
3821,53,alpha=1.5
3822,101,alpha=1.5
3823,68,alpha=1.5
3824,81,alpha=1.5
3825,79,alpha=1.5
3826,51,alpha=1.5
3827,77,alpha=1.5
3828,86,alpha=1.5
3829,124,alpha=1.5
3830,66,alpha=1.5
3831,95,alpha=1.5
3832,140,alpha=1.5
3833,97,alpha=1.5
3834,89,alpha=1.5
3835,113,alpha=1.5
3836,106,alpha=1.5
3837,249,alpha=1.5
3838,228,alpha=1.5
3839,55,alpha=1.5
3840,171,alpha=1.5
3841,75,alpha=1.5
3842,110,alpha=1.5
3843,83,alpha=1.5
3844,148,alpha=1.5
3845,96,alpha=1.5
3846,147,alpha=1.5
3847,152,alpha=1.5
3848,91,alpha=1.5
3849,91,alpha=1.5
3850,71,alpha=1.5
3851,175,alpha=1.5
3852,89,alpha=1.5
3853,88,alpha=1.5
3854,96,alpha=1.5
3855,87,alpha=1.5
3856,88,alpha=1.5
3857,79,alpha=1.5
3858,117,alpha=1.5
3859,91,alpha=1.5
3860,69,alpha=1.5
3861,85,alpha=1.5
3862,87,alpha=1.5
3863,104,alpha=1.5
3864,58,alpha=1.5
3865,94,alpha=1.5
3866,76,alpha=1.5
3867,79,alpha=1.5
3868,66,alpha=1.5
3869,82,alpha=1.5
3870,118,alpha=1.5
3871,78,alpha=1.5
3872,68,alpha=1.5
3873,63,alpha=1.5
3874,85,alpha=1.5
3875,150,alpha=1.5
3876,80,alpha=1.5
3877,138,alpha=1.5
3878,93,alpha=1.5
3879,91,alpha=1.5
3880,73,alpha=1.5
3881,86,alpha=1.5
3882,86,alpha=1.5
3883,80,alpha=1.5
3884,109,alpha=1.5
3885,70,alpha=1.5
3886,98,alpha=1.5
3887,85,alpha=1.5
3888,135,alpha=1.5
3889,96,alpha=1.5
3890,85,alpha=1.5
3891,68,alpha=1.5
3892,89,alpha=1.5
3893,73,alpha=1.5
3894,80,alpha=1.5
3895,104,alpha=1.5
3896,112,alpha=1.5
3897,104,alpha=1.5
3898,63,alpha=1.5
3899,73,alpha=1.5
3900,84,alpha=1.5
3901,92,alpha=1.5
3902,66,alpha=1.5
3903,92,alpha=1.5
3904,76,alpha=1.5
3905,83,alpha=1.5
3906,102,alpha=1.5
3907,99,alpha=1.5
3908,121,alpha=1.5
3909,94,alpha=1.5
3910,167,alpha=1.5
3911,94,alpha=1.5
3912,86,alpha=1.5
3913,69,alpha=1.5
3914,102,alpha=1.5
3915,65,alpha=1.5
3916,100,alpha=1.5
3917,64,alpha=1.5
3918,52,alpha=1.5
3919,148,alpha=1.5
3920,109,alpha=1.5
3921,78,alpha=1.5
3922,92,alpha=1.5
3923,632,alpha=1.5
3924,71,alpha=1.5
3925,85,alpha=1.5
3926,104,alpha=1.5
3927,63,alpha=1.5
3928,92,alpha=1.5
3929,82,alpha=1.5
3930,104,alpha=1.5
3931,100,alpha=1.5
3932,124,alpha=1.5
3933,90,alpha=1.5
3934,72,alpha=1.5
3935,173,alpha=1.5
3936,57,alpha=1.5
3937,82,alpha=1.5
3938,89,alpha=1.5
3939,102,alpha=1.5
3940,98,alpha=1.5
3941,135,alpha=1.5
3942,120,alpha=1.5
3943,246,alpha=1.5
3944,71,alpha=1.5
3945,69,alpha=1.5
3946,56,alpha=1.5
3947,96,alpha=1.5
3948,80,alpha=1.5
3949,113,alpha=1.5
3950,94,alpha=1.5
3951,73,alpha=1.5
3952,85,alpha=1.5
3953,105,alpha=1.5
3954,66,alpha=1.5
3955,53,alpha=1.5
3956,66,alpha=1.5
3957,147,alpha=1.5
3958,116,alpha=1.5
3959,127,alpha=1.5
3960,76,alpha=1.5
3961,83,alpha=1.5
3962,96,alpha=1.5
3963,98,alpha=1.5
3964,140,alpha=1.5
3965,78,alpha=1.5
3966,73,alpha=1.5
3967,82,alpha=1.5
3968,78,alpha=1.5
3969,88,alpha=1.5
3970,88,alpha=1.5
3971,137,alpha=1.5
3972,120,alpha=1.5
3973,75,alpha=1.5
3974,81,alpha=1.5
3975,105,alpha=1.5
3976,88,alpha=1.5
3977,84,alpha=1.5
3978,126,alpha=1.5
3979,71,alpha=1.5
3980,127,alpha=1.5
3981,77,alpha=1.5
3982,60,alpha=1.5
3983,84,alpha=1.5
3984,124,alpha=1.5
3985,93,alpha=1.5
3986,61,alpha=1.5
3987,123,alpha=1.5
3988,61,alpha=1.5
3989,85,alpha=1.5
3990,80,alpha=1.5
3991,60,alpha=1.5
3992,76,alpha=1.5
3993,79,alpha=1.5
3994,202,alpha=1.5
3995,111,alpha=1.5
3996,78,alpha=1.5
3997,86,alpha=1.5
3998,99,alpha=1.5
3999,94,alpha=1.5
4000,328,alpha=1.5
4001,32,alpha=1.5
4002,92,alpha=1.5
4003,90,alpha=1.5
4004,79,alpha=1.5
4005,70,alpha=1.5
4006,134,alpha=1.5
4007,82,alpha=1.5
4008,85,alpha=1.5
4009,89,alpha=1.5
4010,79,alpha=1.5
4011,71,alpha=1.5
4012,108,alpha=1.5
4013,109,alpha=1.5
4014,98,alpha=1.5
4015,69,alpha=1.5
4016,148,alpha=1.5
4017,72,alpha=1.5
4018,92,alpha=1.5
4019,93,alpha=1.5
4020,112,alpha=1.5
4021,83,alpha=1.5
4022,79,alpha=1.5
4023,61,alpha=1.5
4024,100,alpha=1.5
4025,102,alpha=1.5
4026,93,alpha=1.5
4027,94,alpha=1.5
4028,87,alpha=1.5
4029,103,alpha=1.5
4030,104,alpha=1.5
4031,77,alpha=1.5
4032,67,alpha=1.5
4033,143,alpha=1.5
4034,74,alpha=1.5
4035,109,alpha=1.5
4036,54,alpha=1.5
4037,85,alpha=1.5
4038,64,alpha=1.5
4039,68,alpha=1.5
4040,80,alpha=1.5
4041,66,alpha=1.5
4042,98,alpha=1.5
4043,109,alpha=1.5
4044,79,alpha=1.5
4045,91,alpha=1.5
4046,69,alpha=1.5
4047,69,alpha=1.5
4048,121,alpha=1.5
4049,143,alpha=1.5
4050,55,alpha=1.5
4051,91,alpha=1.5
4052,82,alpha=1.5
4053,87,alpha=1.5
4054,65,alpha=1.5
4055,72,alpha=1.5
4056,106,alpha=1.5
4057,87,alpha=1.5
4058,116,alpha=1.5
4059,111,alpha=1.5
4060,62,alpha=1.5
4061,66,alpha=1.5
4062,109,alpha=1.5
4063,104,alpha=1.5
4064,132,alpha=1.5
4065,75,alpha=1.5
4066,60,alpha=1.5
4067,73,alpha=1.5
4068,112,alpha=1.5
4069,90,alpha=1.5
4070,83,alpha=1.5
4071,76,alpha=1.5
4072,87,alpha=1.5
4073,132,alpha=1.5
4074,119,alpha=1.5
4075,63,alpha=1.5
4076,72,alpha=1.5
4077,90,alpha=1.5
4078,86,alpha=1.5
4079,90,alpha=1.5
4080,83,alpha=1.5
4081,61,alpha=1.5
4082,73,alpha=1.5
4083,123,alpha=1.5
4084,64,alpha=1.5
4085,123,alpha=1.5
4086,74,alpha=1.5
4087,90,alpha=1.5
4088,66,alpha=1.5
4089,84,alpha=1.5
4090,83,alpha=1.5
4091,102,alpha=1.5
4092,74,alpha=1.5
4093,71,alpha=1.5
4094,84,alpha=1.5
4095,72,alpha=1.5
4096,73,alpha=1.5
4097,124,alpha=1.5
4098,84,alpha=1.5
4099,115,alpha=1.5
4100,123,alpha=1.5
4101,61,alpha=1.5
4102,74,alpha=1.5
4103,107,alpha=1.5
4104,99,alpha=1.5
4105,148,alpha=1.5
4106,86,alpha=1.5
4107,117,alpha=1.5
4108,141,alpha=1.5
4109,115,alpha=1.5
4110,84,alpha=1.5
4111,121,alpha=1.5
4112,111,alpha=1.5
4113,103,alpha=1.5
4114,82,alpha=1.5
4115,449,alpha=1.5
4116,186,alpha=1.5
4117,113,alpha=1.5
4118,88,alpha=1.5
4119,79,alpha=1.5
4120,80,alpha=1.5
4121,102,alpha=1.5
4122,107,alpha=1.5
4123,107,alpha=1.5
4124,73,alpha=1.5
4125,98,alpha=1.5
4126,74,alpha=1.5
4127,95,alpha=1.5
4128,125,alpha=1.5
4129,77,alpha=1.5
4130,113,alpha=1.5
4131,79,alpha=1.5
4132,63,alpha=1.5
4133,84,alpha=1.5
4134,101,alpha=1.5
4135,66,alpha=1.5
4136,70,alpha=1.5
4137,94,alpha=1.5
4138,79,alpha=1.5
4139,185,alpha=1.5
4140,304,alpha=1.5
4141,78,alpha=1.5
4142,72,alpha=1.5
4143,70,alpha=1.5
4144,104,alpha=1.5
4145,86,alpha=1.5
4146,81,alpha=1.5
4147,80,alpha=1.5
4148,97,alpha=1.5
4149,83,alpha=1.5
4150,100,alpha=1.5
4151,93,alpha=1.5
4152,100,alpha=1.5
4153,82,alpha=1.5
4154,142,alpha=1.5
4155,83,alpha=1.5
4156,73,alpha=1.5
4157,90,alpha=1.5
4158,87,alpha=1.5
4159,86,alpha=1.5
4160,63,alpha=1.5
4161,84,alpha=1.5
4162,79,alpha=1.5
4163,148,alpha=1.5
4164,76,alpha=1.5
4165,65,alpha=1.5
4166,686,alpha=1.5
4167,85,alpha=1.5
4168,50,alpha=1.5
4169,141,alpha=1.5
4170,76,alpha=1.5
4171,74,alpha=1.5
4172,116,alpha=1.5
4173,82,alpha=1.5
4174,117,alpha=1.5
4175,103,alpha=1.5
4176,88,alpha=1.5
4177,74,alpha=1.5
4178,96,alpha=1.5
4179,86,alpha=1.5
4180,87,alpha=1.5
4181,75,alpha=1.5
4182,74,alpha=1.5
4183,62,alpha=1.5
4184,245,alpha=1.5
4185,91,alpha=1.5
4186,66,alpha=1.5
4187,58,alpha=1.5
4188,97,alpha=1.5
4189,70,alpha=1.5
4190,70,alpha=1.5
4191,91,alpha=1.5
4192,75,alpha=1.5
4193,83,alpha=1.5
4194,115,alpha=1.5
4195,97,alpha=1.5
4196,67,alpha=1.5
4197,78,alpha=1.5
4198,80,alpha=1.5
4199,90,alpha=1.5
4200,171,alpha=1.5
4201,104,alpha=1.5
4202,114,alpha=1.5
4203,76,alpha=1.5
4204,70,alpha=1.5
4205,75,alpha=1.5
4206,86,alpha=1.5
4207,77,alpha=1.5
4208,166,alpha=1.5
4209,95,alpha=1.5
4210,97,alpha=1.5
4211,104,alpha=1.5
4212,85,alpha=1.5
4213,90,alpha=1.5
4214,79,alpha=1.5
4215,72,alpha=1.5
4216,76,alpha=1.5
4217,95,alpha=1.5
4218,75,alpha=1.5
4219,111,alpha=1.5
4220,85,alpha=1.5
4221,96,alpha=1.5
4222,113,alpha=1.5
4223,78,alpha=1.5
4224,1752,alpha=1.5
4225,41,alpha=1.5
4226,98,alpha=1.5
4227,128,alpha=1.5
4228,111,alpha=1.5
4229,72,alpha=1.5
4230,87,alpha=1.5
4231,43,alpha=1.5
4232,71,alpha=1.5
4233,59,alpha=1.5
4234,85,alpha=1.5
4235,128,alpha=1.5
4236,231,alpha=1.5
4237,96,alpha=1.5
4238,77,alpha=1.5
4239,110,alpha=1.5
4240,91,alpha=1.5
4241,53,alpha=1.5
4242,113,alpha=1.5
4243,88,alpha=1.5
4244,97,alpha=1.5
4245,69,alpha=1.5
4246,93,alpha=1.5
4247,152,alpha=1.5
4248,68,alpha=1.5
4249,113,alpha=1.5
4250,72,alpha=1.5
4251,92,alpha=1.5
4252,136,alpha=1.5
4253,70,alpha=1.5
4254,93,alpha=1.5
4255,97,alpha=1.5
4256,335,alpha=1.5
4257,81,alpha=1.5
4258,95,alpha=1.5
4259,92,alpha=1.5
4260,115,alpha=1.5
4261,97,alpha=1.5
4262,103,alpha=1.5
4263,51,alpha=1.5
4264,101,alpha=1.5
4265,188,alpha=1.5
4266,90,alpha=1.5
4267,72,alpha=1.5
4268,75,alpha=1.5
4269,82,alpha=1.5
4270,95,alpha=1.5
4271,89,alpha=1.5
4272,69,alpha=1.5
4273,144,alpha=1.5
4274,106,alpha=1.5
4275,74,alpha=1.5
4276,60,alpha=1.5
4277,99,alpha=1.5
4278,91,alpha=1.5
4279,91,alpha=1.5
4280,101,alpha=1.5
4281,112,alpha=1.5
4282,88,alpha=1.5
4283,86,alpha=1.5
4284,138,alpha=1.5
4285,176,alpha=1.5
4286,121,alpha=1.5
4287,82,alpha=1.5
4288,68,alpha=1.5
4289,59,alpha=1.5
4290,83,alpha=1.5
4291,77,alpha=1.5
4292,98,alpha=1.5
4293,109,alpha=1.5
4294,61,alpha=1.5
4295,82,alpha=1.5
4296,65,alpha=1.5
4297,109,alpha=1.5
4298,78,alpha=1.5
4299,83,alpha=1.5
4300,81,alpha=1.5
4301,91,alpha=1.5
4302,106,alpha=1.5
4303,87,alpha=1.5
4304,97,alpha=1.5
4305,109,alpha=1.5
4306,130,alpha=1.5
4307,145,alpha=1.5
4308,70,alpha=1.5
4309,65,alpha=1.5
4310,104,alpha=1.5
4311,102,alpha=1.5
4312,92,alpha=1.5
4313,91,alpha=1.5
4314,89,alpha=1.5
4315,88,alpha=1.5
4316,61,alpha=1.5
4317,82,alpha=1.5
4318,99,alpha=1.5
4319,106,alpha=1.5
4320,85,alpha=1.5
4321,107,alpha=1.5
4322,102,alpha=1.5
4323,69,alpha=1.5
4324,95,alpha=1.5
4325,84,alpha=1.5
4326,94,alpha=1.5
4327,77,alpha=1.5
4328,55,alpha=1.5
4329,123,alpha=1.5
4330,87,alpha=1.5
4331,85,alpha=1.5
4332,87,alpha=1.5
4333,103,alpha=1.5
4334,188,alpha=1.5
4335,80,alpha=1.5
4336,113,alpha=1.5
4337,75,alpha=1.5
4338,65,alpha=1.5
4339,68,alpha=1.5
4340,82,alpha=1.5
4341,102,alpha=1.5
4342,46,alpha=1.5
4343,73,alpha=1.5
4344,102,alpha=1.5
4345,110,alpha=1.5
4346,61,alpha=1.5
4347,90,alpha=1.5
4348,108,alpha=1.5
4349,70,alpha=1.5
4350,70,alpha=1.5
4351,84,alpha=1.5
4352,72,alpha=1.5
4353,83,alpha=1.5
4354,47,alpha=1.5
4355,127,alpha=1.5
4356,95,alpha=1.5
4357,96,alpha=1.5
4358,67,alpha=1.5
4359,79,alpha=1.5
4360,81,alpha=1.5
4361,122,alpha=1.5
4362,131,alpha=1.5
4363,94,alpha=1.5
4364,74,alpha=1.5
4365,72,alpha=1.5
4366,125,alpha=1.5
4367,111,alpha=1.5
4368,97,alpha=1.5
4369,84,alpha=1.5
4370,84,alpha=1.5
4371,125,alpha=1.5
4372,91,alpha=1.5
4373,66,alpha=1.5
4374,66,alpha=1.5
4375,79,alpha=1.5
4376,109,alpha=1.5
4377,100,alpha=1.5
4378,104,alpha=1.5
4379,102,alpha=1.5
4380,107,alpha=1.5
4381,110,alpha=1.5
4382,72,alpha=1.5
4383,40,alpha=1.5
4384,132,alpha=1.5
4385,941,alpha=1.5
4386,86,alpha=1.5
4387,95,alpha=1.5
4388,100,alpha=1.5
4389,81,alpha=1.5
4390,87,alpha=1.5
4391,62,alpha=1.5
4392,94,alpha=1.5
4393,83,alpha=1.5
4394,121,alpha=1.5
4395,84,alpha=1.5
4396,61,alpha=1.5
4397,62,alpha=1.5
4398,114,alpha=1.5
4399,122,alpha=1.5
4400,114,alpha=1.5
4401,94,alpha=1.5
4402,86,alpha=1.5
4403,97,alpha=1.5
4404,73,alpha=1.5
4405,147,alpha=1.5
4406,95,alpha=1.5
4407,86,alpha=1.5
4408,81,alpha=1.5
4409,90,alpha=1.5
4410,95,alpha=1.5
4411,47,alpha=1.5
4412,80,alpha=1.5
4413,69,alpha=1.5
4414,104,alpha=1.5
4415,85,alpha=1.5
4416,129,alpha=1.5
4417,112,alpha=1.5
4418,88,alpha=1.5
4419,62,alpha=1.5
4420,190,alpha=1.5
4421,86,alpha=1.5
4422,121,alpha=1.5
4423,67,alpha=1.5
4424,92,alpha=1.5
4425,105,alpha=1.5
4426,84,alpha=1.5
4427,117,alpha=1.5
4428,86,alpha=1.5
4429,94,alpha=1.5
4430,89,alpha=1.5
4431,70,alpha=1.5
4432,115,alpha=1.5
4433,74,alpha=1.5
4434,68,alpha=1.5
4435,86,alpha=1.5
4436,108,alpha=1.5
4437,111,alpha=1.5
4438,101,alpha=1.5
4439,74,alpha=1.5
4440,72,alpha=1.5
4441,78,alpha=1.5
4442,143,alpha=1.5
4443,74,alpha=1.5
4444,110,alpha=1.5
4445,82,alpha=1.5
4446,117,alpha=1.5
4447,143,alpha=1.5
4448,109,alpha=1.5
4449,81,alpha=1.5
4450,108,alpha=1.5
4451,88,alpha=1.5
4452,93,alpha=1.5
4453,76,alpha=1.5
4454,95,alpha=1.5
4455,76,alpha=1.5
4456,178,alpha=1.5
4457,82,alpha=1.5
4458,88,alpha=1.5
4459,72,alpha=1.5
4460,146,alpha=1.5
4461,107,alpha=1.5
4462,83,alpha=1.5
4463,80,alpha=1.5
4464,93,alpha=1.5
4465,72,alpha=1.5
4466,126,alpha=1.5
4467,315,alpha=1.5
4468,111,alpha=1.5
4469,63,alpha=1.5
4470,135,alpha=1.5
4471,111,alpha=1.5
4472,197,alpha=1.5
4473,113,alpha=1.5
4474,113,alpha=1.5
4475,74,alpha=1.5
4476,85,alpha=1.5
4477,97,alpha=1.5
4478,109,alpha=1.5
4479,71,alpha=1.5
4480,99,alpha=1.5
4481,231,alpha=1.5
4482,106,alpha=1.5
4483,115,alpha=1.5
4484,69,alpha=1.5
4485,175,alpha=1.5
4486,135,alpha=1.5
4487,72,alpha=1.5
4488,87,alpha=1.5
4489,146,alpha=1.5
4490,184,alpha=1.5
4491,90,alpha=1.5
4492,89,alpha=1.5
4493,100,alpha=1.5
4494,98,alpha=1.5
4495,82,alpha=1.5
4496,98,alpha=1.5
4497,85,alpha=1.5
4498,139,alpha=1.5
4499,85,alpha=1.5
4500,83,alpha=1.5
4501,62,alpha=1.5
4502,70,alpha=1.5
4503,90,alpha=1.5
4504,94,alpha=1.5
4505,162,alpha=1.5
4506,80,alpha=1.5
4507,186,alpha=1.5
4508,80,alpha=1.5
4509,110,alpha=1.5
4510,92,alpha=1.5
4511,70,alpha=1.5
4512,91,alpha=1.5
4513,127,alpha=1.5
4514,120,alpha=1.5
4515,51,alpha=1.5
4516,112,alpha=1.5
4517,77,alpha=1.5
4518,93,alpha=1.5
4519,126,alpha=1.5
4520,73,alpha=1.5
4521,60,alpha=1.5
4522,184,alpha=1.5
4523,106,alpha=1.5
4524,116,alpha=1.5
4525,103,alpha=1.5
4526,73,alpha=1.5
4527,99,alpha=1.5
4528,69,alpha=1.5
4529,106,alpha=1.5
4530,70,alpha=1.5
4531,94,alpha=1.5
4532,71,alpha=1.5
4533,59,alpha=1.5
4534,85,alpha=1.5
4535,113,alpha=1.5
4536,132,alpha=1.5
4537,140,alpha=1.5
4538,223,alpha=1.5
4539,101,alpha=1.5
4540,67,alpha=1.5
4541,88,alpha=1.5
4542,70,alpha=1.5
4543,135,alpha=1.5
4544,107,alpha=1.5
4545,208,alpha=1.5
4546,77,alpha=1.5
4547,95,alpha=1.5
4548,74,alpha=1.5
4549,95,alpha=1.5
4550,105,alpha=1.5
4551,75,alpha=1.5
4552,104,alpha=1.5
4553,68,alpha=1.5
4554,115,alpha=1.5
4555,145,alpha=1.5
4556,75,alpha=1.5
4557,139,alpha=1.5
4558,61,alpha=1.5
4559,68,alpha=1.5
4560,102,alpha=1.5
4561,72,alpha=1.5
4562,113,alpha=1.5
4563,90,alpha=1.5
4564,80,alpha=1.5
4565,98,alpha=1.5
4566,90,alpha=1.5
4567,60,alpha=1.5
4568,78,alpha=1.5
4569,86,alpha=1.5
4570,81,alpha=1.5
4571,78,alpha=1.5
4572,61,alpha=1.5
4573,49,alpha=1.5
4574,50,alpha=1.5
4575,96,alpha=1.5
4576,138,alpha=1.5
4577,110,alpha=1.5
4578,143,alpha=1.5
4579,73,alpha=1.5
4580,89,alpha=1.5
4581,88,alpha=1.5
4582,80,alpha=1.5
4583,85,alpha=1.5
4584,96,alpha=1.5
4585,62,alpha=1.5
4586,69,alpha=1.5
4587,66,alpha=1.5
4588,80,alpha=1.5
4589,86,alpha=1.5
4590,124,alpha=1.5
4591,57,alpha=1.5
4592,70,alpha=1.5
4593,96,alpha=1.5
4594,73,alpha=1.5
4595,78,alpha=1.5
4596,71,alpha=1.5
4597,100,alpha=1.5
4598,86,alpha=1.5
4599,151,alpha=1.5
4600,119,alpha=1.5
4601,76,alpha=1.5
4602,84,alpha=1.5
4603,79,alpha=1.5
4604,106,alpha=1.5
4605,79,alpha=1.5
4606,72,alpha=1.5
4607,75,alpha=1.5
4608,60,alpha=1.5
4609,55,alpha=1.5
4610,87,alpha=1.5
4611,75,alpha=1.5
4612,71,alpha=1.5
4613,97,alpha=1.5
4614,86,alpha=1.5
4615,74,alpha=1.5
4616,71,alpha=1.5
4617,153,alpha=1.5
4618,86,alpha=1.5
4619,80,alpha=1.5
4620,72,alpha=1.5
4621,96,alpha=1.5
4622,107,alpha=1.5
4623,233,alpha=1.5
4624,125,alpha=1.5
4625,83,alpha=1.5
4626,118,alpha=1.5
4627,69,alpha=1.5
4628,64,alpha=1.5
4629,84,alpha=1.5
4630,77,alpha=1.5
4631,88,alpha=1.5
4632,182,alpha=1.5
4633,135,alpha=1.5
4634,89,alpha=1.5
4635,94,alpha=1.5
4636,121,alpha=1.5
4637,94,alpha=1.5
4638,76,alpha=1.5
4639,83,alpha=1.5
4640,107,alpha=1.5
4641,99,alpha=1.5
4642,76,alpha=1.5
4643,101,alpha=1.5
4644,229,alpha=1.5
4645,81,alpha=1.5
4646,82,alpha=1.5
4647,85,alpha=1.5
4648,312,alpha=1.5
4649,121,alpha=1.5
4650,108,alpha=1.5
4651,67,alpha=1.5
4652,103,alpha=1.5
4653,82,alpha=1.5
4654,81,alpha=1.5
4655,103,alpha=1.5
4656,115,alpha=1.5
4657,309,alpha=1.5
4658,70,alpha=1.5
4659,108,alpha=1.5
4660,106,alpha=1.5
4661,77,alpha=1.5
4662,102,alpha=1.5
4663,127,alpha=1.5
4664,98,alpha=1.5
4665,97,alpha=1.5
4666,63,alpha=1.5
4667,83,alpha=1.5
4668,114,alpha=1.5
4669,217,alpha=1.5
4670,80,alpha=1.5
4671,129,alpha=1.5
4672,109,alpha=1.5
4673,87,alpha=1.5
4674,76,alpha=1.5
4675,93,alpha=1.5
4676,157,alpha=1.5
4677,94,alpha=1.5
4678,74,alpha=1.5
4679,69,alpha=1.5
4680,91,alpha=1.5
4681,70,alpha=1.5
4682,88,alpha=1.5
4683,75,alpha=1.5
4684,111,alpha=1.5
4685,96,alpha=1.5
4686,106,alpha=1.5
4687,119,alpha=1.5
4688,94,alpha=1.5
4689,85,alpha=1.5
4690,100,alpha=1.5
4691,101,alpha=1.5
4692,84,alpha=1.5
4693,78,alpha=1.5
4694,77,alpha=1.5
4695,130,alpha=1.5
4696,98,alpha=1.5
4697,101,alpha=1.5
4698,97,alpha=1.5
4699,88,alpha=1.5
4700,75,alpha=1.5
4701,156,alpha=1.5
4702,70,alpha=1.5
4703,84,alpha=1.5
4704,79,alpha=1.5
4705,106,alpha=1.5
4706,108,alpha=1.5
4707,76,alpha=1.5
4708,127,alpha=1.5
4709,72,alpha=1.5
4710,95,alpha=1.5
4711,200,alpha=1.5
4712,72,alpha=1.5
4713,97,alpha=1.5
4714,77,alpha=1.5
4715,96,alpha=1.5
4716,82,alpha=1.5
4717,114,alpha=1.5
4718,124,alpha=1.5
4719,98,alpha=1.5
4720,114,alpha=1.5
4721,93,alpha=1.5
4722,83,alpha=1.5
4723,97,alpha=1.5
4724,134,alpha=1.5
4725,128,alpha=1.5
4726,75,alpha=1.5
4727,113,alpha=1.5
4728,115,alpha=1.5
4729,129,alpha=1.5
4730,67,alpha=1.5
4731,139,alpha=1.5
4732,82,alpha=1.5
4733,86,alpha=1.5
4734,114,alpha=1.5
4735,102,alpha=1.5
4736,85,alpha=1.5
4737,92,alpha=1.5
4738,73,alpha=1.5
4739,148,alpha=1.5
4740,76,alpha=1.5
4741,120,alpha=1.5
4742,68,alpha=1.5
4743,79,alpha=1.5
4744,130,alpha=1.5
4745,63,alpha=1.5
4746,107,alpha=1.5
4747,92,alpha=1.5
4748,160,alpha=1.5
4749,81,alpha=1.5
4750,139,alpha=1.5
4751,67,alpha=1.5
4752,94,alpha=1.5
4753,122,alpha=1.5
4754,90,alpha=1.5
4755,100,alpha=1.5
4756,91,alpha=1.5
4757,93,alpha=1.5
4758,81,alpha=1.5
4759,161,alpha=1.5
4760,102,alpha=1.5
4761,81,alpha=1.5
4762,95,alpha=1.5
4763,70,alpha=1.5
4764,85,alpha=1.5
4765,96,alpha=1.5
4766,88,alpha=1.5
4767,91,alpha=1.5
4768,117,alpha=1.5
4769,154,alpha=1.5
4770,106,alpha=1.5
4771,106,alpha=1.5
4772,69,alpha=1.5
4773,144,alpha=1.5
4774,97,alpha=1.5
4775,74,alpha=1.5
4776,86,alpha=1.5
4777,99,alpha=1.5
4778,159,alpha=1.5
4779,95,alpha=1.5
4780,78,alpha=1.5
4781,75,alpha=1.5
4782,85,alpha=1.5
4783,99,alpha=1.5
4784,59,alpha=1.5
4785,74,alpha=1.5
4786,98,alpha=1.5
4787,54,alpha=1.5
4788,118,alpha=1.5
4789,75,alpha=1.5
4790,93,alpha=1.5
4791,59,alpha=1.5
4792,107,alpha=1.5
4793,86,alpha=1.5
4794,103,alpha=1.5
4795,105,alpha=1.5
4796,123,alpha=1.5
4797,134,alpha=1.5
4798,111,alpha=1.5
4799,59,alpha=1.5
4800,72,alpha=1.5
4801,91,alpha=1.5
4802,98,alpha=1.5
4803,100,alpha=1.5
4804,95,alpha=1.5
4805,89,alpha=1.5
4806,78,alpha=1.5
4807,81,alpha=1.5
4808,71,alpha=1.5
4809,114,alpha=1.5
4810,116,alpha=1.5
4811,87,alpha=1.5
4812,95,alpha=1.5
4813,98,alpha=1.5
4814,122,alpha=1.5
4815,127,alpha=1.5
4816,113,alpha=1.5
4817,69,alpha=1.5
4818,85,alpha=1.5
4819,62,alpha=1.5
4820,126,alpha=1.5
4821,139,alpha=1.5
4822,76,alpha=1.5
4823,125,alpha=1.5
4824,65,alpha=1.5
4825,95,alpha=1.5
4826,111,alpha=1.5
4827,85,alpha=1.5
4828,107,alpha=1.5
4829,103,alpha=1.5
4830,60,alpha=1.5
4831,65,alpha=1.5
4832,98,alpha=1.5
4833,233,alpha=1.5
4834,86,alpha=1.5
4835,85,alpha=1.5
4836,64,alpha=1.5
4837,80,alpha=1.5
4838,86,alpha=1.5
4839,65,alpha=1.5
4840,94,alpha=1.5
4841,92,alpha=1.5
4842,78,alpha=1.5
4843,58,alpha=1.5
4844,59,alpha=1.5
4845,112,alpha=1.5
4846,105,alpha=1.5
4847,84,alpha=1.5
4848,81,alpha=1.5
4849,95,alpha=1.5
4850,61,alpha=1.5
4851,331,alpha=1.5
4852,102,alpha=1.5
4853,111,alpha=1.5
4854,162,alpha=1.5
4855,103,alpha=1.5
4856,85,alpha=1.5
4857,117,alpha=1.5
4858,70,alpha=1.5
4859,64,alpha=1.5
4860,221,alpha=1.5
4861,73,alpha=1.5
4862,106,alpha=1.5
4863,112,alpha=1.5
4864,94,alpha=1.5
4865,90,alpha=1.5
4866,77,alpha=1.5
4867,109,alpha=1.5
4868,86,alpha=1.5
4869,113,alpha=1.5
4870,67,alpha=1.5
4871,87,alpha=1.5
4872,84,alpha=1.5
4873,60,alpha=1.5
4874,91,alpha=1.5
4875,61,alpha=1.5
4876,101,alpha=1.5
4877,67,alpha=1.5
4878,77,alpha=1.5
4879,99,alpha=1.5
4880,134,alpha=1.5
4881,50,alpha=1.5
4882,91,alpha=1.5
4883,109,alpha=1.5
4884,95,alpha=1.5
4885,57,alpha=1.5
4886,75,alpha=1.5
4887,93,alpha=1.5
4888,65,alpha=1.5
4889,85,alpha=1.5
4890,67,alpha=1.5
4891,77,alpha=1.5
4892,89,alpha=1.5
4893,79,alpha=1.5
4894,50,alpha=1.5
4895,119,alpha=1.5
4896,50,alpha=1.5
4897,79,alpha=1.5
4898,136,alpha=1.5
4899,84,alpha=1.5
4900,69,alpha=1.5
4901,77,alpha=1.5
4902,100,alpha=1.5
4903,72,alpha=1.5
4904,60,alpha=1.5
4905,118,alpha=1.5
4906,77,alpha=1.5
4907,103,alpha=1.5
4908,89,alpha=1.5
4909,63,alpha=1.5
4910,90,alpha=1.5
4911,111,alpha=1.5
4912,46,alpha=1.5
4913,79,alpha=1.5
4914,146,alpha=1.5
4915,73,alpha=1.5
4916,100,alpha=1.5
4917,85,alpha=1.5
4918,92,alpha=1.5
4919,173,alpha=1.5
4920,85,alpha=1.5
4921,122,alpha=1.5
4922,72,alpha=1.5
4923,81,alpha=1.5
4924,87,alpha=1.5
4925,46,alpha=1.5
4926,181,alpha=1.5
4927,77,alpha=1.5
4928,111,alpha=1.5
4929,108,alpha=1.5
4930,68,alpha=1.5
4931,176,alpha=1.5
4932,159,alpha=1.5
4933,90,alpha=1.5
4934,95,alpha=1.5
4935,89,alpha=1.5
4936,79,alpha=1.5
4937,130,alpha=1.5
4938,119,alpha=1.5
4939,106,alpha=1.5
4940,71,alpha=1.5
4941,112,alpha=1.5
4942,102,alpha=1.5
4943,90,alpha=1.5
4944,156,alpha=1.5
4945,81,alpha=1.5
4946,72,alpha=1.5
4947,77,alpha=1.5
4948,69,alpha=1.5
4949,94,alpha=1.5
4950,83,alpha=1.5
4951,94,alpha=1.5
4952,41,alpha=1.5
4953,203,alpha=1.5
4954,157,alpha=1.5
4955,97,alpha=1.5
4956,63,alpha=1.5
4957,87,alpha=1.5
4958,126,alpha=1.5
4959,64,alpha=1.5
4960,158,alpha=1.5
4961,85,alpha=1.5
4962,183,alpha=1.5
4963,76,alpha=1.5
4964,70,alpha=1.5
4965,85,alpha=1.5
4966,94,alpha=1.5
4967,61,alpha=1.5
4968,160,alpha=1.5
4969,514,alpha=1.5
4970,72,alpha=1.5
4971,105,alpha=1.5
4972,74,alpha=1.5
4973,105,alpha=1.5
4974,60,alpha=1.5
4975,90,alpha=1.5
4976,76,alpha=1.5
4977,119,alpha=1.5
4978,104,alpha=1.5
4979,95,alpha=1.5
4980,63,alpha=1.5
4981,72,alpha=1.5
4982,74,alpha=1.5
4983,124,alpha=1.5
4984,110,alpha=1.5
4985,119,alpha=1.5
4986,116,alpha=1.5
4987,144,alpha=1.5
4988,72,alpha=1.5
4989,78,alpha=1.5
4990,104,alpha=1.5
4991,79,alpha=1.5
4992,69,alpha=1.5
4993,118,alpha=1.5
4994,78,alpha=1.5
4995,76,alpha=1.5
4996,58,alpha=1.5
4997,79,alpha=1.5
4998,86,alpha=1.5
4999,55,alpha=1.5
0,59,alpha=1.3
1,59,alpha=1.3
2,85,alpha=1.3
3,100,alpha=1.3
4,36,alpha=1.3
5,73,alpha=1.3
6,61,alpha=1.3
7,84,alpha=1.3
8,66,alpha=1.3
9,84,alpha=1.3
10,38,alpha=1.3
11,49,alpha=1.3
12,67,alpha=1.3
13,367,alpha=1.3
14,69,alpha=1.3
15,62,alpha=1.3
16,49,alpha=1.3
17,64,alpha=1.3
18,143,alpha=1.3
19,83,alpha=1.3
20,160,alpha=1.3
21,59,alpha=1.3
22,1834,alpha=1.3
23,55,alpha=1.3
24,78,alpha=1.3
25,100,alpha=1.3
26,86,alpha=1.3
27,65,alpha=1.3
28,91,alpha=1.3
29,74,alpha=1.3
30,106,alpha=1.3
31,119,alpha=1.3
32,146,alpha=1.3
33,1561,alpha=1.3
34,214,alpha=1.3
35,38,alpha=1.3
36,85,alpha=1.3
37,93,alpha=1.3
38,45,alpha=1.3
39,78,alpha=1.3
40,44,alpha=1.3
41,74,alpha=1.3
42,89,alpha=1.3
43,68,alpha=1.3
44,61,alpha=1.3
45,110,alpha=1.3
46,94,alpha=1.3
47,84,alpha=1.3
48,81,alpha=1.3
49,122,alpha=1.3
50,83,alpha=1.3
51,62,alpha=1.3
52,81,alpha=1.3
53,60,alpha=1.3
54,140,alpha=1.3
55,68,alpha=1.3
56,116,alpha=1.3
57,63,alpha=1.3
58,64,alpha=1.3
59,122,alpha=1.3
60,250,alpha=1.3
61,84,alpha=1.3
62,122,alpha=1.3
63,148,alpha=1.3
64,80,alpha=1.3
65,47,alpha=1.3
66,36,alpha=1.3
67,34,alpha=1.3
68,74,alpha=1.3
69,90,alpha=1.3
70,64,alpha=1.3
71,48,alpha=1.3
72,84,alpha=1.3
73,94,alpha=1.3
74,71,alpha=1.3
75,65,alpha=1.3
76,122,alpha=1.3
77,197,alpha=1.3
78,102,alpha=1.3
79,74,alpha=1.3
80,123,alpha=1.3
81,93,alpha=1.3
82,196,alpha=1.3
83,102,alpha=1.3
84,71,alpha=1.3
85,100,alpha=1.3
86,93,alpha=1.3
87,75,alpha=1.3
88,110,alpha=1.3
89,46,alpha=1.3
90,252,alpha=1.3
91,66,alpha=1.3
92,62,alpha=1.3
93,136,alpha=1.3
94,72,alpha=1.3
95,83,alpha=1.3
96,87,alpha=1.3
97,79,alpha=1.3
98,72,alpha=1.3
99,97,alpha=1.3
100,127,alpha=1.3
101,51,alpha=1.3
102,102,alpha=1.3
103,63,alpha=1.3
104,55,alpha=1.3
105,73,alpha=1.3
106,57,alpha=1.3
107,90,alpha=1.3
108,108,alpha=1.3
109,76,alpha=1.3
110,169,alpha=1.3
111,105,alpha=1.3
112,81,alpha=1.3
113,95,alpha=1.3
114,74,alpha=1.3
115,74,alpha=1.3
116,106,alpha=1.3
117,85,alpha=1.3
118,45,alpha=1.3
119,78,alpha=1.3
120,76,alpha=1.3
121,107,alpha=1.3
122,104,alpha=1.3
123,85,alpha=1.3
124,72,alpha=1.3
125,81,alpha=1.3
126,63,alpha=1.3
127,102,alpha=1.3
128,66,alpha=1.3
129,60,alpha=1.3
130,86,alpha=1.3
131,60,alpha=1.3
132,83,alpha=1.3
133,129,alpha=1.3
134,258,alpha=1.3
135,125,alpha=1.3
136,74,alpha=1.3
137,73,alpha=1.3
138,105,alpha=1.3
139,95,alpha=1.3
140,53,alpha=1.3
141,75,alpha=1.3
142,73,alpha=1.3
143,81,alpha=1.3
144,87,alpha=1.3
145,92,alpha=1.3
146,84,alpha=1.3
147,90,alpha=1.3
148,186,alpha=1.3
149,103,alpha=1.3
150,90,alpha=1.3
151,76,alpha=1.3
152,67,alpha=1.3
153,79,alpha=1.3
154,99,alpha=1.3
155,74,alpha=1.3
156,95,alpha=1.3
157,43,alpha=1.3
158,166,alpha=1.3
159,117,alpha=1.3
160,68,alpha=1.3
161,119,alpha=1.3
162,122,alpha=1.3
163,65,alpha=1.3
164,94,alpha=1.3
165,85,alpha=1.3
166,73,alpha=1.3
167,68,alpha=1.3
168,94,alpha=1.3
169,100,alpha=1.3
170,75,alpha=1.3
171,71,alpha=1.3
172,53,alpha=1.3
173,142,alpha=1.3
174,366,alpha=1.3
175,51,alpha=1.3
176,182,alpha=1.3
177,62,alpha=1.3
178,86,alpha=1.3
179,56,alpha=1.3
180,86,alpha=1.3
181,76,alpha=1.3
182,115,alpha=1.3
183,80,alpha=1.3
184,118,alpha=1.3
185,96,alpha=1.3
186,82,alpha=1.3
187,55,alpha=1.3
188,67,alpha=1.3
189,117,alpha=1.3
190,34,alpha=1.3
191,133,alpha=1.3
192,80,alpha=1.3
193,101,alpha=1.3
194,77,alpha=1.3
195,98,alpha=1.3
196,172,alpha=1.3
197,84,alpha=1.3
198,91,alpha=1.3
199,87,alpha=1.3
200,62,alpha=1.3
201,40,alpha=1.3
202,491,alpha=1.3
203,105,alpha=1.3
204,66,alpha=1.3
205,83,alpha=1.3
206,83,alpha=1.3
207,109,alpha=1.3
208,115,alpha=1.3
209,115,alpha=1.3
210,141,alpha=1.3
211,4060,alpha=1.3
212,143,alpha=1.3
213,228,alpha=1.3
214,73,alpha=1.3
215,98,alpha=1.3
216,50,alpha=1.3
217,156,alpha=1.3
218,54,alpha=1.3
219,49,alpha=1.3
220,70,alpha=1.3
221,45,alpha=1.3
222,125,alpha=1.3
223,46,alpha=1.3
224,193,alpha=1.3
225,83,alpha=1.3
226,89,alpha=1.3
227,79,alpha=1.3
228,44,alpha=1.3
229,76,alpha=1.3
230,55,alpha=1.3
231,166,alpha=1.3
232,81,alpha=1.3
233,78,alpha=1.3
234,68,alpha=1.3
235,52,alpha=1.3
236,66,alpha=1.3
237,70,alpha=1.3
238,61,alpha=1.3
239,106,alpha=1.3
240,61,alpha=1.3
241,106,alpha=1.3
242,54,alpha=1.3
243,100,alpha=1.3
244,86,alpha=1.3
245,260,alpha=1.3
246,235,alpha=1.3
247,95,alpha=1.3
248,75,alpha=1.3
249,55,alpha=1.3
250,47,alpha=1.3
251,67,alpha=1.3
252,95,alpha=1.3
253,63,alpha=1.3
254,78,alpha=1.3
255,271,alpha=1.3
256,89,alpha=1.3
257,86,alpha=1.3
258,83,alpha=1.3
259,58,alpha=1.3
260,87,alpha=1.3
261,66,alpha=1.3
262,55,alpha=1.3
263,107,alpha=1.3
264,52,alpha=1.3
265,62,alpha=1.3
266,73,alpha=1.3
267,117,alpha=1.3
268,96,alpha=1.3
269,75,alpha=1.3
270,94,alpha=1.3
271,191,alpha=1.3
272,89,alpha=1.3
273,57,alpha=1.3
274,50,alpha=1.3
275,105,alpha=1.3
276,128,alpha=1.3
277,87,alpha=1.3
278,55,alpha=1.3
279,108,alpha=1.3
280,98,alpha=1.3
281,74,alpha=1.3
282,55,alpha=1.3
283,49,alpha=1.3
284,139,alpha=1.3
285,76,alpha=1.3
286,95,alpha=1.3
287,151,alpha=1.3
288,63,alpha=1.3
289,216,alpha=1.3
290,129,alpha=1.3
291,100,alpha=1.3
292,115,alpha=1.3
293,71,alpha=1.3
294,49,alpha=1.3
295,112,alpha=1.3
296,61,alpha=1.3
297,122,alpha=1.3
298,69,alpha=1.3
299,74,alpha=1.3
300,70,alpha=1.3
301,93,alpha=1.3
302,103,alpha=1.3
303,307,alpha=1.3
304,58,alpha=1.3
305,59,alpha=1.3
306,30,alpha=1.3
307,60,alpha=1.3
308,81,alpha=1.3
309,103,alpha=1.3
310,98,alpha=1.3
311,109,alpha=1.3
312,61,alpha=1.3
313,58,alpha=1.3
314,67,alpha=1.3
315,92,alpha=1.3
316,93,alpha=1.3
317,54,alpha=1.3
318,92,alpha=1.3
319,84,alpha=1.3
320,70,alpha=1.3
321,90,alpha=1.3
322,95,alpha=1.3
323,107,alpha=1.3
324,120,alpha=1.3
325,74,alpha=1.3
326,128,alpha=1.3
327,122,alpha=1.3
328,60,alpha=1.3
329,101,alpha=1.3
330,57,alpha=1.3
331,70,alpha=1.3
332,155,alpha=1.3
333,101,alpha=1.3
334,70,alpha=1.3
335,88,alpha=1.3
336,147,alpha=1.3
337,99,alpha=1.3
338,96,alpha=1.3
339,103,alpha=1.3
340,47,alpha=1.3
341,126,alpha=1.3
342,107,alpha=1.3
343,62,alpha=1.3
344,115,alpha=1.3
345,71,alpha=1.3
346,45,alpha=1.3
347,62,alpha=1.3
348,60,alpha=1.3
349,95,alpha=1.3
350,102,alpha=1.3
351,57,alpha=1.3
352,53,alpha=1.3
353,41,alpha=1.3
354,77,alpha=1.3
355,152,alpha=1.3
356,81,alpha=1.3
357,372,alpha=1.3
358,59,alpha=1.3
359,129,alpha=1.3
360,158,alpha=1.3
361,95,alpha=1.3
362,56,alpha=1.3
363,58,alpha=1.3
364,118,alpha=1.3
365,48,alpha=1.3
366,178,alpha=1.3
367,49,alpha=1.3
368,49,alpha=1.3
369,97,alpha=1.3
370,80,alpha=1.3
371,385,alpha=1.3
372,259,alpha=1.3
373,46,alpha=1.3
374,50,alpha=1.3
375,55,alpha=1.3
376,50,alpha=1.3
377,112,alpha=1.3
378,80,alpha=1.3
379,57,alpha=1.3
380,130,alpha=1.3
381,81,alpha=1.3
382,112,alpha=1.3
383,96,alpha=1.3
384,84,alpha=1.3
385,96,alpha=1.3
386,61,alpha=1.3
387,151,alpha=1.3
388,108,alpha=1.3
389,299,alpha=1.3
390,178,alpha=1.3
391,78,alpha=1.3
392,86,alpha=1.3
393,105,alpha=1.3
394,88,alpha=1.3
395,82,alpha=1.3
396,95,alpha=1.3
397,80,alpha=1.3
398,66,alpha=1.3
399,61,alpha=1.3
400,77,alpha=1.3
401,95,alpha=1.3
402,59,alpha=1.3
403,67,alpha=1.3
404,80,alpha=1.3
405,62,alpha=1.3
406,220,alpha=1.3
407,83,alpha=1.3
408,40,alpha=1.3
409,73,alpha=1.3
410,46,alpha=1.3
411,77,alpha=1.3
412,112,alpha=1.3
413,151,alpha=1.3
414,118,alpha=1.3
415,81,alpha=1.3
416,89,alpha=1.3
417,96,alpha=1.3
418,52,alpha=1.3
419,128,alpha=1.3
420,95,alpha=1.3
421,69,alpha=1.3
422,1637,alpha=1.3
423,73,alpha=1.3
424,50,alpha=1.3
425,57,alpha=1.3
426,83,alpha=1.3
427,117,alpha=1.3
428,88,alpha=1.3
429,101,alpha=1.3
430,249,alpha=1.3
431,85,alpha=1.3
432,83,alpha=1.3
433,74,alpha=1.3
434,81,alpha=1.3
435,80,alpha=1.3
436,143,alpha=1.3
437,100,alpha=1.3
438,111,alpha=1.3
439,54,alpha=1.3
440,69,alpha=1.3
441,96,alpha=1.3
442,47,alpha=1.3
443,102,alpha=1.3
444,55,alpha=1.3
445,65,alpha=1.3
446,54,alpha=1.3
447,104,alpha=1.3
448,92,alpha=1.3
449,142,alpha=1.3
450,107,alpha=1.3
451,56,alpha=1.3
452,77,alpha=1.3
453,99,alpha=1.3
454,90,alpha=1.3
455,67,alpha=1.3
456,78,alpha=1.3
457,88,alpha=1.3
458,74,alpha=1.3
459,85,alpha=1.3
460,44,alpha=1.3
461,100,alpha=1.3
462,69,alpha=1.3
463,66,alpha=1.3
464,63,alpha=1.3
465,30,alpha=1.3
466,88,alpha=1.3
467,32,alpha=1.3
468,157,alpha=1.3
469,54,alpha=1.3
470,101,alpha=1.3
471,131,alpha=1.3
472,75,alpha=1.3
473,90,alpha=1.3
474,148,alpha=1.3
475,75,alpha=1.3
476,141,alpha=1.3
477,94,alpha=1.3
478,27,alpha=1.3
479,89,alpha=1.3
480,93,alpha=1.3
481,52,alpha=1.3
482,155,alpha=1.3
483,82,alpha=1.3
484,92,alpha=1.3
485,86,alpha=1.3
486,60,alpha=1.3
487,48,alpha=1.3
488,88,alpha=1.3
489,238,alpha=1.3
490,78,alpha=1.3
491,50,alpha=1.3
492,70,alpha=1.3
493,89,alpha=1.3
494,407,alpha=1.3
495,56,alpha=1.3
496,82,alpha=1.3
497,110,alpha=1.3
498,46,alpha=1.3
499,62,alpha=1.3
500,145,alpha=1.3
501,116,alpha=1.3
502,87,alpha=1.3
503,49,alpha=1.3
504,89,alpha=1.3
505,46,alpha=1.3
506,93,alpha=1.3
507,61,alpha=1.3
508,48,alpha=1.3
509,63,alpha=1.3
510,74,alpha=1.3
511,116,alpha=1.3
512,124,alpha=1.3
513,55,alpha=1.3
514,72,alpha=1.3
515,72,alpha=1.3
516,144,alpha=1.3
517,152,alpha=1.3
518,107,alpha=1.3
519,84,alpha=1.3
520,104,alpha=1.3
521,73,alpha=1.3
522,116,alpha=1.3
523,89,alpha=1.3
524,68,alpha=1.3
525,62,alpha=1.3
526,91,alpha=1.3
527,45,alpha=1.3
528,118,alpha=1.3
529,91,alpha=1.3
530,69,alpha=1.3
531,83,alpha=1.3
532,88,alpha=1.3
533,75,alpha=1.3
534,109,alpha=1.3
535,194,alpha=1.3
536,68,alpha=1.3
537,328,alpha=1.3
538,121,alpha=1.3
539,76,alpha=1.3
540,90,alpha=1.3
541,145,alpha=1.3
542,76,alpha=1.3
543,117,alpha=1.3
544,63,alpha=1.3
545,497,alpha=1.3
546,125,alpha=1.3
547,110,alpha=1.3
548,73,alpha=1.3
549,148,alpha=1.3
550,82,alpha=1.3
551,39,alpha=1.3
552,164,alpha=1.3
553,101,alpha=1.3
554,112,alpha=1.3
555,98,alpha=1.3
556,82,alpha=1.3
557,249,alpha=1.3
558,78,alpha=1.3
559,324,alpha=1.3
560,61,alpha=1.3
561,253,alpha=1.3
562,130,alpha=1.3
563,64,alpha=1.3
564,79,alpha=1.3
565,135,alpha=1.3
566,102,alpha=1.3
567,80,alpha=1.3
568,90,alpha=1.3
569,135,alpha=1.3
570,97,alpha=1.3
571,66,alpha=1.3
572,155,alpha=1.3
573,146,alpha=1.3
574,97,alpha=1.3
575,82,alpha=1.3
576,106,alpha=1.3
577,103,alpha=1.3
578,68,alpha=1.3
579,74,alpha=1.3
580,87,alpha=1.3
581,263,alpha=1.3
582,95,alpha=1.3
583,92,alpha=1.3
584,41,alpha=1.3
585,71,alpha=1.3
586,106,alpha=1.3
587,85,alpha=1.3
588,41,alpha=1.3
589,40,alpha=1.3
590,78,alpha=1.3
591,80,alpha=1.3
592,86,alpha=1.3
593,84,alpha=1.3
594,71,alpha=1.3
595,62,alpha=1.3
596,64,alpha=1.3
597,64,alpha=1.3
598,80,alpha=1.3
599,53,alpha=1.3
600,57,alpha=1.3
601,102,alpha=1.3
602,73,alpha=1.3
603,70,alpha=1.3
604,55,alpha=1.3
605,50,alpha=1.3
606,140,alpha=1.3
607,96,alpha=1.3
608,106,alpha=1.3
609,238,alpha=1.3
610,92,alpha=1.3
611,64,alpha=1.3
612,53,alpha=1.3
613,87,alpha=1.3
614,85,alpha=1.3
615,110,alpha=1.3
616,78,alpha=1.3
617,54,alpha=1.3
618,90,alpha=1.3
619,78,alpha=1.3
620,94,alpha=1.3
621,61,alpha=1.3
622,94,alpha=1.3
623,162,alpha=1.3
624,73,alpha=1.3
625,106,alpha=1.3
626,124,alpha=1.3
627,63,alpha=1.3
628,112,alpha=1.3
629,77,alpha=1.3
630,68,alpha=1.3
631,75,alpha=1.3
632,64,alpha=1.3
633,93,alpha=1.3
634,66,alpha=1.3
635,51,alpha=1.3
636,161,alpha=1.3
637,121,alpha=1.3
638,107,alpha=1.3
639,52,alpha=1.3
640,60,alpha=1.3
641,71,alpha=1.3
642,73,alpha=1.3
643,56,alpha=1.3
644,69,alpha=1.3
645,66,alpha=1.3
646,75,alpha=1.3
647,80,alpha=1.3
648,57,alpha=1.3
649,78,alpha=1.3
650,56,alpha=1.3
651,204,alpha=1.3
652,86,alpha=1.3
653,68,alpha=1.3
654,97,alpha=1.3
655,89,alpha=1.3
656,84,alpha=1.3
657,103,alpha=1.3
658,86,alpha=1.3
659,87,alpha=1.3
660,59,alpha=1.3
661,73,alpha=1.3
662,88,alpha=1.3
663,79,alpha=1.3
664,87,alpha=1.3
665,81,alpha=1.3
666,74,alpha=1.3
667,81,alpha=1.3
668,71,alpha=1.3
669,93,alpha=1.3
670,70,alpha=1.3
671,88,alpha=1.3
672,81,alpha=1.3
673,230,alpha=1.3
674,55,alpha=1.3
675,76,alpha=1.3
676,64,alpha=1.3
677,40,alpha=1.3
678,98,alpha=1.3
679,121,alpha=1.3
680,59,alpha=1.3
681,68,alpha=1.3
682,46,alpha=1.3
683,117,alpha=1.3
684,72,alpha=1.3
685,134,alpha=1.3
686,73,alpha=1.3
687,63,alpha=1.3
688,110,alpha=1.3
689,98,alpha=1.3
690,166,alpha=1.3
691,162,alpha=1.3
692,62,alpha=1.3
693,146,alpha=1.3
694,68,alpha=1.3
695,85,alpha=1.3
696,85,alpha=1.3
697,83,alpha=1.3
698,102,alpha=1.3
699,76,alpha=1.3
700,58,alpha=1.3
701,84,alpha=1.3
702,216,alpha=1.3
703,80,alpha=1.3
704,184,alpha=1.3
705,37,alpha=1.3
706,73,alpha=1.3
707,155,alpha=1.3
708,48,alpha=1.3
709,120,alpha=1.3
710,343,alpha=1.3
711,109,alpha=1.3
712,91,alpha=1.3
713,51,alpha=1.3
714,120,alpha=1.3
715,68,alpha=1.3
716,62,alpha=1.3
717,95,alpha=1.3
718,86,alpha=1.3
719,54,alpha=1.3
720,83,alpha=1.3
721,125,alpha=1.3
722,59,alpha=1.3
723,125,alpha=1.3
724,63,alpha=1.3
725,72,alpha=1.3
726,72,alpha=1.3
727,58,alpha=1.3
728,65,alpha=1.3
729,83,alpha=1.3
730,70,alpha=1.3
731,108,alpha=1.3
732,90,alpha=1.3
733,119,alpha=1.3
734,515,alpha=1.3
735,138,alpha=1.3
736,73,alpha=1.3
737,121,alpha=1.3
738,63,alpha=1.3
739,53,alpha=1.3
740,139,alpha=1.3
741,97,alpha=1.3
742,67,alpha=1.3
743,55,alpha=1.3
744,63,alpha=1.3
745,113,alpha=1.3
746,90,alpha=1.3
747,97,alpha=1.3
748,106,alpha=1.3
749,66,alpha=1.3
750,109,alpha=1.3
751,54,alpha=1.3
752,77,alpha=1.3
753,84,alpha=1.3
754,105,alpha=1.3
755,62,alpha=1.3
756,115,alpha=1.3
757,80,alpha=1.3
758,118,alpha=1.3
759,80,alpha=1.3
760,124,alpha=1.3
761,84,alpha=1.3
762,92,alpha=1.3
763,67,alpha=1.3
764,76,alpha=1.3
765,140,alpha=1.3
766,77,alpha=1.3
767,114,alpha=1.3
768,73,alpha=1.3
769,99,alpha=1.3
770,53,alpha=1.3
771,75,alpha=1.3
772,67,alpha=1.3
773,84,alpha=1.3
774,99,alpha=1.3
775,85,alpha=1.3
776,75,alpha=1.3
777,98,alpha=1.3
778,72,alpha=1.3
779,66,alpha=1.3
780,96,alpha=1.3
781,81,alpha=1.3
782,141,alpha=1.3
783,97,alpha=1.3
784,112,alpha=1.3
785,50,alpha=1.3
786,90,alpha=1.3
787,123,alpha=1.3
788,115,alpha=1.3
789,81,alpha=1.3
790,48,alpha=1.3
791,113,alpha=1.3
792,110,alpha=1.3
793,120,alpha=1.3
794,88,alpha=1.3
795,218,alpha=1.3
796,78,alpha=1.3
797,77,alpha=1.3
798,76,alpha=1.3
799,85,alpha=1.3
800,89,alpha=1.3
801,55,alpha=1.3
802,58,alpha=1.3
803,79,alpha=1.3
804,101,alpha=1.3
805,95,alpha=1.3
806,91,alpha=1.3
807,105,alpha=1.3
808,60,alpha=1.3
809,55,alpha=1.3
810,72,alpha=1.3
811,124,alpha=1.3
812,128,alpha=1.3
813,89,alpha=1.3
814,109,alpha=1.3
815,101,alpha=1.3
816,139,alpha=1.3
817,85,alpha=1.3
818,64,alpha=1.3
819,174,alpha=1.3
820,47,alpha=1.3
821,114,alpha=1.3
822,128,alpha=1.3
823,82,alpha=1.3
824,70,alpha=1.3
825,101,alpha=1.3
826,66,alpha=1.3
827,119,alpha=1.3
828,80,alpha=1.3
829,103,alpha=1.3
830,43,alpha=1.3
831,126,alpha=1.3
832,65,alpha=1.3
833,180,alpha=1.3
834,76,alpha=1.3
835,55,alpha=1.3
836,137,alpha=1.3
837,52,alpha=1.3
838,114,alpha=1.3
839,72,alpha=1.3
840,94,alpha=1.3
841,83,alpha=1.3
842,123,alpha=1.3
843,172,alpha=1.3
844,94,alpha=1.3
845,45,alpha=1.3
846,38,alpha=1.3
847,57,alpha=1.3
848,83,alpha=1.3
849,86,alpha=1.3
850,70,alpha=1.3
851,78,alpha=1.3
852,71,alpha=1.3
853,360,alpha=1.3
854,74,alpha=1.3
855,69,alpha=1.3
856,103,alpha=1.3
857,92,alpha=1.3
858,97,alpha=1.3
859,59,alpha=1.3
860,79,alpha=1.3
861,58,alpha=1.3
862,95,alpha=1.3
863,112,alpha=1.3
864,67,alpha=1.3
865,96,alpha=1.3
866,29,alpha=1.3
867,14,alpha=1.3
868,101,alpha=1.3
869,66,alpha=1.3
870,72,alpha=1.3
871,86,alpha=1.3
872,49,alpha=1.3
873,121,alpha=1.3
874,111,alpha=1.3
875,64,alpha=1.3
876,49,alpha=1.3
877,99,alpha=1.3
878,109,alpha=1.3
879,93,alpha=1.3
880,77,alpha=1.3
881,111,alpha=1.3
882,95,alpha=1.3
883,83,alpha=1.3
884,75,alpha=1.3
885,107,alpha=1.3
886,77,alpha=1.3
887,56,alpha=1.3
888,86,alpha=1.3
889,67,alpha=1.3
890,67,alpha=1.3
891,76,alpha=1.3
892,82,alpha=1.3
893,158,alpha=1.3
894,67,alpha=1.3
895,85,alpha=1.3
896,75,alpha=1.3
897,114,alpha=1.3
898,76,alpha=1.3
899,97,alpha=1.3
900,177,alpha=1.3
901,72,alpha=1.3
902,72,alpha=1.3
903,87,alpha=1.3
904,83,alpha=1.3
905,113,alpha=1.3
906,106,alpha=1.3
907,100,alpha=1.3
908,75,alpha=1.3
909,83,alpha=1.3
910,52,alpha=1.3
911,110,alpha=1.3
912,93,alpha=1.3
913,105,alpha=1.3
914,192,alpha=1.3
915,64,alpha=1.3
916,65,alpha=1.3
917,113,alpha=1.3
918,115,alpha=1.3
919,78,alpha=1.3
920,102,alpha=1.3
921,97,alpha=1.3
922,81,alpha=1.3
923,568,alpha=1.3
924,77,alpha=1.3
925,82,alpha=1.3
926,106,alpha=1.3
927,76,alpha=1.3
928,66,alpha=1.3
929,75,alpha=1.3
930,50,alpha=1.3
931,70,alpha=1.3
932,78,alpha=1.3
933,80,alpha=1.3
934,94,alpha=1.3
935,75,alpha=1.3
936,113,alpha=1.3
937,107,alpha=1.3
938,69,alpha=1.3
939,83,alpha=1.3
940,123,alpha=1.3
941,115,alpha=1.3
942,66,alpha=1.3
943,85,alpha=1.3
944,61,alpha=1.3
945,67,alpha=1.3
946,69,alpha=1.3
947,145,alpha=1.3
948,80,alpha=1.3
949,55,alpha=1.3
950,97,alpha=1.3
951,74,alpha=1.3
952,152,alpha=1.3
953,63,alpha=1.3
954,87,alpha=1.3
955,49,alpha=1.3
956,46,alpha=1.3
957,531,alpha=1.3
958,114,alpha=1.3
959,98,alpha=1.3
960,75,alpha=1.3
961,62,alpha=1.3
962,100,alpha=1.3
963,40,alpha=1.3
964,79,alpha=1.3
965,130,alpha=1.3
966,74,alpha=1.3
967,51,alpha=1.3
968,175,alpha=1.3
969,79,alpha=1.3
970,743,alpha=1.3
971,103,alpha=1.3
972,50,alpha=1.3
973,70,alpha=1.3
974,114,alpha=1.3
975,71,alpha=1.3
976,124,alpha=1.3
977,78,alpha=1.3
978,81,alpha=1.3
979,65,alpha=1.3
980,69,alpha=1.3
981,71,alpha=1.3
982,125,alpha=1.3
983,88,alpha=1.3
984,67,alpha=1.3
985,68,alpha=1.3
986,63,alpha=1.3
987,59,alpha=1.3
988,75,alpha=1.3
989,80,alpha=1.3
990,48,alpha=1.3
991,47,alpha=1.3
992,77,alpha=1.3
993,113,alpha=1.3
994,66,alpha=1.3
995,82,alpha=1.3
996,90,alpha=1.3
997,56,alpha=1.3
998,55,alpha=1.3
999,66,alpha=1.3
1000,39,alpha=1.3
1001,85,alpha=1.3
1002,63,alpha=1.3
1003,69,alpha=1.3
1004,91,alpha=1.3
1005,62,alpha=1.3
1006,77,alpha=1.3
1007,65,alpha=1.3
1008,100,alpha=1.3
1009,81,alpha=1.3
1010,96,alpha=1.3
1011,66,alpha=1.3
1012,49,alpha=1.3
1013,106,alpha=1.3
1014,67,alpha=1.3
1015,65,alpha=1.3
1016,92,alpha=1.3
1017,113,alpha=1.3
1018,65,alpha=1.3
1019,542,alpha=1.3
1020,85,alpha=1.3
1021,90,alpha=1.3
1022,117,alpha=1.3
1023,78,alpha=1.3
1024,86,alpha=1.3
1025,62,alpha=1.3
1026,99,alpha=1.3
1027,76,alpha=1.3
1028,144,alpha=1.3
1029,81,alpha=1.3
1030,50,alpha=1.3
1031,87,alpha=1.3
1032,69,alpha=1.3
1033,72,alpha=1.3
1034,63,alpha=1.3
1035,117,alpha=1.3
1036,109,alpha=1.3
1037,43,alpha=1.3
1038,134,alpha=1.3
1039,84,alpha=1.3
1040,146,alpha=1.3
1041,131,alpha=1.3
1042,68,alpha=1.3
1043,78,alpha=1.3
1044,88,alpha=1.3
1045,56,alpha=1.3
1046,45,alpha=1.3
1047,122,alpha=1.3
1048,49,alpha=1.3
1049,51,alpha=1.3
1050,70,alpha=1.3
1051,74,alpha=1.3
1052,61,alpha=1.3
1053,76,alpha=1.3
1054,73,alpha=1.3
1055,165,alpha=1.3
1056,85,alpha=1.3
1057,72,alpha=1.3
1058,79,alpha=1.3
1059,109,alpha=1.3
1060,80,alpha=1.3
1061,107,alpha=1.3
1062,102,alpha=1.3
1063,164,alpha=1.3
1064,78,alpha=1.3
1065,85,alpha=1.3
1066,84,alpha=1.3
1067,84,alpha=1.3
1068,80,alpha=1.3
1069,45,alpha=1.3
1070,159,alpha=1.3
1071,61,alpha=1.3
1072,98,alpha=1.3
1073,85,alpha=1.3
1074,206,alpha=1.3
1075,83,alpha=1.3
1076,91,alpha=1.3
1077,148,alpha=1.3
1078,69,alpha=1.3
1079,400,alpha=1.3
1080,33,alpha=1.3
1081,111,alpha=1.3
1082,67,alpha=1.3
1083,65,alpha=1.3
1084,140,alpha=1.3
1085,41,alpha=1.3
1086,88,alpha=1.3
1087,85,alpha=1.3
1088,133,alpha=1.3
1089,68,alpha=1.3
1090,95,alpha=1.3
1091,61,alpha=1.3
1092,154,alpha=1.3
1093,105,alpha=1.3
1094,169,alpha=1.3
1095,88,alpha=1.3
1096,63,alpha=1.3
1097,172,alpha=1.3
1098,63,alpha=1.3
1099,93,alpha=1.3
1100,63,alpha=1.3
1101,82,alpha=1.3
1102,141,alpha=1.3
1103,77,alpha=1.3
1104,67,alpha=1.3
1105,142,alpha=1.3
1106,83,alpha=1.3
1107,80,alpha=1.3
1108,72,alpha=1.3
1109,107,alpha=1.3
1110,94,alpha=1.3
1111,64,alpha=1.3
1112,83,alpha=1.3
1113,39,alpha=1.3
1114,82,alpha=1.3
1115,85,alpha=1.3
1116,73,alpha=1.3
1117,304,alpha=1.3
1118,58,alpha=1.3
1119,72,alpha=1.3
1120,35,alpha=1.3
1121,108,alpha=1.3
1122,203,alpha=1.3
1123,57,alpha=1.3
1124,128,alpha=1.3
1125,57,alpha=1.3
1126,93,alpha=1.3
1127,85,alpha=1.3
1128,91,alpha=1.3
1129,41,alpha=1.3
1130,62,alpha=1.3
1131,222,alpha=1.3
1132,50,alpha=1.3
1133,82,alpha=1.3
1134,77,alpha=1.3
1135,119,alpha=1.3
1136,72,alpha=1.3
1137,71,alpha=1.3
1138,79,alpha=1.3
1139,61,alpha=1.3
1140,103,alpha=1.3
1141,150,alpha=1.3
1142,50,alpha=1.3
1143,62,alpha=1.3
1144,40,alpha=1.3
1145,65,alpha=1.3
1146,50,alpha=1.3
1147,74,alpha=1.3
1148,62,alpha=1.3
1149,58,alpha=1.3
1150,106,alpha=1.3
1151,145,alpha=1.3
1152,217,alpha=1.3
1153,66,alpha=1.3
1154,135,alpha=1.3
1155,115,alpha=1.3
1156,93,alpha=1.3
1157,69,alpha=1.3
1158,69,alpha=1.3
1159,67,alpha=1.3
1160,81,alpha=1.3
1161,70,alpha=1.3
1162,77,alpha=1.3
1163,81,alpha=1.3
1164,78,alpha=1.3
1165,88,alpha=1.3
1166,100,alpha=1.3
1167,74,alpha=1.3
1168,74,alpha=1.3
1169,100,alpha=1.3
1170,129,alpha=1.3
1171,84,alpha=1.3
1172,70,alpha=1.3
1173,55,alpha=1.3
1174,75,alpha=1.3
1175,78,alpha=1.3
1176,91,alpha=1.3
1177,70,alpha=1.3
1178,115,alpha=1.3
1179,96,alpha=1.3
1180,103,alpha=1.3
1181,154,alpha=1.3
1182,103,alpha=1.3
1183,52,alpha=1.3
1184,76,alpha=1.3
1185,114,alpha=1.3
1186,69,alpha=1.3
1187,73,alpha=1.3
1188,88,alpha=1.3
1189,235,alpha=1.3
1190,78,alpha=1.3
1191,166,alpha=1.3
1192,56,alpha=1.3
1193,101,alpha=1.3
1194,103,alpha=1.3
1195,85,alpha=1.3
1196,71,alpha=1.3
1197,100,alpha=1.3
1198,71,alpha=1.3
1199,50,alpha=1.3
1200,92,alpha=1.3
1201,74,alpha=1.3
1202,90,alpha=1.3
1203,97,alpha=1.3
1204,93,alpha=1.3
1205,90,alpha=1.3
1206,81,alpha=1.3
1207,59,alpha=1.3
1208,53,alpha=1.3
1209,81,alpha=1.3
1210,68,alpha=1.3
1211,91,alpha=1.3
1212,94,alpha=1.3
1213,101,alpha=1.3
1214,98,alpha=1.3
1215,100,alpha=1.3
1216,72,alpha=1.3
1217,58,alpha=1.3
1218,53,alpha=1.3
1219,62,alpha=1.3
1220,54,alpha=1.3
1221,46,alpha=1.3
1222,188,alpha=1.3
1223,91,alpha=1.3
1224,123,alpha=1.3
1225,75,alpha=1.3
1226,49,alpha=1.3
1227,53,alpha=1.3
1228,151,alpha=1.3
1229,60,alpha=1.3
1230,83,alpha=1.3
1231,91,alpha=1.3
1232,88,alpha=1.3
1233,96,alpha=1.3
1234,107,alpha=1.3
1235,77,alpha=1.3
1236,89,alpha=1.3
1237,119,alpha=1.3
1238,112,alpha=1.3
1239,128,alpha=1.3
1240,170,alpha=1.3
1241,76,alpha=1.3
1242,70,alpha=1.3
1243,75,alpha=1.3
1244,93,alpha=1.3
1245,98,alpha=1.3
1246,76,alpha=1.3
1247,124,alpha=1.3
1248,107,alpha=1.3
1249,93,alpha=1.3
1250,86,alpha=1.3
1251,83,alpha=1.3
1252,75,alpha=1.3
1253,141,alpha=1.3
1254,111,alpha=1.3
1255,91,alpha=1.3
1256,86,alpha=1.3
1257,35,alpha=1.3
1258,82,alpha=1.3
1259,75,alpha=1.3
1260,91,alpha=1.3
1261,68,alpha=1.3
1262,618,alpha=1.3
1263,81,alpha=1.3
1264,62,alpha=1.3
1265,69,alpha=1.3
1266,196,alpha=1.3
1267,45,alpha=1.3
1268,69,alpha=1.3
1269,63,alpha=1.3
1270,70,alpha=1.3
1271,166,alpha=1.3
1272,51,alpha=1.3
1273,288,alpha=1.3
1274,94,alpha=1.3
1275,74,alpha=1.3
1276,89,alpha=1.3
1277,99,alpha=1.3
1278,114,alpha=1.3
1279,102,alpha=1.3
1280,78,alpha=1.3
1281,53,alpha=1.3
1282,122,alpha=1.3
1283,47,alpha=1.3
1284,126,alpha=1.3
1285,116,alpha=1.3
1286,74,alpha=1.3
1287,73,alpha=1.3
1288,151,alpha=1.3
1289,96,alpha=1.3
1290,75,alpha=1.3
1291,89,alpha=1.3
1292,99,alpha=1.3
1293,573,alpha=1.3
1294,92,alpha=1.3
1295,56,alpha=1.3
1296,92,alpha=1.3
1297,54,alpha=1.3
1298,90,alpha=1.3
1299,56,alpha=1.3
1300,96,alpha=1.3
1301,98,alpha=1.3
1302,156,alpha=1.3
1303,120,alpha=1.3
1304,110,alpha=1.3
1305,102,alpha=1.3
1306,80,alpha=1.3
1307,73,alpha=1.3
1308,66,alpha=1.3
1309,100,alpha=1.3
1310,83,alpha=1.3
1311,103,alpha=1.3
1312,64,alpha=1.3
1313,107,alpha=1.3
1314,98,alpha=1.3
1315,129,alpha=1.3
1316,63,alpha=1.3
1317,65,alpha=1.3
1318,102,alpha=1.3
1319,88,alpha=1.3
1320,144,alpha=1.3
1321,59,alpha=1.3
1322,129,alpha=1.3
1323,88,alpha=1.3
1324,166,alpha=1.3
1325,60,alpha=1.3
1326,145,alpha=1.3
1327,85,alpha=1.3
1328,158,alpha=1.3
1329,194,alpha=1.3
1330,127,alpha=1.3
1331,90,alpha=1.3
1332,54,alpha=1.3
1333,77,alpha=1.3
1334,90,alpha=1.3
1335,107,alpha=1.3
1336,114,alpha=1.3
1337,109,alpha=1.3
1338,59,alpha=1.3
1339,287,alpha=1.3
1340,64,alpha=1.3
1341,130,alpha=1.3
1342,98,alpha=1.3
1343,51,alpha=1.3
1344,60,alpha=1.3
1345,61,alpha=1.3
1346,25,alpha=1.3
1347,63,alpha=1.3
1348,109,alpha=1.3
1349,129,alpha=1.3
1350,67,alpha=1.3
1351,75,alpha=1.3
1352,59,alpha=1.3
1353,78,alpha=1.3
1354,89,alpha=1.3
1355,51,alpha=1.3
1356,545,alpha=1.3
1357,82,alpha=1.3
1358,61,alpha=1.3
1359,72,alpha=1.3
1360,64,alpha=1.3
1361,108,alpha=1.3
1362,76,alpha=1.3
1363,153,alpha=1.3
1364,86,alpha=1.3
1365,80,alpha=1.3
1366,46,alpha=1.3
1367,104,alpha=1.3
1368,58,alpha=1.3
1369,64,alpha=1.3
1370,100,alpha=1.3
1371,90,alpha=1.3
1372,67,alpha=1.3
1373,81,alpha=1.3
1374,77,alpha=1.3
1375,86,alpha=1.3
1376,65,alpha=1.3
1377,74,alpha=1.3
1378,168,alpha=1.3
1379,61,alpha=1.3
1380,95,alpha=1.3
1381,64,alpha=1.3
1382,78,alpha=1.3
1383,33,alpha=1.3
1384,22,alpha=1.3
1385,154,alpha=1.3
1386,122,alpha=1.3
1387,53,alpha=1.3
1388,92,alpha=1.3
1389,64,alpha=1.3
1390,71,alpha=1.3
1391,69,alpha=1.3
1392,53,alpha=1.3
1393,71,alpha=1.3
1394,57,alpha=1.3
1395,100,alpha=1.3
1396,78,alpha=1.3
1397,26,alpha=1.3
1398,210,alpha=1.3
1399,82,alpha=1.3
1400,85,alpha=1.3
1401,108,alpha=1.3
1402,88,alpha=1.3
1403,139,alpha=1.3
1404,94,alpha=1.3
1405,110,alpha=1.3
1406,85,alpha=1.3
1407,72,alpha=1.3
1408,73,alpha=1.3
1409,66,alpha=1.3
1410,90,alpha=1.3
1411,50,alpha=1.3
1412,69,alpha=1.3
1413,66,alpha=1.3
1414,223,alpha=1.3
1415,113,alpha=1.3
1416,129,alpha=1.3
1417,48,alpha=1.3
1418,106,alpha=1.3
1419,56,alpha=1.3
1420,59,alpha=1.3
1421,91,alpha=1.3
1422,86,alpha=1.3
1423,99,alpha=1.3
1424,63,alpha=1.3
1425,66,alpha=1.3
1426,57,alpha=1.3
1427,105,alpha=1.3
1428,108,alpha=1.3
1429,122,alpha=1.3
1430,63,alpha=1.3
1431,192,alpha=1.3
1432,208,alpha=1.3
1433,120,alpha=1.3
1434,69,alpha=1.3
1435,38,alpha=1.3
1436,90,alpha=1.3
1437,67,alpha=1.3
1438,56,alpha=1.3
1439,57,alpha=1.3
1440,58,alpha=1.3
1441,71,alpha=1.3
1442,29,alpha=1.3
1443,94,alpha=1.3
1444,103,alpha=1.3
1445,87,alpha=1.3
1446,84,alpha=1.3
1447,99,alpha=1.3
1448,94,alpha=1.3
1449,121,alpha=1.3
1450,101,alpha=1.3
1451,129,alpha=1.3
1452,95,alpha=1.3
1453,120,alpha=1.3
1454,78,alpha=1.3
1455,95,alpha=1.3
1456,105,alpha=1.3
1457,214,alpha=1.3
1458,96,alpha=1.3
1459,73,alpha=1.3
1460,243,alpha=1.3
1461,66,alpha=1.3
1462,27,alpha=1.3
1463,61,alpha=1.3
1464,58,alpha=1.3
1465,82,alpha=1.3
1466,279,alpha=1.3
1467,49,alpha=1.3
1468,124,alpha=1.3
1469,77,alpha=1.3
1470,80,alpha=1.3
1471,94,alpha=1.3
1472,89,alpha=1.3
1473,87,alpha=1.3
1474,46,alpha=1.3
1475,61,alpha=1.3
1476,77,alpha=1.3
1477,49,alpha=1.3
1478,109,alpha=1.3
1479,85,alpha=1.3
1480,33,alpha=1.3
1481,52,alpha=1.3
1482,127,alpha=1.3
1483,65,alpha=1.3
1484,93,alpha=1.3
1485,64,alpha=1.3
1486,70,alpha=1.3
1487,78,alpha=1.3
1488,62,alpha=1.3
1489,86,alpha=1.3
1490,49,alpha=1.3
1491,179,alpha=1.3
1492,76,alpha=1.3
1493,98,alpha=1.3
1494,95,alpha=1.3
1495,82,alpha=1.3
1496,144,alpha=1.3
1497,120,alpha=1.3
1498,98,alpha=1.3
1499,97,alpha=1.3
1500,110,alpha=1.3
1501,92,alpha=1.3
1502,123,alpha=1.3
1503,110,alpha=1.3
1504,64,alpha=1.3
1505,117,alpha=1.3
1506,69,alpha=1.3
1507,218,alpha=1.3
1508,115,alpha=1.3
1509,58,alpha=1.3
1510,93,alpha=1.3
1511,119,alpha=1.3
1512,57,alpha=1.3
1513,89,alpha=1.3
1514,64,alpha=1.3
1515,54,alpha=1.3
1516,73,alpha=1.3
1517,64,alpha=1.3
1518,572,alpha=1.3
1519,95,alpha=1.3
1520,57,alpha=1.3
1521,100,alpha=1.3
1522,263,alpha=1.3
1523,73,alpha=1.3
1524,73,alpha=1.3
1525,57,alpha=1.3
1526,124,alpha=1.3
1527,62,alpha=1.3
1528,96,alpha=1.3
1529,112,alpha=1.3
1530,215,alpha=1.3
1531,46,alpha=1.3
1532,34,alpha=1.3
1533,62,alpha=1.3
1534,68,alpha=1.3
1535,61,alpha=1.3
1536,94,alpha=1.3
1537,94,alpha=1.3
1538,71,alpha=1.3
1539,73,alpha=1.3
1540,262,alpha=1.3
1541,63,alpha=1.3
1542,61,alpha=1.3
1543,71,alpha=1.3
1544,86,alpha=1.3
1545,74,alpha=1.3
1546,69,alpha=1.3
1547,68,alpha=1.3
1548,61,alpha=1.3
1549,60,alpha=1.3
1550,81,alpha=1.3
1551,177,alpha=1.3
1552,140,alpha=1.3
1553,118,alpha=1.3
1554,63,alpha=1.3
1555,77,alpha=1.3
1556,63,alpha=1.3
1557,128,alpha=1.3
1558,85,alpha=1.3
1559,104,alpha=1.3
1560,64,alpha=1.3
1561,102,alpha=1.3
1562,66,alpha=1.3
1563,59,alpha=1.3
1564,93,alpha=1.3
1565,86,alpha=1.3
1566,58,alpha=1.3
1567,73,alpha=1.3
1568,61,alpha=1.3
1569,59,alpha=1.3
1570,104,alpha=1.3
1571,65,alpha=1.3
1572,87,alpha=1.3
1573,80,alpha=1.3
1574,57,alpha=1.3
1575,85,alpha=1.3
1576,87,alpha=1.3
1577,53,alpha=1.3
1578,102,alpha=1.3
1579,71,alpha=1.3
1580,60,alpha=1.3
1581,75,alpha=1.3
1582,86,alpha=1.3
1583,129,alpha=1.3
1584,113,alpha=1.3
1585,86,alpha=1.3
1586,97,alpha=1.3
1587,87,alpha=1.3
1588,354,alpha=1.3
1589,53,alpha=1.3
1590,112,alpha=1.3
1591,63,alpha=1.3
1592,63,alpha=1.3
1593,419,alpha=1.3
1594,68,alpha=1.3
1595,66,alpha=1.3
1596,76,alpha=1.3
1597,115,alpha=1.3
1598,64,alpha=1.3
1599,102,alpha=1.3
1600,87,alpha=1.3
1601,250,alpha=1.3
1602,71,alpha=1.3
1603,227,alpha=1.3
1604,56,alpha=1.3
1605,70,alpha=1.3
1606,92,alpha=1.3
1607,50,alpha=1.3
1608,175,alpha=1.3
1609,107,alpha=1.3
1610,97,alpha=1.3
1611,165,alpha=1.3
1612,57,alpha=1.3
1613,111,alpha=1.3
1614,56,alpha=1.3
1615,185,alpha=1.3
1616,64,alpha=1.3
1617,78,alpha=1.3
1618,90,alpha=1.3
1619,89,alpha=1.3
1620,91,alpha=1.3
1621,87,alpha=1.3
1622,64,alpha=1.3
1623,85,alpha=1.3
1624,102,alpha=1.3
1625,288,alpha=1.3
1626,46,alpha=1.3
1627,73,alpha=1.3
1628,85,alpha=1.3
1629,67,alpha=1.3
1630,83,alpha=1.3
1631,75,alpha=1.3
1632,83,alpha=1.3
1633,113,alpha=1.3
1634,142,alpha=1.3
1635,77,alpha=1.3
1636,56,alpha=1.3
1637,82,alpha=1.3
1638,60,alpha=1.3
1639,82,alpha=1.3
1640,85,alpha=1.3
1641,46,alpha=1.3
1642,130,alpha=1.3
1643,62,alpha=1.3
1644,174,alpha=1.3
1645,57,alpha=1.3
1646,53,alpha=1.3
1647,47,alpha=1.3
1648,89,alpha=1.3
1649,66,alpha=1.3
1650,71,alpha=1.3
1651,106,alpha=1.3
1652,221,alpha=1.3
1653,43,alpha=1.3
1654,107,alpha=1.3
1655,105,alpha=1.3
1656,55,alpha=1.3
1657,91,alpha=1.3
1658,74,alpha=1.3
1659,144,alpha=1.3
1660,103,alpha=1.3
1661,218,alpha=1.3
1662,45,alpha=1.3
1663,82,alpha=1.3
1664,52,alpha=1.3
1665,87,alpha=1.3
1666,78,alpha=1.3
1667,67,alpha=1.3
1668,73,alpha=1.3
1669,77,alpha=1.3
1670,72,alpha=1.3
1671,67,alpha=1.3
1672,79,alpha=1.3
1673,67,alpha=1.3
1674,83,alpha=1.3
1675,69,alpha=1.3
1676,72,alpha=1.3
1677,107,alpha=1.3
1678,68,alpha=1.3
1679,61,alpha=1.3
1680,111,alpha=1.3
1681,63,alpha=1.3
1682,79,alpha=1.3
1683,63,alpha=1.3
1684,85,alpha=1.3
1685,64,alpha=1.3
1686,66,alpha=1.3
1687,54,alpha=1.3
1688,870,alpha=1.3
1689,71,alpha=1.3
1690,151,alpha=1.3
1691,43,alpha=1.3
1692,72,alpha=1.3
1693,87,alpha=1.3
1694,71,alpha=1.3
1695,100,alpha=1.3
1696,64,alpha=1.3
1697,103,alpha=1.3
1698,66,alpha=1.3
1699,80,alpha=1.3
1700,130,alpha=1.3
1701,99,alpha=1.3
1702,86,alpha=1.3
1703,67,alpha=1.3
1704,84,alpha=1.3
1705,88,alpha=1.3
1706,55,alpha=1.3
1707,108,alpha=1.3
1708,69,alpha=1.3
1709,74,alpha=1.3
1710,68,alpha=1.3
1711,169,alpha=1.3
1712,56,alpha=1.3
1713,111,alpha=1.3
1714,45,alpha=1.3
1715,332,alpha=1.3
1716,72,alpha=1.3
1717,109,alpha=1.3
1718,80,alpha=1.3
1719,14,alpha=1.3
1720,118,alpha=1.3
1721,72,alpha=1.3
1722,87,alpha=1.3
1723,73,alpha=1.3
1724,55,alpha=1.3
1725,73,alpha=1.3
1726,65,alpha=1.3
1727,74,alpha=1.3
1728,56,alpha=1.3
1729,101,alpha=1.3
1730,83,alpha=1.3
1731,79,alpha=1.3
1732,90,alpha=1.3
1733,106,alpha=1.3
1734,95,alpha=1.3
1735,709,alpha=1.3
1736,48,alpha=1.3
1737,119,alpha=1.3
1738,43,alpha=1.3
1739,103,alpha=1.3
1740,48,alpha=1.3
1741,54,alpha=1.3
1742,149,alpha=1.3
1743,80,alpha=1.3
1744,186,alpha=1.3
1745,92,alpha=1.3
1746,138,alpha=1.3
1747,93,alpha=1.3
1748,62,alpha=1.3
1749,86,alpha=1.3
1750,242,alpha=1.3
1751,80,alpha=1.3
1752,78,alpha=1.3
1753,94,alpha=1.3
1754,88,alpha=1.3
1755,89,alpha=1.3
1756,56,alpha=1.3
1757,38,alpha=1.3
1758,60,alpha=1.3
1759,132,alpha=1.3
1760,89,alpha=1.3
1761,86,alpha=1.3
1762,48,alpha=1.3
1763,57,alpha=1.3
1764,97,alpha=1.3
1765,113,alpha=1.3
1766,99,alpha=1.3
1767,101,alpha=1.3
1768,64,alpha=1.3
1769,63,alpha=1.3
1770,40,alpha=1.3
1771,73,alpha=1.3
1772,92,alpha=1.3
1773,102,alpha=1.3
1774,93,alpha=1.3
1775,131,alpha=1.3
1776,874,alpha=1.3
1777,111,alpha=1.3
1778,54,alpha=1.3
1779,84,alpha=1.3
1780,93,alpha=1.3
1781,103,alpha=1.3
1782,71,alpha=1.3
1783,70,alpha=1.3
1784,179,alpha=1.3
1785,106,alpha=1.3
1786,70,alpha=1.3
1787,84,alpha=1.3
1788,80,alpha=1.3
1789,124,alpha=1.3
1790,94,alpha=1.3
1791,87,alpha=1.3
1792,55,alpha=1.3
1793,100,alpha=1.3
1794,82,alpha=1.3
1795,105,alpha=1.3
1796,114,alpha=1.3
1797,59,alpha=1.3
1798,69,alpha=1.3
1799,93,alpha=1.3
1800,66,alpha=1.3
1801,117,alpha=1.3
1802,127,alpha=1.3
1803,98,alpha=1.3
1804,81,alpha=1.3
1805,64,alpha=1.3
1806,131,alpha=1.3
1807,101,alpha=1.3
1808,86,alpha=1.3
1809,51,alpha=1.3
1810,173,alpha=1.3
1811,88,alpha=1.3
1812,102,alpha=1.3
1813,269,alpha=1.3
1814,66,alpha=1.3
1815,60,alpha=1.3
1816,104,alpha=1.3
1817,39,alpha=1.3
1818,100,alpha=1.3
1819,55,alpha=1.3
1820,111,alpha=1.3
1821,83,alpha=1.3
1822,69,alpha=1.3
1823,60,alpha=1.3
1824,54,alpha=1.3
1825,71,alpha=1.3
1826,132,alpha=1.3
1827,110,alpha=1.3
1828,69,alpha=1.3
1829,70,alpha=1.3
1830,109,alpha=1.3
1831,83,alpha=1.3
1832,59,alpha=1.3
1833,61,alpha=1.3
1834,182,alpha=1.3
1835,127,alpha=1.3
1836,62,alpha=1.3
1837,85,alpha=1.3
1838,207,alpha=1.3
1839,73,alpha=1.3
1840,137,alpha=1.3
1841,43,alpha=1.3
1842,42,alpha=1.3
1843,62,alpha=1.3
1844,79,alpha=1.3
1845,74,alpha=1.3
1846,82,alpha=1.3
1847,127,alpha=1.3
1848,107,alpha=1.3
1849,57,alpha=1.3
1850,69,alpha=1.3
1851,125,alpha=1.3
1852,56,alpha=1.3
1853,7210,alpha=1.3
1854,107,alpha=1.3
1855,132,alpha=1.3
1856,111,alpha=1.3
1857,69,alpha=1.3
1858,138,alpha=1.3
1859,53,alpha=1.3
1860,78,alpha=1.3
1861,52,alpha=1.3
1862,113,alpha=1.3
1863,53,alpha=1.3
1864,137,alpha=1.3
1865,72,alpha=1.3
1866,69,alpha=1.3
1867,65,alpha=1.3
1868,56,alpha=1.3
1869,126,alpha=1.3
1870,322,alpha=1.3
1871,63,alpha=1.3
1872,182,alpha=1.3
1873,64,alpha=1.3
1874,89,alpha=1.3
1875,81,alpha=1.3
1876,107,alpha=1.3
1877,69,alpha=1.3
1878,93,alpha=1.3
1879,87,alpha=1.3
1880,50,alpha=1.3
1881,26,alpha=1.3
1882,59,alpha=1.3
1883,65,alpha=1.3
1884,54,alpha=1.3
1885,99,alpha=1.3
1886,144,alpha=1.3
1887,81,alpha=1.3
1888,76,alpha=1.3
1889,112,alpha=1.3
1890,93,alpha=1.3
1891,61,alpha=1.3
1892,114,alpha=1.3
1893,165,alpha=1.3
1894,109,alpha=1.3
1895,102,alpha=1.3
1896,78,alpha=1.3
1897,323,alpha=1.3
1898,83,alpha=1.3
1899,48,alpha=1.3
1900,70,alpha=1.3
1901,51,alpha=1.3
1902,98,alpha=1.3
1903,82,alpha=1.3
1904,76,alpha=1.3
1905,124,alpha=1.3
1906,86,alpha=1.3
1907,206,alpha=1.3
1908,103,alpha=1.3
1909,85,alpha=1.3
1910,63,alpha=1.3
1911,100,alpha=1.3
1912,55,alpha=1.3
1913,56,alpha=1.3
1914,52,alpha=1.3
1915,85,alpha=1.3
1916,85,alpha=1.3
1917,53,alpha=1.3
1918,98,alpha=1.3
1919,135,alpha=1.3
1920,78,alpha=1.3
1921,56,alpha=1.3
1922,73,alpha=1.3
1923,87,alpha=1.3
1924,92,alpha=1.3
1925,105,alpha=1.3
1926,111,alpha=1.3
1927,95,alpha=1.3
1928,55,alpha=1.3
1929,312,alpha=1.3
1930,113,alpha=1.3
1931,195,alpha=1.3
1932,152,alpha=1.3
1933,120,alpha=1.3
1934,56,alpha=1.3
1935,100,alpha=1.3
1936,43,alpha=1.3
1937,110,alpha=1.3
1938,50,alpha=1.3
1939,88,alpha=1.3
1940,38,alpha=1.3
1941,104,alpha=1.3
1942,56,alpha=1.3
1943,138,alpha=1.3
1944,59,alpha=1.3
1945,90,alpha=1.3
1946,109,alpha=1.3
1947,133,alpha=1.3
1948,46,alpha=1.3
1949,80,alpha=1.3
1950,184,alpha=1.3
1951,70,alpha=1.3
1952,107,alpha=1.3
1953,67,alpha=1.3
1954,86,alpha=1.3
1955,67,alpha=1.3
1956,80,alpha=1.3
1957,398,alpha=1.3
1958,70,alpha=1.3
1959,69,alpha=1.3
1960,116,alpha=1.3
1961,66,alpha=1.3
1962,79,alpha=1.3
1963,47,alpha=1.3
1964,75,alpha=1.3
1965,145,alpha=1.3
1966,260,alpha=1.3
1967,100,alpha=1.3
1968,61,alpha=1.3
1969,51,alpha=1.3
1970,105,alpha=1.3
1971,144,alpha=1.3
1972,142,alpha=1.3
1973,72,alpha=1.3
1974,57,alpha=1.3
1975,59,alpha=1.3
1976,96,alpha=1.3
1977,99,alpha=1.3
1978,85,alpha=1.3
1979,69,alpha=1.3
1980,64,alpha=1.3
1981,59,alpha=1.3
1982,99,alpha=1.3
1983,354,alpha=1.3
1984,58,alpha=1.3
1985,89,alpha=1.3
1986,38,alpha=1.3
1987,68,alpha=1.3
1988,53,alpha=1.3
1989,72,alpha=1.3
1990,766,alpha=1.3
1991,132,alpha=1.3
1992,80,alpha=1.3
1993,80,alpha=1.3
1994,76,alpha=1.3
1995,79,alpha=1.3
1996,124,alpha=1.3
1997,206,alpha=1.3
1998,63,alpha=1.3
1999,80,alpha=1.3
2000,94,alpha=1.3
2001,67,alpha=1.3
2002,95,alpha=1.3
2003,227,alpha=1.3
2004,37,alpha=1.3
2005,62,alpha=1.3
2006,72,alpha=1.3
2007,45,alpha=1.3
2008,99,alpha=1.3
2009,147,alpha=1.3
2010,108,alpha=1.3
2011,112,alpha=1.3
2012,145,alpha=1.3
2013,51,alpha=1.3
2014,84,alpha=1.3
2015,97,alpha=1.3
2016,64,alpha=1.3
2017,183,alpha=1.3
2018,53,alpha=1.3
2019,107,alpha=1.3
2020,75,alpha=1.3
2021,49,alpha=1.3
2022,76,alpha=1.3
2023,126,alpha=1.3
2024,96,alpha=1.3
2025,297,alpha=1.3
2026,93,alpha=1.3
2027,71,alpha=1.3
2028,52,alpha=1.3
2029,95,alpha=1.3
2030,140,alpha=1.3
2031,79,alpha=1.3
2032,86,alpha=1.3
2033,64,alpha=1.3
2034,103,alpha=1.3
2035,48,alpha=1.3
2036,161,alpha=1.3
2037,95,alpha=1.3
2038,69,alpha=1.3
2039,70,alpha=1.3
2040,128,alpha=1.3
2041,247,alpha=1.3
2042,59,alpha=1.3
2043,81,alpha=1.3
2044,67,alpha=1.3
2045,72,alpha=1.3
2046,82,alpha=1.3
2047,90,alpha=1.3
2048,42,alpha=1.3
2049,83,alpha=1.3
2050,38,alpha=1.3
2051,62,alpha=1.3
2052,132,alpha=1.3
2053,32,alpha=1.3
2054,161,alpha=1.3
2055,112,alpha=1.3
2056,109,alpha=1.3
2057,87,alpha=1.3
2058,105,alpha=1.3
2059,135,alpha=1.3
2060,64,alpha=1.3
2061,143,alpha=1.3
2062,164,alpha=1.3
2063,73,alpha=1.3
2064,160,alpha=1.3
2065,106,alpha=1.3
2066,91,alpha=1.3
2067,104,alpha=1.3
2068,92,alpha=1.3
2069,53,alpha=1.3
2070,77,alpha=1.3
2071,23,alpha=1.3
2072,111,alpha=1.3
2073,88,alpha=1.3
2074,87,alpha=1.3
2075,70,alpha=1.3
2076,46,alpha=1.3
2077,99,alpha=1.3
2078,46,alpha=1.3
2079,167,alpha=1.3
2080,167,alpha=1.3
2081,83,alpha=1.3
2082,60,alpha=1.3
2083,98,alpha=1.3
2084,95,alpha=1.3
2085,226,alpha=1.3
2086,154,alpha=1.3
2087,85,alpha=1.3
2088,105,alpha=1.3
2089,111,alpha=1.3
2090,54,alpha=1.3
2091,64,alpha=1.3
2092,56,alpha=1.3
2093,76,alpha=1.3
2094,112,alpha=1.3
2095,90,alpha=1.3
2096,83,alpha=1.3
2097,184,alpha=1.3
2098,81,alpha=1.3
2099,108,alpha=1.3
2100,51,alpha=1.3
2101,68,alpha=1.3
2102,86,alpha=1.3
2103,73,alpha=1.3
2104,51,alpha=1.3
2105,209,alpha=1.3
2106,52,alpha=1.3
2107,72,alpha=1.3
2108,102,alpha=1.3
2109,124,alpha=1.3
2110,92,alpha=1.3
2111,60,alpha=1.3
2112,79,alpha=1.3
2113,81,alpha=1.3
2114,66,alpha=1.3
2115,70,alpha=1.3
2116,94,alpha=1.3
2117,197,alpha=1.3
2118,62,alpha=1.3
2119,82,alpha=1.3
2120,70,alpha=1.3
2121,97,alpha=1.3
2122,75,alpha=1.3
2123,143,alpha=1.3
2124,259,alpha=1.3
2125,109,alpha=1.3
2126,114,alpha=1.3
2127,95,alpha=1.3
2128,83,alpha=1.3
2129,65,alpha=1.3
2130,50,alpha=1.3
2131,41,alpha=1.3
2132,143,alpha=1.3
2133,119,alpha=1.3
2134,94,alpha=1.3
2135,47,alpha=1.3
2136,61,alpha=1.3
2137,87,alpha=1.3
2138,82,alpha=1.3
2139,60,alpha=1.3
2140,1739,alpha=1.3
2141,562,alpha=1.3
2142,82,alpha=1.3
2143,59,alpha=1.3
2144,53,alpha=1.3
2145,250,alpha=1.3
2146,87,alpha=1.3
2147,108,alpha=1.3
2148,354,alpha=1.3
2149,79,alpha=1.3
2150,46,alpha=1.3
2151,49,alpha=1.3
2152,78,alpha=1.3
2153,84,alpha=1.3
2154,72,alpha=1.3
2155,57,alpha=1.3
2156,77,alpha=1.3
2157,42,alpha=1.3
2158,105,alpha=1.3
2159,70,alpha=1.3
2160,64,alpha=1.3
2161,44,alpha=1.3
2162,85,alpha=1.3
2163,89,alpha=1.3
2164,69,alpha=1.3
2165,56,alpha=1.3
2166,102,alpha=1.3
2167,98,alpha=1.3
2168,53,alpha=1.3
2169,94,alpha=1.3
2170,116,alpha=1.3
2171,288,alpha=1.3
2172,63,alpha=1.3
2173,78,alpha=1.3
2174,64,alpha=1.3
2175,209,alpha=1.3
2176,105,alpha=1.3
2177,55,alpha=1.3
2178,77,alpha=1.3
2179,83,alpha=1.3
2180,66,alpha=1.3
2181,88,alpha=1.3
2182,131,alpha=1.3
2183,51,alpha=1.3
2184,79,alpha=1.3
2185,70,alpha=1.3
2186,60,alpha=1.3
2187,60,alpha=1.3
2188,92,alpha=1.3
2189,72,alpha=1.3
2190,201,alpha=1.3
2191,118,alpha=1.3
2192,153,alpha=1.3
2193,133,alpha=1.3
2194,90,alpha=1.3
2195,85,alpha=1.3
2196,123,alpha=1.3
2197,728,alpha=1.3
2198,92,alpha=1.3
2199,70,alpha=1.3
2200,96,alpha=1.3
2201,68,alpha=1.3
2202,156,alpha=1.3
2203,99,alpha=1.3
2204,69,alpha=1.3
2205,58,alpha=1.3
2206,56,alpha=1.3
2207,45,alpha=1.3
2208,149,alpha=1.3
2209,92,alpha=1.3
2210,146,alpha=1.3
2211,107,alpha=1.3
2212,58,alpha=1.3
2213,58,alpha=1.3
2214,114,alpha=1.3
2215,49,alpha=1.3
2216,38,alpha=1.3
2217,64,alpha=1.3
2218,84,alpha=1.3
2219,81,alpha=1.3
2220,106,alpha=1.3
2221,141,alpha=1.3
2222,105,alpha=1.3
2223,691,alpha=1.3
2224,91,alpha=1.3
2225,71,alpha=1.3
2226,67,alpha=1.3
2227,67,alpha=1.3
2228,83,alpha=1.3
2229,163,alpha=1.3
2230,54,alpha=1.3
2231,146,alpha=1.3
2232,93,alpha=1.3
2233,119,alpha=1.3
2234,70,alpha=1.3
2235,134,alpha=1.3
2236,80,alpha=1.3
2237,318,alpha=1.3
2238,79,alpha=1.3
2239,60,alpha=1.3
2240,101,alpha=1.3
2241,89,alpha=1.3
2242,70,alpha=1.3
2243,47,alpha=1.3
2244,79,alpha=1.3
2245,63,alpha=1.3
2246,68,alpha=1.3
2247,238,alpha=1.3
2248,56,alpha=1.3
2249,55,alpha=1.3
2250,89,alpha=1.3
2251,39,alpha=1.3
2252,140,alpha=1.3
2253,101,alpha=1.3
2254,77,alpha=1.3
2255,58,alpha=1.3
2256,107,alpha=1.3
2257,50,alpha=1.3
2258,93,alpha=1.3
2259,103,alpha=1.3
2260,87,alpha=1.3
2261,63,alpha=1.3
2262,29,alpha=1.3
2263,79,alpha=1.3
2264,184,alpha=1.3
2265,78,alpha=1.3
2266,188,alpha=1.3
2267,90,alpha=1.3
2268,100,alpha=1.3
2269,76,alpha=1.3
2270,98,alpha=1.3
2271,93,alpha=1.3
2272,84,alpha=1.3
2273,75,alpha=1.3
2274,122,alpha=1.3
2275,71,alpha=1.3
2276,62,alpha=1.3
2277,52,alpha=1.3
2278,63,alpha=1.3
2279,93,alpha=1.3
2280,77,alpha=1.3
2281,57,alpha=1.3
2282,194,alpha=1.3
2283,80,alpha=1.3
2284,78,alpha=1.3
2285,47,alpha=1.3
2286,67,alpha=1.3
2287,212,alpha=1.3
2288,109,alpha=1.3
2289,144,alpha=1.3
2290,158,alpha=1.3
2291,113,alpha=1.3
2292,97,alpha=1.3
2293,91,alpha=1.3
2294,133,alpha=1.3
2295,82,alpha=1.3
2296,75,alpha=1.3
2297,35,alpha=1.3
2298,108,alpha=1.3
2299,107,alpha=1.3
2300,69,alpha=1.3
2301,46,alpha=1.3
2302,82,alpha=1.3
2303,56,alpha=1.3
2304,57,alpha=1.3
2305,58,alpha=1.3
2306,118,alpha=1.3
2307,75,alpha=1.3
2308,113,alpha=1.3
2309,158,alpha=1.3
2310,82,alpha=1.3
2311,80,alpha=1.3
2312,90,alpha=1.3
2313,69,alpha=1.3
2314,346,alpha=1.3
2315,237,alpha=1.3
2316,77,alpha=1.3
2317,64,alpha=1.3
2318,58,alpha=1.3
2319,95,alpha=1.3
2320,81,alpha=1.3
2321,103,alpha=1.3
2322,111,alpha=1.3
2323,82,alpha=1.3
2324,84,alpha=1.3
2325,38,alpha=1.3
2326,107,alpha=1.3
2327,82,alpha=1.3
2328,160,alpha=1.3
2329,125,alpha=1.3
2330,72,alpha=1.3
2331,323,alpha=1.3
2332,57,alpha=1.3
2333,59,alpha=1.3
2334,144,alpha=1.3
2335,122,alpha=1.3
2336,94,alpha=1.3
2337,120,alpha=1.3
2338,88,alpha=1.3
2339,73,alpha=1.3
2340,222,alpha=1.3
2341,14,alpha=1.3
2342,59,alpha=1.3
2343,53,alpha=1.3
2344,110,alpha=1.3
2345,74,alpha=1.3
2346,88,alpha=1.3
2347,101,alpha=1.3
2348,93,alpha=1.3
2349,76,alpha=1.3
2350,119,alpha=1.3
2351,70,alpha=1.3
2352,55,alpha=1.3
2353,74,alpha=1.3
2354,94,alpha=1.3
2355,422,alpha=1.3
2356,52,alpha=1.3
2357,70,alpha=1.3
2358,42,alpha=1.3
2359,82,alpha=1.3
2360,60,alpha=1.3
2361,93,alpha=1.3
2362,56,alpha=1.3
2363,65,alpha=1.3
2364,136,alpha=1.3
2365,78,alpha=1.3
2366,149,alpha=1.3
2367,85,alpha=1.3
2368,77,alpha=1.3
2369,62,alpha=1.3
2370,78,alpha=1.3
2371,1049,alpha=1.3
2372,61,alpha=1.3
2373,58,alpha=1.3
2374,126,alpha=1.3
2375,171,alpha=1.3
2376,80,alpha=1.3
2377,60,alpha=1.3
2378,88,alpha=1.3
2379,70,alpha=1.3
2380,210,alpha=1.3
2381,87,alpha=1.3
2382,117,alpha=1.3
2383,62,alpha=1.3
2384,75,alpha=1.3
2385,78,alpha=1.3
2386,73,alpha=1.3
2387,76,alpha=1.3
2388,122,alpha=1.3
2389,62,alpha=1.3
2390,49,alpha=1.3
2391,46,alpha=1.3
2392,64,alpha=1.3
2393,87,alpha=1.3
2394,71,alpha=1.3
2395,86,alpha=1.3
2396,300,alpha=1.3
2397,69,alpha=1.3
2398,82,alpha=1.3
2399,88,alpha=1.3
2400,97,alpha=1.3
2401,103,alpha=1.3
2402,101,alpha=1.3
2403,69,alpha=1.3
2404,95,alpha=1.3
2405,88,alpha=1.3
2406,80,alpha=1.3
2407,73,alpha=1.3
2408,58,alpha=1.3
2409,107,alpha=1.3
2410,138,alpha=1.3
2411,116,alpha=1.3
2412,174,alpha=1.3
2413,137,alpha=1.3
2414,60,alpha=1.3
2415,106,alpha=1.3
2416,70,alpha=1.3
2417,79,alpha=1.3
2418,148,alpha=1.3
2419,73,alpha=1.3
2420,57,alpha=1.3
2421,117,alpha=1.3
2422,85,alpha=1.3
2423,82,alpha=1.3
2424,46,alpha=1.3
2425,79,alpha=1.3
2426,119,alpha=1.3
2427,104,alpha=1.3
2428,89,alpha=1.3
2429,43,alpha=1.3
2430,183,alpha=1.3
2431,67,alpha=1.3
2432,73,alpha=1.3
2433,77,alpha=1.3
2434,130,alpha=1.3
2435,138,alpha=1.3
2436,80,alpha=1.3
2437,77,alpha=1.3
2438,60,alpha=1.3
2439,77,alpha=1.3
2440,113,alpha=1.3
2441,137,alpha=1.3
2442,48,alpha=1.3
2443,67,alpha=1.3
2444,67,alpha=1.3
2445,68,alpha=1.3
2446,63,alpha=1.3
2447,63,alpha=1.3
2448,107,alpha=1.3
2449,93,alpha=1.3
2450,64,alpha=1.3
2451,173,alpha=1.3
2452,65,alpha=1.3
2453,95,alpha=1.3
2454,138,alpha=1.3
2455,102,alpha=1.3
2456,75,alpha=1.3
2457,85,alpha=1.3
2458,66,alpha=1.3
2459,63,alpha=1.3
2460,74,alpha=1.3
2461,138,alpha=1.3
2462,99,alpha=1.3
2463,67,alpha=1.3
2464,77,alpha=1.3
2465,113,alpha=1.3
2466,114,alpha=1.3
2467,214,alpha=1.3
2468,70,alpha=1.3
2469,77,alpha=1.3
2470,138,alpha=1.3
2471,92,alpha=1.3
2472,62,alpha=1.3
2473,89,alpha=1.3
2474,121,alpha=1.3
2475,163,alpha=1.3
2476,105,alpha=1.3
2477,138,alpha=1.3
2478,95,alpha=1.3
2479,75,alpha=1.3
2480,67,alpha=1.3
2481,77,alpha=1.3
2482,108,alpha=1.3
2483,75,alpha=1.3
2484,76,alpha=1.3
2485,97,alpha=1.3
2486,115,alpha=1.3
2487,114,alpha=1.3
2488,126,alpha=1.3
2489,67,alpha=1.3
2490,167,alpha=1.3
2491,67,alpha=1.3
2492,72,alpha=1.3
2493,76,alpha=1.3
2494,57,alpha=1.3
2495,153,alpha=1.3
2496,83,alpha=1.3
2497,153,alpha=1.3
2498,47,alpha=1.3
2499,57,alpha=1.3
2500,47,alpha=1.3
2501,109,alpha=1.3
2502,122,alpha=1.3
2503,53,alpha=1.3
2504,133,alpha=1.3
2505,102,alpha=1.3
2506,62,alpha=1.3
2507,54,alpha=1.3
2508,78,alpha=1.3
2509,66,alpha=1.3
2510,90,alpha=1.3
2511,111,alpha=1.3
2512,65,alpha=1.3
2513,40,alpha=1.3
2514,173,alpha=1.3
2515,118,alpha=1.3
2516,94,alpha=1.3
2517,63,alpha=1.3
2518,71,alpha=1.3
2519,52,alpha=1.3
2520,86,alpha=1.3
2521,119,alpha=1.3
2522,100,alpha=1.3
2523,64,alpha=1.3
2524,63,alpha=1.3
2525,63,alpha=1.3
2526,57,alpha=1.3
2527,77,alpha=1.3
2528,123,alpha=1.3
2529,80,alpha=1.3
2530,58,alpha=1.3
2531,93,alpha=1.3
2532,152,alpha=1.3
2533,77,alpha=1.3
2534,47,alpha=1.3
2535,75,alpha=1.3
2536,94,alpha=1.3
2537,273,alpha=1.3
2538,64,alpha=1.3
2539,41,alpha=1.3
2540,48,alpha=1.3
2541,67,alpha=1.3
2542,86,alpha=1.3
2543,56,alpha=1.3
2544,97,alpha=1.3
2545,248,alpha=1.3
2546,87,alpha=1.3
2547,836,alpha=1.3
2548,58,alpha=1.3
2549,69,alpha=1.3
2550,74,alpha=1.3
2551,79,alpha=1.3
2552,178,alpha=1.3
2553,80,alpha=1.3
2554,48,alpha=1.3
2555,105,alpha=1.3
2556,76,alpha=1.3
2557,73,alpha=1.3
2558,66,alpha=1.3
2559,251,alpha=1.3
2560,102,alpha=1.3
2561,76,alpha=1.3
2562,44,alpha=1.3
2563,110,alpha=1.3
2564,101,alpha=1.3
2565,66,alpha=1.3
2566,138,alpha=1.3
2567,101,alpha=1.3
2568,55,alpha=1.3
2569,51,alpha=1.3
2570,87,alpha=1.3
2571,51,alpha=1.3
2572,49,alpha=1.3
2573,82,alpha=1.3
2574,89,alpha=1.3
2575,67,alpha=1.3
2576,94,alpha=1.3
2577,70,alpha=1.3
2578,43,alpha=1.3
2579,75,alpha=1.3
2580,53,alpha=1.3
2581,56,alpha=1.3
2582,77,alpha=1.3
2583,88,alpha=1.3
2584,97,alpha=1.3
2585,82,alpha=1.3
2586,77,alpha=1.3
2587,81,alpha=1.3
2588,50,alpha=1.3
2589,62,alpha=1.3
2590,61,alpha=1.3
2591,60,alpha=1.3
2592,126,alpha=1.3
2593,69,alpha=1.3
2594,75,alpha=1.3
2595,79,alpha=1.3
2596,89,alpha=1.3
2597,182,alpha=1.3
2598,44,alpha=1.3
2599,35,alpha=1.3
2600,89,alpha=1.3
2601,59,alpha=1.3
2602,74,alpha=1.3
2603,246,alpha=1.3
2604,54,alpha=1.3
2605,99,alpha=1.3
2606,71,alpha=1.3
2607,60,alpha=1.3
2608,455,alpha=1.3
2609,87,alpha=1.3
2610,92,alpha=1.3
2611,78,alpha=1.3
2612,58,alpha=1.3
2613,937,alpha=1.3
2614,92,alpha=1.3
2615,104,alpha=1.3
2616,62,alpha=1.3
2617,87,alpha=1.3
2618,346,alpha=1.3
2619,68,alpha=1.3
2620,79,alpha=1.3
2621,125,alpha=1.3
2622,173,alpha=1.3
2623,92,alpha=1.3
2624,40,alpha=1.3
2625,58,alpha=1.3
2626,96,alpha=1.3
2627,91,alpha=1.3
2628,107,alpha=1.3
2629,105,alpha=1.3
2630,99,alpha=1.3
2631,75,alpha=1.3
2632,174,alpha=1.3
2633,90,alpha=1.3
2634,74,alpha=1.3
2635,112,alpha=1.3
2636,119,alpha=1.3
2637,60,alpha=1.3
2638,55,alpha=1.3
2639,113,alpha=1.3
2640,28,alpha=1.3
2641,53,alpha=1.3
2642,104,alpha=1.3
2643,209,alpha=1.3
2644,206,alpha=1.3
2645,81,alpha=1.3
2646,64,alpha=1.3
2647,229,alpha=1.3
2648,70,alpha=1.3
2649,71,alpha=1.3
2650,75,alpha=1.3
2651,85,alpha=1.3
2652,61,alpha=1.3
2653,126,alpha=1.3
2654,102,alpha=1.3
2655,140,alpha=1.3
2656,61,alpha=1.3
2657,94,alpha=1.3
2658,71,alpha=1.3
2659,86,alpha=1.3
2660,104,alpha=1.3
2661,84,alpha=1.3
2662,108,alpha=1.3
2663,52,alpha=1.3
2664,518,alpha=1.3
2665,61,alpha=1.3
2666,75,alpha=1.3
2667,51,alpha=1.3
2668,40,alpha=1.3
2669,54,alpha=1.3
2670,52,alpha=1.3
2671,116,alpha=1.3
2672,128,alpha=1.3
2673,154,alpha=1.3
2674,111,alpha=1.3
2675,84,alpha=1.3
2676,100,alpha=1.3
2677,92,alpha=1.3
2678,89,alpha=1.3
2679,72,alpha=1.3
2680,101,alpha=1.3
2681,87,alpha=1.3
2682,42,alpha=1.3
2683,80,alpha=1.3
2684,83,alpha=1.3
2685,106,alpha=1.3
2686,85,alpha=1.3
2687,49,alpha=1.3
2688,73,alpha=1.3
2689,39,alpha=1.3
2690,73,alpha=1.3
2691,70,alpha=1.3
2692,62,alpha=1.3
2693,112,alpha=1.3
2694,185,alpha=1.3
2695,62,alpha=1.3
2696,82,alpha=1.3
2697,96,alpha=1.3
2698,73,alpha=1.3
2699,59,alpha=1.3
2700,83,alpha=1.3
2701,58,alpha=1.3
2702,120,alpha=1.3
2703,63,alpha=1.3
2704,47,alpha=1.3
2705,93,alpha=1.3
2706,90,alpha=1.3
2707,81,alpha=1.3
2708,128,alpha=1.3
2709,73,alpha=1.3
2710,101,alpha=1.3
2711,135,alpha=1.3
2712,78,alpha=1.3
2713,224,alpha=1.3
2714,93,alpha=1.3
2715,46,alpha=1.3
2716,67,alpha=1.3
2717,39,alpha=1.3
2718,67,alpha=1.3
2719,64,alpha=1.3
2720,61,alpha=1.3
2721,69,alpha=1.3
2722,73,alpha=1.3
2723,72,alpha=1.3
2724,83,alpha=1.3
2725,79,alpha=1.3
2726,77,alpha=1.3
2727,497,alpha=1.3
2728,66,alpha=1.3
2729,109,alpha=1.3
2730,72,alpha=1.3
2731,74,alpha=1.3
2732,100,alpha=1.3
2733,52,alpha=1.3
2734,67,alpha=1.3
2735,137,alpha=1.3
2736,69,alpha=1.3
2737,43,alpha=1.3
2738,75,alpha=1.3
2739,65,alpha=1.3
2740,128,alpha=1.3
2741,113,alpha=1.3
2742,144,alpha=1.3
2743,50,alpha=1.3
2744,60,alpha=1.3
2745,56,alpha=1.3
2746,92,alpha=1.3
2747,163,alpha=1.3
2748,71,alpha=1.3
2749,958,alpha=1.3
2750,83,alpha=1.3
2751,110,alpha=1.3
2752,62,alpha=1.3
2753,62,alpha=1.3
2754,61,alpha=1.3
2755,402,alpha=1.3
2756,78,alpha=1.3
2757,59,alpha=1.3
2758,59,alpha=1.3
2759,202,alpha=1.3
2760,64,alpha=1.3
2761,136,alpha=1.3
2762,79,alpha=1.3
2763,57,alpha=1.3
2764,191,alpha=1.3
2765,145,alpha=1.3
2766,81,alpha=1.3
2767,73,alpha=1.3
2768,96,alpha=1.3
2769,74,alpha=1.3
2770,153,alpha=1.3
2771,100,alpha=1.3
2772,72,alpha=1.3
2773,109,alpha=1.3
2774,77,alpha=1.3
2775,72,alpha=1.3
2776,69,alpha=1.3
2777,111,alpha=1.3
2778,235,alpha=1.3
2779,72,alpha=1.3
2780,140,alpha=1.3
2781,67,alpha=1.3
2782,64,alpha=1.3
2783,47,alpha=1.3
2784,100,alpha=1.3
2785,136,alpha=1.3
2786,81,alpha=1.3
2787,322,alpha=1.3
2788,100,alpha=1.3
2789,104,alpha=1.3
2790,75,alpha=1.3
2791,105,alpha=1.3
2792,48,alpha=1.3
2793,88,alpha=1.3
2794,130,alpha=1.3
2795,77,alpha=1.3
2796,44,alpha=1.3
2797,83,alpha=1.3
2798,73,alpha=1.3
2799,131,alpha=1.3
2800,107,alpha=1.3
2801,76,alpha=1.3
2802,110,alpha=1.3
2803,83,alpha=1.3
2804,73,alpha=1.3
2805,113,alpha=1.3
2806,109,alpha=1.3
2807,91,alpha=1.3
2808,90,alpha=1.3
2809,67,alpha=1.3
2810,78,alpha=1.3
2811,172,alpha=1.3
2812,145,alpha=1.3
2813,48,alpha=1.3
2814,66,alpha=1.3
2815,75,alpha=1.3
2816,118,alpha=1.3
2817,70,alpha=1.3
2818,85,alpha=1.3
2819,71,alpha=1.3
2820,133,alpha=1.3
2821,64,alpha=1.3
2822,86,alpha=1.3
2823,52,alpha=1.3
2824,99,alpha=1.3
2825,246,alpha=1.3
2826,59,alpha=1.3
2827,73,alpha=1.3
2828,113,alpha=1.3
2829,93,alpha=1.3
2830,76,alpha=1.3
2831,65,alpha=1.3
2832,55,alpha=1.3
2833,57,alpha=1.3
2834,82,alpha=1.3
2835,36,alpha=1.3
2836,95,alpha=1.3
2837,62,alpha=1.3
2838,101,alpha=1.3
2839,205,alpha=1.3
2840,56,alpha=1.3
2841,51,alpha=1.3
2842,75,alpha=1.3
2843,60,alpha=1.3
2844,118,alpha=1.3
2845,80,alpha=1.3
2846,33,alpha=1.3
2847,88,alpha=1.3
2848,117,alpha=1.3
2849,57,alpha=1.3
2850,44,alpha=1.3
2851,98,alpha=1.3
2852,72,alpha=1.3
2853,37,alpha=1.3
2854,72,alpha=1.3
2855,76,alpha=1.3
2856,101,alpha=1.3
2857,87,alpha=1.3
2858,65,alpha=1.3
2859,61,alpha=1.3
2860,64,alpha=1.3
2861,109,alpha=1.3
2862,65,alpha=1.3
2863,71,alpha=1.3
2864,133,alpha=1.3
2865,62,alpha=1.3
2866,102,alpha=1.3
2867,89,alpha=1.3
2868,63,alpha=1.3
2869,70,alpha=1.3
2870,68,alpha=1.3
2871,49,alpha=1.3
2872,233,alpha=1.3
2873,68,alpha=1.3
2874,84,alpha=1.3
2875,70,alpha=1.3
2876,86,alpha=1.3
2877,72,alpha=1.3
2878,79,alpha=1.3
2879,63,alpha=1.3
2880,86,alpha=1.3
2881,125,alpha=1.3
2882,132,alpha=1.3
2883,66,alpha=1.3
2884,148,alpha=1.3
2885,97,alpha=1.3
2886,101,alpha=1.3
2887,52,alpha=1.3
2888,105,alpha=1.3
2889,79,alpha=1.3
2890,735,alpha=1.3
2891,82,alpha=1.3
2892,71,alpha=1.3
2893,193,alpha=1.3
2894,104,alpha=1.3
2895,186,alpha=1.3
2896,100,alpha=1.3
2897,95,alpha=1.3
2898,729,alpha=1.3
2899,82,alpha=1.3
2900,42,alpha=1.3
2901,90,alpha=1.3
2902,56,alpha=1.3
2903,128,alpha=1.3
2904,2107,alpha=1.3
2905,10,alpha=1.3
2906,102,alpha=1.3
2907,111,alpha=1.3
2908,142,alpha=1.3
2909,76,alpha=1.3
2910,66,alpha=1.3
2911,97,alpha=1.3
2912,113,alpha=1.3
2913,78,alpha=1.3
2914,83,alpha=1.3
2915,66,alpha=1.3
2916,82,alpha=1.3
2917,46,alpha=1.3
2918,50,alpha=1.3
2919,75,alpha=1.3
2920,126,alpha=1.3
2921,103,alpha=1.3
2922,62,alpha=1.3
2923,76,alpha=1.3
2924,111,alpha=1.3
2925,172,alpha=1.3
2926,109,alpha=1.3
2927,110,alpha=1.3
2928,121,alpha=1.3
2929,75,alpha=1.3
2930,79,alpha=1.3
2931,119,alpha=1.3
2932,138,alpha=1.3
2933,93,alpha=1.3
2934,199,alpha=1.3
2935,60,alpha=1.3
2936,79,alpha=1.3
2937,119,alpha=1.3
2938,119,alpha=1.3
2939,62,alpha=1.3
2940,113,alpha=1.3
2941,96,alpha=1.3
2942,245,alpha=1.3
2943,61,alpha=1.3
2944,111,alpha=1.3
2945,90,alpha=1.3
2946,20,alpha=1.3
2947,87,alpha=1.3
2948,82,alpha=1.3
2949,120,alpha=1.3
2950,49,alpha=1.3
2951,57,alpha=1.3
2952,51,alpha=1.3
2953,93,alpha=1.3
2954,44,alpha=1.3
2955,123,alpha=1.3
2956,24,alpha=1.3
2957,39,alpha=1.3
2958,112,alpha=1.3
2959,79,alpha=1.3
2960,43,alpha=1.3
2961,31,alpha=1.3
2962,50,alpha=1.3
2963,110,alpha=1.3
2964,113,alpha=1.3
2965,75,alpha=1.3
2966,105,alpha=1.3
2967,408,alpha=1.3
2968,97,alpha=1.3
2969,52,alpha=1.3
2970,26,alpha=1.3
2971,94,alpha=1.3
2972,138,alpha=1.3
2973,61,alpha=1.3
2974,101,alpha=1.3
2975,159,alpha=1.3
2976,98,alpha=1.3
2977,113,alpha=1.3
2978,41,alpha=1.3
2979,83,alpha=1.3
2980,92,alpha=1.3
2981,51,alpha=1.3
2982,102,alpha=1.3
2983,100,alpha=1.3
2984,48,alpha=1.3
2985,51,alpha=1.3
2986,94,alpha=1.3
2987,115,alpha=1.3
2988,39,alpha=1.3
2989,113,alpha=1.3
2990,105,alpha=1.3
2991,35,alpha=1.3
2992,15,alpha=1.3
2993,68,alpha=1.3
2994,156,alpha=1.3
2995,125,alpha=1.3
2996,97,alpha=1.3
2997,67,alpha=1.3
2998,50,alpha=1.3
2999,80,alpha=1.3
3000,234,alpha=1.3
3001,68,alpha=1.3
3002,109,alpha=1.3
3003,76,alpha=1.3
3004,251,alpha=1.3
3005,160,alpha=1.3
3006,124,alpha=1.3
3007,86,alpha=1.3
3008,73,alpha=1.3
3009,50,alpha=1.3
3010,93,alpha=1.3
3011,28,alpha=1.3
3012,65,alpha=1.3
3013,60,alpha=1.3
3014,89,alpha=1.3
3015,10,alpha=1.3
3016,52,alpha=1.3
3017,134,alpha=1.3
3018,69,alpha=1.3
3019,40,alpha=1.3
3020,79,alpha=1.3
3021,76,alpha=1.3
3022,109,alpha=1.3
3023,142,alpha=1.3
3024,63,alpha=1.3
3025,118,alpha=1.3
3026,58,alpha=1.3
3027,75,alpha=1.3
3028,90,alpha=1.3
3029,124,alpha=1.3
3030,60,alpha=1.3
3031,66,alpha=1.3
3032,114,alpha=1.3
3033,160,alpha=1.3
3034,93,alpha=1.3
3035,72,alpha=1.3
3036,164,alpha=1.3
3037,96,alpha=1.3
3038,51,alpha=1.3
3039,73,alpha=1.3
3040,22,alpha=1.3
3041,89,alpha=1.3
3042,191,alpha=1.3
3043,49,alpha=1.3
3044,71,alpha=1.3
3045,137,alpha=1.3
3046,128,alpha=1.3
3047,76,alpha=1.3
3048,99,alpha=1.3
3049,65,alpha=1.3
3050,135,alpha=1.3
3051,127,alpha=1.3
3052,91,alpha=1.3
3053,48,alpha=1.3
3054,88,alpha=1.3
3055,88,alpha=1.3
3056,66,alpha=1.3
3057,56,alpha=1.3
3058,58,alpha=1.3
3059,62,alpha=1.3
3060,50,alpha=1.3
3061,94,alpha=1.3
3062,30,alpha=1.3
3063,55,alpha=1.3
3064,186,alpha=1.3
3065,70,alpha=1.3
3066,51,alpha=1.3
3067,105,alpha=1.3
3068,186,alpha=1.3
3069,86,alpha=1.3
3070,142,alpha=1.3
3071,72,alpha=1.3
3072,112,alpha=1.3
3073,58,alpha=1.3
3074,49,alpha=1.3
3075,74,alpha=1.3
3076,170,alpha=1.3
3077,75,alpha=1.3
3078,79,alpha=1.3
3079,49,alpha=1.3
3080,95,alpha=1.3
3081,77,alpha=1.3
3082,105,alpha=1.3
3083,82,alpha=1.3
3084,163,alpha=1.3
3085,112,alpha=1.3
3086,138,alpha=1.3
3087,146,alpha=1.3
3088,129,alpha=1.3
3089,349,alpha=1.3
3090,160,alpha=1.3
3091,120,alpha=1.3
3092,94,alpha=1.3
3093,113,alpha=1.3
3094,91,alpha=1.3
3095,54,alpha=1.3
3096,79,alpha=1.3
3097,74,alpha=1.3
3098,80,alpha=1.3
3099,64,alpha=1.3
3100,80,alpha=1.3
3101,114,alpha=1.3
3102,107,alpha=1.3
3103,53,alpha=1.3
3104,89,alpha=1.3
3105,72,alpha=1.3
3106,65,alpha=1.3
3107,105,alpha=1.3
3108,81,alpha=1.3
3109,72,alpha=1.3
3110,138,alpha=1.3
3111,49,alpha=1.3
3112,127,alpha=1.3
3113,79,alpha=1.3
3114,71,alpha=1.3
3115,81,alpha=1.3
3116,95,alpha=1.3
3117,48,alpha=1.3
3118,65,alpha=1.3
3119,93,alpha=1.3
3120,192,alpha=1.3
3121,87,alpha=1.3
3122,302,alpha=1.3
3123,155,alpha=1.3
3124,72,alpha=1.3
3125,58,alpha=1.3
3126,84,alpha=1.3
3127,62,alpha=1.3
3128,95,alpha=1.3
3129,327,alpha=1.3
3130,113,alpha=1.3
3131,61,alpha=1.3
3132,91,alpha=1.3
3133,90,alpha=1.3
3134,220,alpha=1.3
3135,138,alpha=1.3
3136,80,alpha=1.3
3137,147,alpha=1.3
3138,46,alpha=1.3
3139,87,alpha=1.3
3140,113,alpha=1.3
3141,74,alpha=1.3
3142,60,alpha=1.3
3143,82,alpha=1.3
3144,233,alpha=1.3
3145,91,alpha=1.3
3146,79,alpha=1.3
3147,178,alpha=1.3
3148,92,alpha=1.3
3149,40,alpha=1.3
3150,92,alpha=1.3
3151,123,alpha=1.3
3152,104,alpha=1.3
3153,66,alpha=1.3
3154,66,alpha=1.3
3155,81,alpha=1.3
3156,140,alpha=1.3
3157,133,alpha=1.3
3158,177,alpha=1.3
3159,91,alpha=1.3
3160,113,alpha=1.3
3161,84,alpha=1.3
3162,51,alpha=1.3
3163,96,alpha=1.3
3164,57,alpha=1.3
3165,84,alpha=1.3
3166,462,alpha=1.3
3167,126,alpha=1.3
3168,81,alpha=1.3
3169,37,alpha=1.3
3170,175,alpha=1.3
3171,57,alpha=1.3
3172,90,alpha=1.3
3173,78,alpha=1.3
3174,222,alpha=1.3
3175,71,alpha=1.3
3176,70,alpha=1.3
3177,93,alpha=1.3
3178,81,alpha=1.3
3179,66,alpha=1.3
3180,199,alpha=1.3
3181,64,alpha=1.3
3182,101,alpha=1.3
3183,79,alpha=1.3
3184,69,alpha=1.3
3185,102,alpha=1.3
3186,93,alpha=1.3
3187,43,alpha=1.3
3188,34,alpha=1.3
3189,79,alpha=1.3
3190,75,alpha=1.3
3191,61,alpha=1.3
3192,169,alpha=1.3
3193,238,alpha=1.3
3194,82,alpha=1.3
3195,43,alpha=1.3
3196,62,alpha=1.3
3197,74,alpha=1.3
3198,138,alpha=1.3
3199,72,alpha=1.3
3200,65,alpha=1.3
3201,90,alpha=1.3
3202,217,alpha=1.3
3203,98,alpha=1.3
3204,62,alpha=1.3
3205,78,alpha=1.3
3206,231,alpha=1.3
3207,71,alpha=1.3
3208,64,alpha=1.3
3209,30,alpha=1.3
3210,72,alpha=1.3
3211,81,alpha=1.3
3212,65,alpha=1.3
3213,80,alpha=1.3
3214,203,alpha=1.3
3215,103,alpha=1.3
3216,122,alpha=1.3
3217,66,alpha=1.3
3218,301,alpha=1.3
3219,108,alpha=1.3
3220,55,alpha=1.3
3221,99,alpha=1.3
3222,71,alpha=1.3
3223,64,alpha=1.3
3224,109,alpha=1.3
3225,92,alpha=1.3
3226,72,alpha=1.3
3227,69,alpha=1.3
3228,106,alpha=1.3
3229,67,alpha=1.3
3230,50,alpha=1.3
3231,55,alpha=1.3
3232,39,alpha=1.3
3233,120,alpha=1.3
3234,94,alpha=1.3
3235,58,alpha=1.3
3236,49,alpha=1.3
3237,82,alpha=1.3
3238,86,alpha=1.3
3239,118,alpha=1.3
3240,58,alpha=1.3
3241,85,alpha=1.3
3242,38,alpha=1.3
3243,65,alpha=1.3
3244,71,alpha=1.3
3245,87,alpha=1.3
3246,75,alpha=1.3
3247,99,alpha=1.3
3248,191,alpha=1.3
3249,40,alpha=1.3
3250,57,alpha=1.3
3251,92,alpha=1.3
3252,62,alpha=1.3
3253,105,alpha=1.3
3254,95,alpha=1.3
3255,69,alpha=1.3
3256,57,alpha=1.3
3257,71,alpha=1.3
3258,64,alpha=1.3
3259,82,alpha=1.3
3260,60,alpha=1.3
3261,87,alpha=1.3
3262,75,alpha=1.3
3263,72,alpha=1.3
3264,59,alpha=1.3
3265,80,alpha=1.3
3266,68,alpha=1.3
3267,44,alpha=1.3
3268,140,alpha=1.3
3269,84,alpha=1.3
3270,70,alpha=1.3
3271,85,alpha=1.3
3272,109,alpha=1.3
3273,59,alpha=1.3
3274,18,alpha=1.3
3275,44,alpha=1.3
3276,184,alpha=1.3
3277,67,alpha=1.3
3278,66,alpha=1.3
3279,99,alpha=1.3
3280,72,alpha=1.3
3281,106,alpha=1.3
3282,98,alpha=1.3
3283,55,alpha=1.3
3284,65,alpha=1.3
3285,84,alpha=1.3
3286,76,alpha=1.3
3287,46,alpha=1.3
3288,157,alpha=1.3
3289,73,alpha=1.3
3290,78,alpha=1.3
3291,147,alpha=1.3
3292,87,alpha=1.3
3293,96,alpha=1.3
3294,40,alpha=1.3
3295,104,alpha=1.3
3296,63,alpha=1.3
3297,76,alpha=1.3
3298,72,alpha=1.3
3299,41,alpha=1.3
3300,70,alpha=1.3
3301,86,alpha=1.3
3302,96,alpha=1.3
3303,103,alpha=1.3
3304,62,alpha=1.3
3305,76,alpha=1.3
3306,110,alpha=1.3
3307,188,alpha=1.3
3308,64,alpha=1.3
3309,96,alpha=1.3
3310,58,alpha=1.3
3311,115,alpha=1.3
3312,100,alpha=1.3
3313,72,alpha=1.3
3314,68,alpha=1.3
3315,73,alpha=1.3
3316,94,alpha=1.3
3317,89,alpha=1.3
3318,115,alpha=1.3
3319,62,alpha=1.3
3320,74,alpha=1.3
3321,92,alpha=1.3
3322,86,alpha=1.3
3323,96,alpha=1.3
3324,62,alpha=1.3
3325,85,alpha=1.3
3326,75,alpha=1.3
3327,165,alpha=1.3
3328,45,alpha=1.3
3329,99,alpha=1.3
3330,134,alpha=1.3
3331,79,alpha=1.3
3332,48,alpha=1.3
3333,72,alpha=1.3
3334,101,alpha=1.3
3335,91,alpha=1.3
3336,75,alpha=1.3
3337,144,alpha=1.3
3338,129,alpha=1.3
3339,58,alpha=1.3
3340,55,alpha=1.3
3341,141,alpha=1.3
3342,93,alpha=1.3
3343,64,alpha=1.3
3344,68,alpha=1.3
3345,170,alpha=1.3
3346,87,alpha=1.3
3347,141,alpha=1.3
3348,73,alpha=1.3
3349,103,alpha=1.3
3350,54,alpha=1.3
3351,99,alpha=1.3
3352,67,alpha=1.3
3353,106,alpha=1.3
3354,45,alpha=1.3
3355,136,alpha=1.3
3356,141,alpha=1.3
3357,117,alpha=1.3
3358,62,alpha=1.3
3359,96,alpha=1.3
3360,69,alpha=1.3
3361,69,alpha=1.3
3362,202,alpha=1.3
3363,115,alpha=1.3
3364,95,alpha=1.3
3365,82,alpha=1.3
3366,93,alpha=1.3
3367,39,alpha=1.3
3368,190,alpha=1.3
3369,159,alpha=1.3
3370,128,alpha=1.3
3371,84,alpha=1.3
3372,59,alpha=1.3
3373,93,alpha=1.3
3374,424,alpha=1.3
3375,50,alpha=1.3
3376,100,alpha=1.3
3377,72,alpha=1.3
3378,40,alpha=1.3
3379,131,alpha=1.3
3380,64,alpha=1.3
3381,59,alpha=1.3
3382,49,alpha=1.3
3383,78,alpha=1.3
3384,116,alpha=1.3
3385,56,alpha=1.3
3386,130,alpha=1.3
3387,59,alpha=1.3
3388,65,alpha=1.3
3389,98,alpha=1.3
3390,109,alpha=1.3
3391,139,alpha=1.3
3392,98,alpha=1.3
3393,75,alpha=1.3
3394,104,alpha=1.3
3395,66,alpha=1.3
3396,106,alpha=1.3
3397,75,alpha=1.3
3398,69,alpha=1.3
3399,71,alpha=1.3
3400,62,alpha=1.3
3401,79,alpha=1.3
3402,77,alpha=1.3
3403,123,alpha=1.3
3404,72,alpha=1.3
3405,74,alpha=1.3
3406,75,alpha=1.3
3407,83,alpha=1.3
3408,95,alpha=1.3
3409,115,alpha=1.3
3410,107,alpha=1.3
3411,207,alpha=1.3
3412,90,alpha=1.3
3413,110,alpha=1.3
3414,88,alpha=1.3
3415,99,alpha=1.3
3416,71,alpha=1.3
3417,76,alpha=1.3
3418,106,alpha=1.3
3419,49,alpha=1.3
3420,90,alpha=1.3
3421,77,alpha=1.3
3422,92,alpha=1.3
3423,48,alpha=1.3
3424,87,alpha=1.3
3425,93,alpha=1.3
3426,81,alpha=1.3
3427,60,alpha=1.3
3428,65,alpha=1.3
3429,57,alpha=1.3
3430,88,alpha=1.3
3431,97,alpha=1.3
3432,99,alpha=1.3
3433,128,alpha=1.3
3434,92,alpha=1.3
3435,52,alpha=1.3
3436,68,alpha=1.3
3437,66,alpha=1.3
3438,123,alpha=1.3
3439,191,alpha=1.3
3440,90,alpha=1.3
3441,72,alpha=1.3
3442,58,alpha=1.3
3443,90,alpha=1.3
3444,74,alpha=1.3
3445,88,alpha=1.3
3446,88,alpha=1.3
3447,64,alpha=1.3
3448,78,alpha=1.3
3449,101,alpha=1.3
3450,139,alpha=1.3
3451,90,alpha=1.3
3452,110,alpha=1.3
3453,78,alpha=1.3
3454,99,alpha=1.3
3455,69,alpha=1.3
3456,109,alpha=1.3
3457,99,alpha=1.3
3458,63,alpha=1.3
3459,96,alpha=1.3
3460,142,alpha=1.3
3461,57,alpha=1.3
3462,59,alpha=1.3
3463,66,alpha=1.3
3464,85,alpha=1.3
3465,73,alpha=1.3
3466,90,alpha=1.3
3467,112,alpha=1.3
3468,98,alpha=1.3
3469,62,alpha=1.3
3470,86,alpha=1.3
3471,54,alpha=1.3
3472,73,alpha=1.3
3473,161,alpha=1.3
3474,75,alpha=1.3
3475,112,alpha=1.3
3476,80,alpha=1.3
3477,112,alpha=1.3
3478,46,alpha=1.3
3479,62,alpha=1.3
3480,117,alpha=1.3
3481,86,alpha=1.3
3482,52,alpha=1.3
3483,146,alpha=1.3
3484,44,alpha=1.3
3485,150,alpha=1.3
3486,54,alpha=1.3
3487,81,alpha=1.3
3488,48,alpha=1.3
3489,98,alpha=1.3
3490,274,alpha=1.3
3491,100,alpha=1.3
3492,74,alpha=1.3
3493,80,alpha=1.3
3494,92,alpha=1.3
3495,212,alpha=1.3
3496,67,alpha=1.3
3497,86,alpha=1.3
3498,68,alpha=1.3
3499,60,alpha=1.3
3500,56,alpha=1.3
3501,108,alpha=1.3
3502,73,alpha=1.3
3503,260,alpha=1.3
3504,81,alpha=1.3
3505,95,alpha=1.3
3506,320,alpha=1.3
3507,94,alpha=1.3
3508,106,alpha=1.3
3509,254,alpha=1.3
3510,79,alpha=1.3
3511,78,alpha=1.3
3512,99,alpha=1.3
3513,80,alpha=1.3
3514,113,alpha=1.3
3515,80,alpha=1.3
3516,69,alpha=1.3
3517,60,alpha=1.3
3518,77,alpha=1.3
3519,45,alpha=1.3
3520,4174,alpha=1.3
3521,59,alpha=1.3
3522,49,alpha=1.3
3523,124,alpha=1.3
3524,104,alpha=1.3
3525,112,alpha=1.3
3526,79,alpha=1.3
3527,67,alpha=1.3
3528,76,alpha=1.3
3529,132,alpha=1.3
3530,39,alpha=1.3
3531,75,alpha=1.3
3532,93,alpha=1.3
3533,52,alpha=1.3
3534,58,alpha=1.3
3535,59,alpha=1.3
3536,69,alpha=1.3
3537,33,alpha=1.3
3538,73,alpha=1.3
3539,126,alpha=1.3
3540,99,alpha=1.3
3541,217,alpha=1.3
3542,126,alpha=1.3
3543,89,alpha=1.3
3544,244,alpha=1.3
3545,156,alpha=1.3
3546,93,alpha=1.3
3547,83,alpha=1.3
3548,82,alpha=1.3
3549,216,alpha=1.3
3550,336,alpha=1.3
3551,156,alpha=1.3
3552,106,alpha=1.3
3553,111,alpha=1.3
3554,85,alpha=1.3
3555,64,alpha=1.3
3556,96,alpha=1.3
3557,88,alpha=1.3
3558,96,alpha=1.3
3559,109,alpha=1.3
3560,380,alpha=1.3
3561,260,alpha=1.3
3562,100,alpha=1.3
3563,57,alpha=1.3
3564,90,alpha=1.3
3565,54,alpha=1.3
3566,64,alpha=1.3
3567,73,alpha=1.3
3568,51,alpha=1.3
3569,49,alpha=1.3
3570,82,alpha=1.3
3571,106,alpha=1.3
3572,126,alpha=1.3
3573,82,alpha=1.3
3574,82,alpha=1.3
3575,94,alpha=1.3
3576,69,alpha=1.3
3577,99,alpha=1.3
3578,80,alpha=1.3
3579,82,alpha=1.3
3580,156,alpha=1.3
3581,88,alpha=1.3
3582,45,alpha=1.3
3583,71,alpha=1.3
3584,132,alpha=1.3
3585,109,alpha=1.3
3586,49,alpha=1.3
3587,101,alpha=1.3
3588,120,alpha=1.3
3589,73,alpha=1.3
3590,109,alpha=1.3
3591,62,alpha=1.3
3592,80,alpha=1.3
3593,219,alpha=1.3
3594,68,alpha=1.3
3595,87,alpha=1.3
3596,104,alpha=1.3
3597,112,alpha=1.3
3598,82,alpha=1.3
3599,146,alpha=1.3
3600,65,alpha=1.3
3601,68,alpha=1.3
3602,65,alpha=1.3
3603,167,alpha=1.3
3604,104,alpha=1.3
3605,98,alpha=1.3
3606,83,alpha=1.3
3607,194,alpha=1.3
3608,75,alpha=1.3
3609,155,alpha=1.3
3610,178,alpha=1.3
3611,986,alpha=1.3
3612,61,alpha=1.3
3613,43,alpha=1.3
3614,94,alpha=1.3
3615,91,alpha=1.3
3616,57,alpha=1.3
3617,87,alpha=1.3
3618,112,alpha=1.3
3619,80,alpha=1.3
3620,77,alpha=1.3
3621,71,alpha=1.3
3622,146,alpha=1.3
3623,99,alpha=1.3
3624,83,alpha=1.3
3625,84,alpha=1.3
3626,101,alpha=1.3
3627,109,alpha=1.3
3628,70,alpha=1.3
3629,112,alpha=1.3
3630,57,alpha=1.3
3631,86,alpha=1.3
3632,65,alpha=1.3
3633,108,alpha=1.3
3634,48,alpha=1.3
3635,36,alpha=1.3
3636,49,alpha=1.3
3637,82,alpha=1.3
3638,68,alpha=1.3
3639,66,alpha=1.3
3640,60,alpha=1.3
3641,70,alpha=1.3
3642,51,alpha=1.3
3643,90,alpha=1.3
3644,75,alpha=1.3
3645,53,alpha=1.3
3646,48,alpha=1.3
3647,119,alpha=1.3
3648,112,alpha=1.3
3649,99,alpha=1.3
3650,57,alpha=1.3
3651,87,alpha=1.3
3652,48,alpha=1.3
3653,98,alpha=1.3
3654,75,alpha=1.3
3655,89,alpha=1.3
3656,91,alpha=1.3
3657,102,alpha=1.3
3658,121,alpha=1.3
3659,75,alpha=1.3
3660,74,alpha=1.3
3661,118,alpha=1.3
3662,85,alpha=1.3
3663,73,alpha=1.3
3664,177,alpha=1.3
3665,49,alpha=1.3
3666,109,alpha=1.3
3667,60,alpha=1.3
3668,145,alpha=1.3
3669,68,alpha=1.3
3670,269,alpha=1.3
3671,114,alpha=1.3
3672,70,alpha=1.3
3673,66,alpha=1.3
3674,345,alpha=1.3
3675,45,alpha=1.3
3676,102,alpha=1.3
3677,55,alpha=1.3
3678,103,alpha=1.3
3679,69,alpha=1.3
3680,57,alpha=1.3
3681,58,alpha=1.3
3682,123,alpha=1.3
3683,54,alpha=1.3
3684,69,alpha=1.3
3685,44,alpha=1.3
3686,64,alpha=1.3
3687,70,alpha=1.3
3688,674,alpha=1.3
3689,92,alpha=1.3
3690,101,alpha=1.3
3691,156,alpha=1.3
3692,71,alpha=1.3
3693,98,alpha=1.3
3694,133,alpha=1.3
3695,71,alpha=1.3
3696,67,alpha=1.3
3697,61,alpha=1.3
3698,81,alpha=1.3
3699,98,alpha=1.3
3700,63,alpha=1.3
3701,82,alpha=1.3
3702,71,alpha=1.3
3703,57,alpha=1.3
3704,144,alpha=1.3
3705,86,alpha=1.3
3706,112,alpha=1.3
3707,78,alpha=1.3
3708,71,alpha=1.3
3709,76,alpha=1.3
3710,72,alpha=1.3
3711,44,alpha=1.3
3712,140,alpha=1.3
3713,56,alpha=1.3
3714,178,alpha=1.3
3715,97,alpha=1.3
3716,73,alpha=1.3
3717,66,alpha=1.3
3718,103,alpha=1.3
3719,48,alpha=1.3
3720,80,alpha=1.3
3721,80,alpha=1.3
3722,43,alpha=1.3
3723,80,alpha=1.3
3724,76,alpha=1.3
3725,201,alpha=1.3
3726,84,alpha=1.3
3727,112,alpha=1.3
3728,77,alpha=1.3
3729,120,alpha=1.3
3730,99,alpha=1.3
3731,192,alpha=1.3
3732,41,alpha=1.3
3733,90,alpha=1.3
3734,175,alpha=1.3
3735,70,alpha=1.3
3736,58,alpha=1.3
3737,92,alpha=1.3
3738,111,alpha=1.3
3739,74,alpha=1.3
3740,233,alpha=1.3
3741,69,alpha=1.3
3742,58,alpha=1.3
3743,65,alpha=1.3
3744,102,alpha=1.3
3745,75,alpha=1.3
3746,72,alpha=1.3
3747,66,alpha=1.3
3748,92,alpha=1.3
3749,66,alpha=1.3
3750,121,alpha=1.3
3751,66,alpha=1.3
3752,93,alpha=1.3
3753,64,alpha=1.3
3754,65,alpha=1.3
3755,85,alpha=1.3
3756,234,alpha=1.3
3757,96,alpha=1.3
3758,77,alpha=1.3
3759,100,alpha=1.3
3760,88,alpha=1.3
3761,74,alpha=1.3
3762,243,alpha=1.3
3763,76,alpha=1.3
3764,152,alpha=1.3
3765,80,alpha=1.3
3766,88,alpha=1.3
3767,83,alpha=1.3
3768,175,alpha=1.3
3769,71,alpha=1.3
3770,87,alpha=1.3
3771,109,alpha=1.3
3772,84,alpha=1.3
3773,175,alpha=1.3
3774,62,alpha=1.3
3775,99,alpha=1.3
3776,81,alpha=1.3
3777,74,alpha=1.3
3778,59,alpha=1.3
3779,57,alpha=1.3
3780,62,alpha=1.3
3781,163,alpha=1.3
3782,83,alpha=1.3
3783,83,alpha=1.3
3784,74,alpha=1.3
3785,129,alpha=1.3
3786,77,alpha=1.3
3787,65,alpha=1.3
3788,9,alpha=1.3
3789,180,alpha=1.3
3790,77,alpha=1.3
3791,79,alpha=1.3
3792,84,alpha=1.3
3793,31,alpha=1.3
3794,304,alpha=1.3
3795,65,alpha=1.3
3796,80,alpha=1.3
3797,79,alpha=1.3
3798,98,alpha=1.3
3799,47,alpha=1.3
3800,98,alpha=1.3
3801,59,alpha=1.3
3802,91,alpha=1.3
3803,52,alpha=1.3
3804,398,alpha=1.3
3805,60,alpha=1.3
3806,88,alpha=1.3
3807,207,alpha=1.3
3808,68,alpha=1.3
3809,91,alpha=1.3
3810,97,alpha=1.3
3811,118,alpha=1.3
3812,98,alpha=1.3
3813,92,alpha=1.3
3814,62,alpha=1.3
3815,87,alpha=1.3
3816,130,alpha=1.3
3817,86,alpha=1.3
3818,61,alpha=1.3
3819,67,alpha=1.3
3820,61,alpha=1.3
3821,193,alpha=1.3
3822,93,alpha=1.3
3823,198,alpha=1.3
3824,50,alpha=1.3
3825,71,alpha=1.3
3826,55,alpha=1.3
3827,71,alpha=1.3
3828,84,alpha=1.3
3829,88,alpha=1.3
3830,58,alpha=1.3
3831,76,alpha=1.3
3832,154,alpha=1.3
3833,74,alpha=1.3
3834,54,alpha=1.3
3835,67,alpha=1.3
3836,90,alpha=1.3
3837,74,alpha=1.3
3838,82,alpha=1.3
3839,210,alpha=1.3
3840,58,alpha=1.3
3841,58,alpha=1.3
3842,72,alpha=1.3
3843,45,alpha=1.3
3844,85,alpha=1.3
3845,60,alpha=1.3
3846,189,alpha=1.3
3847,115,alpha=1.3
3848,64,alpha=1.3
3849,30,alpha=1.3
3850,191,alpha=1.3
3851,130,alpha=1.3
3852,71,alpha=1.3
3853,60,alpha=1.3
3854,66,alpha=1.3
3855,77,alpha=1.3
3856,68,alpha=1.3
3857,48,alpha=1.3
3858,76,alpha=1.3
3859,97,alpha=1.3
3860,886,alpha=1.3
3861,73,alpha=1.3
3862,123,alpha=1.3
3863,71,alpha=1.3
3864,68,alpha=1.3
3865,63,alpha=1.3
3866,67,alpha=1.3
3867,109,alpha=1.3
3868,76,alpha=1.3
3869,73,alpha=1.3
3870,85,alpha=1.3
3871,52,alpha=1.3
3872,53,alpha=1.3
3873,57,alpha=1.3
3874,90,alpha=1.3
3875,168,alpha=1.3
3876,84,alpha=1.3
3877,123,alpha=1.3
3878,74,alpha=1.3
3879,125,alpha=1.3
3880,77,alpha=1.3
3881,95,alpha=1.3
3882,46,alpha=1.3
3883,77,alpha=1.3
3884,58,alpha=1.3
3885,62,alpha=1.3
3886,96,alpha=1.3
3887,95,alpha=1.3
3888,82,alpha=1.3
3889,82,alpha=1.3
3890,65,alpha=1.3
3891,47,alpha=1.3
3892,93,alpha=1.3
3893,89,alpha=1.3
3894,124,alpha=1.3
3895,110,alpha=1.3
3896,62,alpha=1.3
3897,50,alpha=1.3
3898,101,alpha=1.3
3899,125,alpha=1.3
3900,240,alpha=1.3
3901,172,alpha=1.3
3902,79,alpha=1.3
3903,75,alpha=1.3
3904,123,alpha=1.3
3905,72,alpha=1.3
3906,68,alpha=1.3
3907,41,alpha=1.3
3908,73,alpha=1.3
3909,92,alpha=1.3
3910,167,alpha=1.3
3911,142,alpha=1.3
3912,53,alpha=1.3
3913,59,alpha=1.3
3914,51,alpha=1.3
3915,126,alpha=1.3
3916,132,alpha=1.3
3917,72,alpha=1.3
3918,73,alpha=1.3
3919,72,alpha=1.3
3920,59,alpha=1.3
3921,99,alpha=1.3
3922,79,alpha=1.3
3923,827,alpha=1.3
3924,69,alpha=1.3
3925,76,alpha=1.3
3926,124,alpha=1.3
3927,67,alpha=1.3
3928,60,alpha=1.3
3929,55,alpha=1.3
3930,139,alpha=1.3
3931,79,alpha=1.3
3932,57,alpha=1.3
3933,81,alpha=1.3
3934,69,alpha=1.3
3935,64,alpha=1.3
3936,63,alpha=1.3
3937,43,alpha=1.3
3938,46,alpha=1.3
3939,105,alpha=1.3
3940,97,alpha=1.3
3941,73,alpha=1.3
3942,57,alpha=1.3
3943,41,alpha=1.3
3944,121,alpha=1.3
3945,65,alpha=1.3
3946,96,alpha=1.3
3947,108,alpha=1.3
3948,92,alpha=1.3
3949,60,alpha=1.3
3950,52,alpha=1.3
3951,82,alpha=1.3
3952,89,alpha=1.3
3953,74,alpha=1.3
3954,85,alpha=1.3
3955,73,alpha=1.3
3956,63,alpha=1.3
3957,57,alpha=1.3
3958,63,alpha=1.3
3959,139,alpha=1.3
3960,95,alpha=1.3
3961,44,alpha=1.3
3962,57,alpha=1.3
3963,96,alpha=1.3
3964,60,alpha=1.3
3965,60,alpha=1.3
3966,92,alpha=1.3
3967,101,alpha=1.3
3968,109,alpha=1.3
3969,83,alpha=1.3
3970,164,alpha=1.3
3971,58,alpha=1.3
3972,46,alpha=1.3
3973,84,alpha=1.3
3974,60,alpha=1.3
3975,89,alpha=1.3
3976,57,alpha=1.3
3977,116,alpha=1.3
3978,60,alpha=1.3
3979,115,alpha=1.3
3980,96,alpha=1.3
3981,100,alpha=1.3
3982,78,alpha=1.3
3983,71,alpha=1.3
3984,198,alpha=1.3
3985,97,alpha=1.3
3986,168,alpha=1.3
3987,51,alpha=1.3
3988,66,alpha=1.3
3989,77,alpha=1.3
3990,39,alpha=1.3
3991,80,alpha=1.3
3992,65,alpha=1.3
3993,82,alpha=1.3
3994,146,alpha=1.3
3995,100,alpha=1.3
3996,89,alpha=1.3
3997,66,alpha=1.3
3998,80,alpha=1.3
3999,86,alpha=1.3
4000,93,alpha=1.3
4001,78,alpha=1.3
4002,112,alpha=1.3
4003,58,alpha=1.3
4004,81,alpha=1.3
4005,60,alpha=1.3
4006,112,alpha=1.3
4007,109,alpha=1.3
4008,71,alpha=1.3
4009,132,alpha=1.3
4010,110,alpha=1.3
4011,142,alpha=1.3
4012,68,alpha=1.3
4013,55,alpha=1.3
4014,46,alpha=1.3
4015,262,alpha=1.3
4016,151,alpha=1.3
4017,96,alpha=1.3
4018,63,alpha=1.3
4019,109,alpha=1.3
4020,49,alpha=1.3
4021,95,alpha=1.3
4022,107,alpha=1.3
4023,70,alpha=1.3
4024,78,alpha=1.3
4025,87,alpha=1.3
4026,36,alpha=1.3
4027,58,alpha=1.3
4028,92,alpha=1.3
4029,101,alpha=1.3
4030,112,alpha=1.3
4031,97,alpha=1.3
4032,1159,alpha=1.3
4033,76,alpha=1.3
4034,97,alpha=1.3
4035,66,alpha=1.3
4036,54,alpha=1.3
4037,60,alpha=1.3
4038,82,alpha=1.3
4039,78,alpha=1.3
4040,107,alpha=1.3
4041,64,alpha=1.3
4042,109,alpha=1.3
4043,101,alpha=1.3
4044,87,alpha=1.3
4045,132,alpha=1.3
4046,116,alpha=1.3
4047,88,alpha=1.3
4048,105,alpha=1.3
4049,62,alpha=1.3
4050,62,alpha=1.3
4051,89,alpha=1.3
4052,144,alpha=1.3
4053,88,alpha=1.3
4054,50,alpha=1.3
4055,99,alpha=1.3
4056,57,alpha=1.3
4057,87,alpha=1.3
4058,77,alpha=1.3
4059,44,alpha=1.3
4060,79,alpha=1.3
4061,55,alpha=1.3
4062,113,alpha=1.3
4063,142,alpha=1.3
4064,96,alpha=1.3
4065,72,alpha=1.3
4066,72,alpha=1.3
4067,67,alpha=1.3
4068,232,alpha=1.3
4069,131,alpha=1.3
4070,133,alpha=1.3
4071,80,alpha=1.3
4072,91,alpha=1.3
4073,54,alpha=1.3
4074,56,alpha=1.3
4075,92,alpha=1.3
4076,77,alpha=1.3
4077,109,alpha=1.3
4078,69,alpha=1.3
4079,36,alpha=1.3
4080,114,alpha=1.3
4081,67,alpha=1.3
4082,61,alpha=1.3
4083,50,alpha=1.3
4084,82,alpha=1.3
4085,91,alpha=1.3
4086,119,alpha=1.3
4087,97,alpha=1.3
4088,88,alpha=1.3
4089,79,alpha=1.3
4090,84,alpha=1.3
4091,75,alpha=1.3
4092,170,alpha=1.3
4093,110,alpha=1.3
4094,121,alpha=1.3
4095,79,alpha=1.3
4096,218,alpha=1.3
4097,53,alpha=1.3
4098,60,alpha=1.3
4099,470,alpha=1.3
4100,73,alpha=1.3
4101,111,alpha=1.3
4102,71,alpha=1.3
4103,115,alpha=1.3
4104,65,alpha=1.3
4105,78,alpha=1.3
4106,107,alpha=1.3
4107,381,alpha=1.3
4108,67,alpha=1.3
4109,66,alpha=1.3
4110,70,alpha=1.3
4111,83,alpha=1.3
4112,77,alpha=1.3
4113,100,alpha=1.3
4114,78,alpha=1.3
4115,95,alpha=1.3
4116,95,alpha=1.3
4117,161,alpha=1.3
4118,3994,alpha=1.3
4119,70,alpha=1.3
4120,162,alpha=1.3
4121,65,alpha=1.3
4122,67,alpha=1.3
4123,112,alpha=1.3
4124,1123,alpha=1.3
4125,75,alpha=1.3
4126,71,alpha=1.3
4127,87,alpha=1.3
4128,58,alpha=1.3
4129,81,alpha=1.3
4130,100,alpha=1.3
4131,75,alpha=1.3
4132,84,alpha=1.3
4133,76,alpha=1.3
4134,91,alpha=1.3
4135,98,alpha=1.3
4136,75,alpha=1.3
4137,80,alpha=1.3
4138,73,alpha=1.3
4139,72,alpha=1.3
4140,42,alpha=1.3
4141,81,alpha=1.3
4142,69,alpha=1.3
4143,115,alpha=1.3
4144,107,alpha=1.3
4145,54,alpha=1.3
4146,67,alpha=1.3
4147,98,alpha=1.3
4148,45,alpha=1.3
4149,98,alpha=1.3
4150,105,alpha=1.3
4151,68,alpha=1.3
4152,76,alpha=1.3
4153,66,alpha=1.3
4154,253,alpha=1.3
4155,47,alpha=1.3
4156,59,alpha=1.3
4157,65,alpha=1.3
4158,70,alpha=1.3
4159,120,alpha=1.3
4160,141,alpha=1.3
4161,85,alpha=1.3
4162,115,alpha=1.3
4163,87,alpha=1.3
4164,103,alpha=1.3
4165,99,alpha=1.3
4166,54,alpha=1.3
4167,149,alpha=1.3
4168,110,alpha=1.3
4169,113,alpha=1.3
4170,186,alpha=1.3
4171,95,alpha=1.3
4172,105,alpha=1.3
4173,74,alpha=1.3
4174,92,alpha=1.3
4175,134,alpha=1.3
4176,102,alpha=1.3
4177,62,alpha=1.3
4178,65,alpha=1.3
4179,153,alpha=1.3
4180,588,alpha=1.3
4181,49,alpha=1.3
4182,77,alpha=1.3
4183,91,alpha=1.3
4184,99,alpha=1.3
4185,145,alpha=1.3
4186,149,alpha=1.3
4187,86,alpha=1.3
4188,53,alpha=1.3
4189,63,alpha=1.3
4190,97,alpha=1.3
4191,52,alpha=1.3
4192,60,alpha=1.3
4193,44,alpha=1.3
4194,72,alpha=1.3
4195,95,alpha=1.3
4196,113,alpha=1.3
4197,76,alpha=1.3
4198,59,alpha=1.3
4199,78,alpha=1.3
4200,60,alpha=1.3
4201,63,alpha=1.3
4202,161,alpha=1.3
4203,115,alpha=1.3
4204,66,alpha=1.3
4205,88,alpha=1.3
4206,54,alpha=1.3
4207,83,alpha=1.3
4208,69,alpha=1.3
4209,117,alpha=1.3
4210,98,alpha=1.3
4211,132,alpha=1.3
4212,109,alpha=1.3
4213,47,alpha=1.3
4214,70,alpha=1.3
4215,93,alpha=1.3
4216,77,alpha=1.3
4217,75,alpha=1.3
4218,118,alpha=1.3
4219,37,alpha=1.3
4220,80,alpha=1.3
4221,67,alpha=1.3
4222,130,alpha=1.3
4223,57,alpha=1.3
4224,390,alpha=1.3
4225,65,alpha=1.3
4226,78,alpha=1.3
4227,84,alpha=1.3
4228,105,alpha=1.3
4229,111,alpha=1.3
4230,73,alpha=1.3
4231,82,alpha=1.3
4232,50,alpha=1.3
4233,89,alpha=1.3
4234,105,alpha=1.3
4235,145,alpha=1.3
4236,46,alpha=1.3
4237,76,alpha=1.3
4238,73,alpha=1.3
4239,141,alpha=1.3
4240,87,alpha=1.3
4241,83,alpha=1.3
4242,69,alpha=1.3
4243,72,alpha=1.3
4244,64,alpha=1.3
4245,63,alpha=1.3
4246,139,alpha=1.3
4247,97,alpha=1.3
4248,63,alpha=1.3
4249,116,alpha=1.3
4250,66,alpha=1.3
4251,63,alpha=1.3
4252,71,alpha=1.3
4253,34,alpha=1.3
4254,75,alpha=1.3
4255,80,alpha=1.3
4256,147,alpha=1.3
4257,76,alpha=1.3
4258,58,alpha=1.3
4259,81,alpha=1.3
4260,84,alpha=1.3
4261,102,alpha=1.3
4262,100,alpha=1.3
4263,71,alpha=1.3
4264,138,alpha=1.3
4265,5,alpha=1.3
4266,62,alpha=1.3
4267,109,alpha=1.3
4268,273,alpha=1.3
4269,60,alpha=1.3
4270,164,alpha=1.3
4271,134,alpha=1.3
4272,329,alpha=1.3
4273,67,alpha=1.3
4274,61,alpha=1.3
4275,35,alpha=1.3
4276,87,alpha=1.3
4277,85,alpha=1.3
4278,110,alpha=1.3
4279,89,alpha=1.3
4280,87,alpha=1.3
4281,124,alpha=1.3
4282,89,alpha=1.3
4283,46,alpha=1.3
4284,146,alpha=1.3
4285,84,alpha=1.3
4286,76,alpha=1.3
4287,335,alpha=1.3
4288,86,alpha=1.3
4289,65,alpha=1.3
4290,111,alpha=1.3
4291,61,alpha=1.3
4292,56,alpha=1.3
4293,71,alpha=1.3
4294,117,alpha=1.3
4295,124,alpha=1.3
4296,76,alpha=1.3
4297,52,alpha=1.3
4298,50,alpha=1.3
4299,96,alpha=1.3
4300,92,alpha=1.3
4301,60,alpha=1.3
4302,122,alpha=1.3
4303,81,alpha=1.3
4304,88,alpha=1.3
4305,79,alpha=1.3
4306,83,alpha=1.3
4307,44,alpha=1.3
4308,137,alpha=1.3
4309,54,alpha=1.3
4310,45,alpha=1.3
4311,69,alpha=1.3
4312,72,alpha=1.3
4313,89,alpha=1.3
4314,84,alpha=1.3
4315,94,alpha=1.3
4316,71,alpha=1.3
4317,103,alpha=1.3
4318,2212,alpha=1.3
4319,79,alpha=1.3
4320,80,alpha=1.3
4321,119,alpha=1.3
4322,140,alpha=1.3
4323,98,alpha=1.3
4324,112,alpha=1.3
4325,98,alpha=1.3
4326,60,alpha=1.3
4327,67,alpha=1.3
4328,150,alpha=1.3
4329,66,alpha=1.3
4330,48,alpha=1.3
4331,247,alpha=1.3
4332,61,alpha=1.3
4333,113,alpha=1.3
4334,64,alpha=1.3
4335,63,alpha=1.3
4336,97,alpha=1.3
4337,48,alpha=1.3
4338,122,alpha=1.3
4339,60,alpha=1.3
4340,143,alpha=1.3
4341,71,alpha=1.3
4342,149,alpha=1.3
4343,169,alpha=1.3
4344,53,alpha=1.3
4345,61,alpha=1.3
4346,83,alpha=1.3
4347,38,alpha=1.3
4348,77,alpha=1.3
4349,94,alpha=1.3
4350,175,alpha=1.3
4351,62,alpha=1.3
4352,111,alpha=1.3
4353,165,alpha=1.3
4354,93,alpha=1.3
4355,67,alpha=1.3
4356,58,alpha=1.3
4357,99,alpha=1.3
4358,48,alpha=1.3
4359,74,alpha=1.3
4360,79,alpha=1.3
4361,131,alpha=1.3
4362,73,alpha=1.3
4363,121,alpha=1.3
4364,60,alpha=1.3
4365,120,alpha=1.3
4366,84,alpha=1.3
4367,114,alpha=1.3
4368,51,alpha=1.3
4369,83,alpha=1.3
4370,94,alpha=1.3
4371,89,alpha=1.3
4372,67,alpha=1.3
4373,73,alpha=1.3
4374,73,alpha=1.3
4375,101,alpha=1.3
4376,86,alpha=1.3
4377,108,alpha=1.3
4378,73,alpha=1.3
4379,60,alpha=1.3
4380,329,alpha=1.3
4381,309,alpha=1.3
4382,107,alpha=1.3
4383,106,alpha=1.3
4384,63,alpha=1.3
4385,70,alpha=1.3
4386,80,alpha=1.3
4387,81,alpha=1.3
4388,70,alpha=1.3
4389,73,alpha=1.3
4390,118,alpha=1.3
4391,80,alpha=1.3
4392,126,alpha=1.3
4393,221,alpha=1.3
4394,95,alpha=1.3
4395,83,alpha=1.3
4396,75,alpha=1.3
4397,98,alpha=1.3
4398,194,alpha=1.3
4399,38,alpha=1.3
4400,110,alpha=1.3
4401,62,alpha=1.3
4402,89,alpha=1.3
4403,55,alpha=1.3
4404,93,alpha=1.3
4405,33,alpha=1.3
4406,108,alpha=1.3
4407,43,alpha=1.3
4408,60,alpha=1.3
4409,63,alpha=1.3
4410,71,alpha=1.3
4411,80,alpha=1.3
4412,86,alpha=1.3
4413,95,alpha=1.3
4414,76,alpha=1.3
4415,913,alpha=1.3
4416,47,alpha=1.3
4417,120,alpha=1.3
4418,59,alpha=1.3
4419,81,alpha=1.3
4420,88,alpha=1.3
4421,72,alpha=1.3
4422,66,alpha=1.3
4423,98,alpha=1.3
4424,53,alpha=1.3
4425,24,alpha=1.3
4426,85,alpha=1.3
4427,95,alpha=1.3
4428,306,alpha=1.3
4429,80,alpha=1.3
4430,115,alpha=1.3
4431,63,alpha=1.3
4432,108,alpha=1.3
4433,86,alpha=1.3
4434,95,alpha=1.3
4435,86,alpha=1.3
4436,68,alpha=1.3
4437,125,alpha=1.3
4438,121,alpha=1.3
4439,62,alpha=1.3
4440,155,alpha=1.3
4441,118,alpha=1.3
4442,81,alpha=1.3
4443,57,alpha=1.3
4444,80,alpha=1.3
4445,65,alpha=1.3
4446,464,alpha=1.3
4447,63,alpha=1.3
4448,114,alpha=1.3
4449,68,alpha=1.3
4450,71,alpha=1.3
4451,139,alpha=1.3
4452,73,alpha=1.3
4453,59,alpha=1.3
4454,79,alpha=1.3
4455,73,alpha=1.3
4456,78,alpha=1.3
4457,84,alpha=1.3
4458,71,alpha=1.3
4459,81,alpha=1.3
4460,53,alpha=1.3
4461,95,alpha=1.3
4462,76,alpha=1.3
4463,57,alpha=1.3
4464,25,alpha=1.3
4465,64,alpha=1.3
4466,130,alpha=1.3
4467,55,alpha=1.3
4468,276,alpha=1.3
4469,102,alpha=1.3
4470,54,alpha=1.3
4471,75,alpha=1.3
4472,111,alpha=1.3
4473,33,alpha=1.3
4474,65,alpha=1.3
4475,107,alpha=1.3
4476,63,alpha=1.3
4477,111,alpha=1.3
4478,107,alpha=1.3
4479,96,alpha=1.3
4480,84,alpha=1.3
4481,59,alpha=1.3
4482,102,alpha=1.3
4483,87,alpha=1.3
4484,50,alpha=1.3
4485,128,alpha=1.3
4486,90,alpha=1.3
4487,103,alpha=1.3
4488,53,alpha=1.3
4489,92,alpha=1.3
4490,72,alpha=1.3
4491,77,alpha=1.3
4492,50,alpha=1.3
4493,104,alpha=1.3
4494,109,alpha=1.3
4495,61,alpha=1.3
4496,136,alpha=1.3
4497,67,alpha=1.3
4498,52,alpha=1.3
4499,55,alpha=1.3
4500,96,alpha=1.3
4501,57,alpha=1.3
4502,66,alpha=1.3
4503,89,alpha=1.3
4504,92,alpha=1.3
4505,140,alpha=1.3
4506,29,alpha=1.3
4507,51,alpha=1.3
4508,72,alpha=1.3
4509,47,alpha=1.3
4510,298,alpha=1.3
4511,62,alpha=1.3
4512,110,alpha=1.3
4513,80,alpha=1.3
4514,79,alpha=1.3
4515,103,alpha=1.3
4516,75,alpha=1.3
4517,78,alpha=1.3
4518,134,alpha=1.3
4519,93,alpha=1.3
4520,72,alpha=1.3
4521,112,alpha=1.3
4522,25,alpha=1.3
4523,102,alpha=1.3
4524,79,alpha=1.3
4525,55,alpha=1.3
4526,109,alpha=1.3
4527,54,alpha=1.3
4528,60,alpha=1.3
4529,66,alpha=1.3
4530,45,alpha=1.3
4531,87,alpha=1.3
4532,64,alpha=1.3
4533,235,alpha=1.3
4534,72,alpha=1.3
4535,70,alpha=1.3
4536,95,alpha=1.3
4537,70,alpha=1.3
4538,67,alpha=1.3
4539,58,alpha=1.3
4540,66,alpha=1.3
4541,70,alpha=1.3
4542,50,alpha=1.3
4543,52,alpha=1.3
4544,71,alpha=1.3
4545,62,alpha=1.3
4546,96,alpha=1.3
4547,89,alpha=1.3
4548,58,alpha=1.3
4549,33,alpha=1.3
4550,72,alpha=1.3
4551,62,alpha=1.3
4552,88,alpha=1.3
4553,100,alpha=1.3
4554,76,alpha=1.3
4555,54,alpha=1.3
4556,78,alpha=1.3
4557,76,alpha=1.3
4558,99,alpha=1.3
4559,54,alpha=1.3
4560,163,alpha=1.3
4561,354,alpha=1.3
4562,81,alpha=1.3
4563,138,alpha=1.3
4564,85,alpha=1.3
4565,45,alpha=1.3
4566,84,alpha=1.3
4567,124,alpha=1.3
4568,49,alpha=1.3
4569,86,alpha=1.3
4570,55,alpha=1.3
4571,258,alpha=1.3
4572,74,alpha=1.3
4573,80,alpha=1.3
4574,85,alpha=1.3
4575,111,alpha=1.3
4576,53,alpha=1.3
4577,72,alpha=1.3
4578,74,alpha=1.3
4579,111,alpha=1.3
4580,97,alpha=1.3
4581,57,alpha=1.3
4582,143,alpha=1.3
4583,77,alpha=1.3
4584,66,alpha=1.3
4585,69,alpha=1.3
4586,64,alpha=1.3
4587,135,alpha=1.3
4588,76,alpha=1.3
4589,74,alpha=1.3
4590,89,alpha=1.3
4591,83,alpha=1.3
4592,57,alpha=1.3
4593,114,alpha=1.3
4594,73,alpha=1.3
4595,104,alpha=1.3
4596,230,alpha=1.3
4597,77,alpha=1.3
4598,23,alpha=1.3
4599,81,alpha=1.3
4600,107,alpha=1.3
4601,199,alpha=1.3
4602,69,alpha=1.3
4603,58,alpha=1.3
4604,83,alpha=1.3
4605,67,alpha=1.3
4606,48,alpha=1.3
4607,96,alpha=1.3
4608,40,alpha=1.3
4609,105,alpha=1.3
4610,48,alpha=1.3
4611,85,alpha=1.3
4612,50,alpha=1.3
4613,61,alpha=1.3
4614,83,alpha=1.3
4615,80,alpha=1.3
4616,90,alpha=1.3
4617,92,alpha=1.3
4618,106,alpha=1.3
4619,126,alpha=1.3
4620,62,alpha=1.3
4621,86,alpha=1.3
4622,100,alpha=1.3
4623,77,alpha=1.3
4624,210,alpha=1.3
4625,124,alpha=1.3
4626,408,alpha=1.3
4627,78,alpha=1.3
4628,16,alpha=1.3
4629,85,alpha=1.3
4630,90,alpha=1.3
4631,98,alpha=1.3
4632,72,alpha=1.3
4633,72,alpha=1.3
4634,79,alpha=1.3
4635,99,alpha=1.3
4636,103,alpha=1.3
4637,86,alpha=1.3
4638,61,alpha=1.3
4639,55,alpha=1.3
4640,65,alpha=1.3
4641,175,alpha=1.3
4642,81,alpha=1.3
4643,94,alpha=1.3
4644,72,alpha=1.3
4645,61,alpha=1.3
4646,85,alpha=1.3
4647,71,alpha=1.3
4648,109,alpha=1.3
4649,82,alpha=1.3
4650,62,alpha=1.3
4651,130,alpha=1.3
4652,92,alpha=1.3
4653,77,alpha=1.3
4654,78,alpha=1.3
4655,79,alpha=1.3
4656,99,alpha=1.3
4657,74,alpha=1.3
4658,57,alpha=1.3
4659,126,alpha=1.3
4660,57,alpha=1.3
4661,59,alpha=1.3
4662,89,alpha=1.3
4663,95,alpha=1.3
4664,96,alpha=1.3
4665,98,alpha=1.3
4666,55,alpha=1.3
4667,49,alpha=1.3
4668,95,alpha=1.3
4669,50,alpha=1.3
4670,122,alpha=1.3
4671,158,alpha=1.3
4672,79,alpha=1.3
4673,69,alpha=1.3
4674,94,alpha=1.3
4675,102,alpha=1.3
4676,73,alpha=1.3
4677,77,alpha=1.3
4678,83,alpha=1.3
4679,103,alpha=1.3
4680,8,alpha=1.3
4681,62,alpha=1.3
4682,332,alpha=1.3
4683,89,alpha=1.3
4684,247,alpha=1.3
4685,70,alpha=1.3
4686,123,alpha=1.3
4687,74,alpha=1.3
4688,164,alpha=1.3
4689,133,alpha=1.3
4690,185,alpha=1.3
4691,89,alpha=1.3
4692,133,alpha=1.3
4693,55,alpha=1.3
4694,74,alpha=1.3
4695,68,alpha=1.3
4696,87,alpha=1.3
4697,76,alpha=1.3
4698,65,alpha=1.3
4699,57,alpha=1.3
4700,89,alpha=1.3
4701,190,alpha=1.3
4702,93,alpha=1.3
4703,80,alpha=1.3
4704,161,alpha=1.3
4705,95,alpha=1.3
4706,57,alpha=1.3
4707,49,alpha=1.3
4708,50,alpha=1.3
4709,124,alpha=1.3
4710,73,alpha=1.3
4711,77,alpha=1.3
4712,100,alpha=1.3
4713,84,alpha=1.3
4714,71,alpha=1.3
4715,104,alpha=1.3
4716,92,alpha=1.3
4717,90,alpha=1.3
4718,54,alpha=1.3
4719,109,alpha=1.3
4720,125,alpha=1.3
4721,49,alpha=1.3
4722,93,alpha=1.3
4723,63,alpha=1.3
4724,129,alpha=1.3
4725,139,alpha=1.3
4726,126,alpha=1.3
4727,91,alpha=1.3
4728,188,alpha=1.3
4729,64,alpha=1.3
4730,109,alpha=1.3
4731,110,alpha=1.3
4732,69,alpha=1.3
4733,34,alpha=1.3
4734,101,alpha=1.3
4735,273,alpha=1.3
4736,114,alpha=1.3
4737,77,alpha=1.3
4738,75,alpha=1.3
4739,80,alpha=1.3
4740,76,alpha=1.3
4741,130,alpha=1.3
4742,52,alpha=1.3
4743,80,alpha=1.3
4744,106,alpha=1.3
4745,44,alpha=1.3
4746,90,alpha=1.3
4747,69,alpha=1.3
4748,42,alpha=1.3
4749,78,alpha=1.3
4750,91,alpha=1.3
4751,65,alpha=1.3
4752,91,alpha=1.3
4753,183,alpha=1.3
4754,86,alpha=1.3
4755,83,alpha=1.3
4756,135,alpha=1.3
4757,95,alpha=1.3
4758,58,alpha=1.3
4759,118,alpha=1.3
4760,85,alpha=1.3
4761,54,alpha=1.3
4762,100,alpha=1.3
4763,73,alpha=1.3
4764,80,alpha=1.3
4765,96,alpha=1.3
4766,71,alpha=1.3
4767,71,alpha=1.3
4768,120,alpha=1.3
4769,72,alpha=1.3
4770,73,alpha=1.3
4771,56,alpha=1.3
4772,66,alpha=1.3
4773,42,alpha=1.3
4774,72,alpha=1.3
4775,39,alpha=1.3
4776,86,alpha=1.3
4777,58,alpha=1.3
4778,73,alpha=1.3
4779,64,alpha=1.3
4780,86,alpha=1.3
4781,78,alpha=1.3
4782,59,alpha=1.3
4783,65,alpha=1.3
4784,131,alpha=1.3
4785,83,alpha=1.3
4786,120,alpha=1.3
4787,40,alpha=1.3
4788,128,alpha=1.3
4789,111,alpha=1.3
4790,98,alpha=1.3
4791,73,alpha=1.3
4792,108,alpha=1.3
4793,99,alpha=1.3
4794,92,alpha=1.3
4795,80,alpha=1.3
4796,82,alpha=1.3
4797,80,alpha=1.3
4798,85,alpha=1.3
4799,117,alpha=1.3
4800,68,alpha=1.3
4801,88,alpha=1.3
4802,69,alpha=1.3
4803,52,alpha=1.3
4804,79,alpha=1.3
4805,120,alpha=1.3
4806,89,alpha=1.3
4807,94,alpha=1.3
4808,68,alpha=1.3
4809,63,alpha=1.3
4810,90,alpha=1.3
4811,90,alpha=1.3
4812,15,alpha=1.3
4813,67,alpha=1.3
4814,75,alpha=1.3
4815,92,alpha=1.3
4816,135,alpha=1.3
4817,69,alpha=1.3
4818,60,alpha=1.3
4819,56,alpha=1.3
4820,104,alpha=1.3
4821,304,alpha=1.3
4822,54,alpha=1.3
4823,97,alpha=1.3
4824,113,alpha=1.3
4825,80,alpha=1.3
4826,94,alpha=1.3
4827,86,alpha=1.3
4828,56,alpha=1.3
4829,58,alpha=1.3
4830,101,alpha=1.3
4831,60,alpha=1.3
4832,122,alpha=1.3
4833,96,alpha=1.3
4834,77,alpha=1.3
4835,85,alpha=1.3
4836,49,alpha=1.3
4837,66,alpha=1.3
4838,158,alpha=1.3
4839,99,alpha=1.3
4840,91,alpha=1.3
4841,83,alpha=1.3
4842,127,alpha=1.3
4843,126,alpha=1.3
4844,128,alpha=1.3
4845,117,alpha=1.3
4846,87,alpha=1.3
4847,92,alpha=1.3
4848,78,alpha=1.3
4849,92,alpha=1.3
4850,67,alpha=1.3
4851,66,alpha=1.3
4852,525,alpha=1.3
4853,112,alpha=1.3
4854,78,alpha=1.3
4855,71,alpha=1.3
4856,174,alpha=1.3
4857,53,alpha=1.3
4858,63,alpha=1.3
4859,76,alpha=1.3
4860,78,alpha=1.3
4861,59,alpha=1.3
4862,93,alpha=1.3
4863,75,alpha=1.3
4864,55,alpha=1.3
4865,89,alpha=1.3
4866,167,alpha=1.3
4867,129,alpha=1.3
4868,56,alpha=1.3
4869,111,alpha=1.3
4870,122,alpha=1.3
4871,36,alpha=1.3
4872,439,alpha=1.3
4873,103,alpha=1.3
4874,66,alpha=1.3
4875,121,alpha=1.3
4876,91,alpha=1.3
4877,65,alpha=1.3
4878,121,alpha=1.3
4879,92,alpha=1.3
4880,137,alpha=1.3
4881,71,alpha=1.3
4882,110,alpha=1.3
4883,101,alpha=1.3
4884,133,alpha=1.3
4885,95,alpha=1.3
4886,68,alpha=1.3
4887,79,alpha=1.3
4888,74,alpha=1.3
4889,81,alpha=1.3
4890,31,alpha=1.3
4891,83,alpha=1.3
4892,180,alpha=1.3
4893,60,alpha=1.3
4894,61,alpha=1.3
4895,206,alpha=1.3
4896,72,alpha=1.3
4897,73,alpha=1.3
4898,89,alpha=1.3
4899,63,alpha=1.3
4900,63,alpha=1.3
4901,56,alpha=1.3
4902,216,alpha=1.3
4903,89,alpha=1.3
4904,75,alpha=1.3
4905,64,alpha=1.3
4906,70,alpha=1.3
4907,453,alpha=1.3
4908,54,alpha=1.3
4909,91,alpha=1.3
4910,81,alpha=1.3
4911,62,alpha=1.3
4912,84,alpha=1.3
4913,76,alpha=1.3
4914,111,alpha=1.3
4915,88,alpha=1.3
4916,86,alpha=1.3
4917,92,alpha=1.3
4918,94,alpha=1.3
4919,114,alpha=1.3
4920,92,alpha=1.3
4921,231,alpha=1.3
4922,74,alpha=1.3
4923,45,alpha=1.3
4924,153,alpha=1.3
4925,107,alpha=1.3
4926,100,alpha=1.3
4927,67,alpha=1.3
4928,90,alpha=1.3
4929,83,alpha=1.3
4930,98,alpha=1.3
4931,72,alpha=1.3
4932,98,alpha=1.3
4933,120,alpha=1.3
4934,59,alpha=1.3
4935,102,alpha=1.3
4936,106,alpha=1.3
4937,79,alpha=1.3
4938,127,alpha=1.3
4939,76,alpha=1.3
4940,122,alpha=1.3
4941,61,alpha=1.3
4942,151,alpha=1.3
4943,45,alpha=1.3
4944,81,alpha=1.3
4945,71,alpha=1.3
4946,78,alpha=1.3
4947,121,alpha=1.3
4948,70,alpha=1.3
4949,107,alpha=1.3
4950,49,alpha=1.3
4951,95,alpha=1.3
4952,95,alpha=1.3
4953,124,alpha=1.3
4954,61,alpha=1.3
4955,139,alpha=1.3
4956,116,alpha=1.3
4957,80,alpha=1.3
4958,125,alpha=1.3
4959,138,alpha=1.3
4960,82,alpha=1.3
4961,52,alpha=1.3
4962,77,alpha=1.3
4963,60,alpha=1.3
4964,71,alpha=1.3
4965,56,alpha=1.3
4966,43,alpha=1.3
4967,108,alpha=1.3
4968,102,alpha=1.3
4969,72,alpha=1.3
4970,53,alpha=1.3
4971,52,alpha=1.3
4972,69,alpha=1.3
4973,85,alpha=1.3
4974,163,alpha=1.3
4975,67,alpha=1.3
4976,61,alpha=1.3
4977,53,alpha=1.3
4978,112,alpha=1.3
4979,76,alpha=1.3
4980,93,alpha=1.3
4981,67,alpha=1.3
4982,132,alpha=1.3
4983,66,alpha=1.3
4984,59,alpha=1.3
4985,56,alpha=1.3
4986,45,alpha=1.3
4987,73,alpha=1.3
4988,95,alpha=1.3
4989,127,alpha=1.3
4990,75,alpha=1.3
4991,86,alpha=1.3
4992,63,alpha=1.3
4993,94,alpha=1.3
4994,98,alpha=1.3
4995,53,alpha=1.3
4996,46,alpha=1.3
4997,55,alpha=1.3
4998,81,alpha=1.3
4999,81,alpha=1.3
