,offspring,model
0,99,alpha=1.9
1,93,alpha=1.9
2,108,alpha=1.9
3,85,alpha=1.9
4,93,alpha=1.9
5,124,alpha=1.9
6,86,alpha=1.9
7,97,alpha=1.9
8,130,alpha=1.9
9,90,alpha=1.9
10,103,alpha=1.9
11,112,alpha=1.9
12,89,alpha=1.9
13,96,alpha=1.9
14,92,alpha=1.9
15,95,alpha=1.9
16,88,alpha=1.9
17,97,alpha=1.9
18,98,alpha=1.9
19,98,alpha=1.9
20,94,alpha=1.9
21,96,alpha=1.9
22,91,alpha=1.9
23,99,alpha=1.9
24,103,alpha=1.9
25,112,alpha=1.9
26,112,alpha=1.9
27,84,alpha=1.9
28,87,alpha=1.9
29,107,alpha=1.9
30,104,alpha=1.9
31,89,alpha=1.9
32,102,alpha=1.9
33,102,alpha=1.9
34,93,alpha=1.9
35,95,alpha=1.9
36,99,alpha=1.9
37,98,alpha=1.9
38,104,alpha=1.9
39,107,alpha=1.9
40,108,alpha=1.9
41,95,alpha=1.9
42,94,alpha=1.9
43,103,alpha=1.9
44,107,alpha=1.9
45,99,alpha=1.9
46,85,alpha=1.9
47,95,alpha=1.9
48,104,alpha=1.9
49,97,alpha=1.9
50,83,alpha=1.9
51,85,alpha=1.9
52,88,alpha=1.9
53,93,alpha=1.9
54,93,alpha=1.9
55,101,alpha=1.9
56,91,alpha=1.9
57,120,alpha=1.9
58,96,alpha=1.9
59,101,alpha=1.9
60,102,alpha=1.9
61,98,alpha=1.9
62,110,alpha=1.9
63,91,alpha=1.9
64,117,alpha=1.9
65,92,alpha=1.9
66,101,alpha=1.9
67,119,alpha=1.9
68,92,alpha=1.9
69,89,alpha=1.9
70,98,alpha=1.9
71,109,alpha=1.9
72,89,alpha=1.9
73,98,alpha=1.9
74,81,alpha=1.9
75,110,alpha=1.9
76,81,alpha=1.9
77,99,alpha=1.9
78,85,alpha=1.9
79,93,alpha=1.9
80,113,alpha=1.9
81,104,alpha=1.9
82,106,alpha=1.9
83,85,alpha=1.9
84,92,alpha=1.9
85,100,alpha=1.9
86,117,alpha=1.9
87,94,alpha=1.9
88,103,alpha=1.9
89,92,alpha=1.9
90,105,alpha=1.9
91,119,alpha=1.9
92,105,alpha=1.9
93,91,alpha=1.9
94,82,alpha=1.9
95,100,alpha=1.9
96,93,alpha=1.9
97,87,alpha=1.9
98,108,alpha=1.9
99,102,alpha=1.9
100,96,alpha=1.9
101,102,alpha=1.9
102,106,alpha=1.9
103,96,alpha=1.9
104,106,alpha=1.9
105,104,alpha=1.9
106,111,alpha=1.9
107,103,alpha=1.9
108,99,alpha=1.9
109,93,alpha=1.9
110,98,alpha=1.9
111,114,alpha=1.9
112,95,alpha=1.9
113,115,alpha=1.9
114,97,alpha=1.9
115,101,alpha=1.9
116,112,alpha=1.9
117,102,alpha=1.9
118,97,alpha=1.9
119,117,alpha=1.9
120,101,alpha=1.9
121,91,alpha=1.9
122,96,alpha=1.9
123,107,alpha=1.9
124,99,alpha=1.9
125,95,alpha=1.9
126,88,alpha=1.9
127,116,alpha=1.9
128,99,alpha=1.9
129,92,alpha=1.9
130,92,alpha=1.9
131,100,alpha=1.9
132,87,alpha=1.9
133,98,alpha=1.9
134,100,alpha=1.9
135,107,alpha=1.9
136,96,alpha=1.9
137,113,alpha=1.9
138,84,alpha=1.9
139,92,alpha=1.9
140,99,alpha=1.9
141,96,alpha=1.9
142,125,alpha=1.9
143,106,alpha=1.9
144,100,alpha=1.9
145,103,alpha=1.9
146,85,alpha=1.9
147,96,alpha=1.9
148,98,alpha=1.9
149,104,alpha=1.9
150,108,alpha=1.9
151,110,alpha=1.9
152,101,alpha=1.9
153,119,alpha=1.9
154,117,alpha=1.9
155,100,alpha=1.9
156,108,alpha=1.9
157,94,alpha=1.9
158,102,alpha=1.9
159,111,alpha=1.9
160,105,alpha=1.9
161,93,alpha=1.9
162,120,alpha=1.9
163,107,alpha=1.9
164,109,alpha=1.9
165,91,alpha=1.9
166,94,alpha=1.9
167,118,alpha=1.9
168,100,alpha=1.9
169,98,alpha=1.9
170,121,alpha=1.9
171,104,alpha=1.9
172,96,alpha=1.9
173,91,alpha=1.9
174,83,alpha=1.9
175,107,alpha=1.9
176,104,alpha=1.9
177,98,alpha=1.9
178,106,alpha=1.9
179,102,alpha=1.9
180,99,alpha=1.9
181,95,alpha=1.9
182,127,alpha=1.9
183,80,alpha=1.9
184,96,alpha=1.9
185,100,alpha=1.9
186,110,alpha=1.9
187,100,alpha=1.9
188,113,alpha=1.9
189,93,alpha=1.9
190,99,alpha=1.9
191,105,alpha=1.9
192,112,alpha=1.9
193,88,alpha=1.9
194,107,alpha=1.9
195,96,alpha=1.9
196,78,alpha=1.9
197,75,alpha=1.9
198,109,alpha=1.9
199,108,alpha=1.9
200,89,alpha=1.9
201,112,alpha=1.9
202,79,alpha=1.9
203,104,alpha=1.9
204,111,alpha=1.9
205,85,alpha=1.9
206,92,alpha=1.9
207,97,alpha=1.9
208,110,alpha=1.9
209,95,alpha=1.9
210,101,alpha=1.9
211,98,alpha=1.9
212,106,alpha=1.9
213,103,alpha=1.9
214,92,alpha=1.9
215,103,alpha=1.9
216,100,alpha=1.9
217,103,alpha=1.9
218,103,alpha=1.9
219,90,alpha=1.9
220,109,alpha=1.9
221,96,alpha=1.9
222,105,alpha=1.9
223,78,alpha=1.9
224,97,alpha=1.9
225,76,alpha=1.9
226,92,alpha=1.9
227,88,alpha=1.9
228,97,alpha=1.9
229,113,alpha=1.9
230,93,alpha=1.9
231,105,alpha=1.9
232,93,alpha=1.9
233,106,alpha=1.9
234,96,alpha=1.9
235,89,alpha=1.9
236,104,alpha=1.9
237,78,alpha=1.9
238,100,alpha=1.9
239,94,alpha=1.9
240,92,alpha=1.9
241,111,alpha=1.9
242,86,alpha=1.9
243,107,alpha=1.9
244,114,alpha=1.9
245,91,alpha=1.9
246,91,alpha=1.9
247,95,alpha=1.9
248,112,alpha=1.9
249,107,alpha=1.9
250,94,alpha=1.9
251,82,alpha=1.9
252,84,alpha=1.9
253,98,alpha=1.9
254,90,alpha=1.9
255,104,alpha=1.9
256,112,alpha=1.9
257,84,alpha=1.9
258,96,alpha=1.9
259,79,alpha=1.9
260,98,alpha=1.9
261,100,alpha=1.9
262,95,alpha=1.9
263,92,alpha=1.9
264,102,alpha=1.9
265,95,alpha=1.9
266,105,alpha=1.9
267,88,alpha=1.9
268,118,alpha=1.9
269,99,alpha=1.9
270,91,alpha=1.9
271,80,alpha=1.9
272,93,alpha=1.9
273,99,alpha=1.9
274,96,alpha=1.9
275,97,alpha=1.9
276,121,alpha=1.9
277,99,alpha=1.9
278,108,alpha=1.9
279,90,alpha=1.9
280,105,alpha=1.9
281,102,alpha=1.9
282,113,alpha=1.9
283,86,alpha=1.9
284,96,alpha=1.9
285,117,alpha=1.9
286,99,alpha=1.9
287,84,alpha=1.9
288,113,alpha=1.9
289,104,alpha=1.9
290,100,alpha=1.9
291,123,alpha=1.9
292,108,alpha=1.9
293,100,alpha=1.9
294,101,alpha=1.9
295,110,alpha=1.9
296,86,alpha=1.9
297,101,alpha=1.9
298,84,alpha=1.9
299,112,alpha=1.9
300,94,alpha=1.9
301,102,alpha=1.9
302,86,alpha=1.9
303,106,alpha=1.9
304,96,alpha=1.9
305,92,alpha=1.9
306,104,alpha=1.9
307,109,alpha=1.9
308,98,alpha=1.9
309,106,alpha=1.9
310,90,alpha=1.9
311,95,alpha=1.9
312,106,alpha=1.9
313,100,alpha=1.9
314,96,alpha=1.9
315,96,alpha=1.9
316,104,alpha=1.9
317,91,alpha=1.9
318,97,alpha=1.9
319,91,alpha=1.9
320,109,alpha=1.9
321,89,alpha=1.9
322,114,alpha=1.9
323,90,alpha=1.9
324,93,alpha=1.9
325,88,alpha=1.9
326,93,alpha=1.9
327,103,alpha=1.9
328,95,alpha=1.9
329,92,alpha=1.9
330,109,alpha=1.9
331,103,alpha=1.9
332,114,alpha=1.9
333,98,alpha=1.9
334,110,alpha=1.9
335,100,alpha=1.9
336,109,alpha=1.9
337,107,alpha=1.9
338,112,alpha=1.9
339,86,alpha=1.9
340,116,alpha=1.9
341,108,alpha=1.9
342,111,alpha=1.9
343,102,alpha=1.9
344,96,alpha=1.9
345,93,alpha=1.9
346,107,alpha=1.9
347,90,alpha=1.9
348,103,alpha=1.9
349,84,alpha=1.9
350,96,alpha=1.9
351,111,alpha=1.9
352,95,alpha=1.9
353,90,alpha=1.9
354,94,alpha=1.9
355,94,alpha=1.9
356,100,alpha=1.9
357,92,alpha=1.9
358,91,alpha=1.9
359,97,alpha=1.9
360,88,alpha=1.9
361,88,alpha=1.9
362,103,alpha=1.9
363,107,alpha=1.9
364,110,alpha=1.9
365,85,alpha=1.9
366,84,alpha=1.9
367,91,alpha=1.9
368,105,alpha=1.9
369,97,alpha=1.9
370,103,alpha=1.9
371,90,alpha=1.9
372,97,alpha=1.9
373,104,alpha=1.9
374,120,alpha=1.9
375,109,alpha=1.9
376,106,alpha=1.9
377,84,alpha=1.9
378,85,alpha=1.9
379,103,alpha=1.9
380,102,alpha=1.9
381,78,alpha=1.9
382,91,alpha=1.9
383,104,alpha=1.9
384,99,alpha=1.9
385,94,alpha=1.9
386,97,alpha=1.9
387,109,alpha=1.9
388,98,alpha=1.9
389,117,alpha=1.9
390,96,alpha=1.9
391,97,alpha=1.9
392,92,alpha=1.9
393,89,alpha=1.9
394,116,alpha=1.9
395,95,alpha=1.9
396,96,alpha=1.9
397,95,alpha=1.9
398,99,alpha=1.9
399,98,alpha=1.9
400,113,alpha=1.9
401,97,alpha=1.9
402,103,alpha=1.9
403,111,alpha=1.9
404,90,alpha=1.9
405,111,alpha=1.9
406,96,alpha=1.9
407,102,alpha=1.9
408,114,alpha=1.9
409,100,alpha=1.9
410,106,alpha=1.9
411,87,alpha=1.9
412,91,alpha=1.9
413,107,alpha=1.9
414,85,alpha=1.9
415,94,alpha=1.9
416,82,alpha=1.9
417,97,alpha=1.9
418,93,alpha=1.9
419,95,alpha=1.9
420,69,alpha=1.9
421,75,alpha=1.9
422,114,alpha=1.9
423,102,alpha=1.9
424,116,alpha=1.9
425,78,alpha=1.9
426,107,alpha=1.9
427,109,alpha=1.9
428,83,alpha=1.9
429,103,alpha=1.9
430,84,alpha=1.9
431,86,alpha=1.9
432,105,alpha=1.9
433,89,alpha=1.9
434,106,alpha=1.9
435,108,alpha=1.9
436,102,alpha=1.9
437,125,alpha=1.9
438,104,alpha=1.9
439,93,alpha=1.9
440,90,alpha=1.9
441,80,alpha=1.9
442,104,alpha=1.9
443,89,alpha=1.9
444,97,alpha=1.9
445,92,alpha=1.9
446,83,alpha=1.9
447,93,alpha=1.9
448,85,alpha=1.9
449,90,alpha=1.9
450,107,alpha=1.9
451,91,alpha=1.9
452,105,alpha=1.9
453,93,alpha=1.9
454,103,alpha=1.9
455,103,alpha=1.9
456,101,alpha=1.9
457,73,alpha=1.9
458,105,alpha=1.9
459,84,alpha=1.9
460,107,alpha=1.9
461,114,alpha=1.9
462,101,alpha=1.9
463,106,alpha=1.9
464,96,alpha=1.9
465,91,alpha=1.9
466,99,alpha=1.9
467,103,alpha=1.9
468,103,alpha=1.9
469,101,alpha=1.9
470,97,alpha=1.9
471,97,alpha=1.9
472,86,alpha=1.9
473,88,alpha=1.9
474,93,alpha=1.9
475,96,alpha=1.9
476,85,alpha=1.9
477,104,alpha=1.9
478,97,alpha=1.9
479,87,alpha=1.9
480,97,alpha=1.9
481,110,alpha=1.9
482,92,alpha=1.9
483,101,alpha=1.9
484,91,alpha=1.9
485,93,alpha=1.9
486,107,alpha=1.9
487,94,alpha=1.9
488,114,alpha=1.9
489,100,alpha=1.9
490,117,alpha=1.9
491,99,alpha=1.9
492,93,alpha=1.9
493,101,alpha=1.9
494,91,alpha=1.9
495,114,alpha=1.9
496,119,alpha=1.9
497,120,alpha=1.9
498,94,alpha=1.9
499,103,alpha=1.9
500,110,alpha=1.9
501,100,alpha=1.9
502,84,alpha=1.9
503,101,alpha=1.9
504,124,alpha=1.9
505,100,alpha=1.9
506,102,alpha=1.9
507,125,alpha=1.9
508,94,alpha=1.9
509,110,alpha=1.9
510,107,alpha=1.9
511,98,alpha=1.9
512,89,alpha=1.9
513,102,alpha=1.9
514,99,alpha=1.9
515,112,alpha=1.9
516,96,alpha=1.9
517,103,alpha=1.9
518,84,alpha=1.9
519,99,alpha=1.9
520,88,alpha=1.9
521,79,alpha=1.9
522,95,alpha=1.9
523,91,alpha=1.9
524,113,alpha=1.9
525,113,alpha=1.9
526,112,alpha=1.9
527,95,alpha=1.9
528,99,alpha=1.9
529,127,alpha=1.9
530,105,alpha=1.9
531,78,alpha=1.9
532,99,alpha=1.9
533,89,alpha=1.9
534,106,alpha=1.9
535,97,alpha=1.9
536,120,alpha=1.9
537,111,alpha=1.9
538,98,alpha=1.9
539,98,alpha=1.9
540,120,alpha=1.9
541,74,alpha=1.9
542,107,alpha=1.9
543,111,alpha=1.9
544,104,alpha=1.9
545,107,alpha=1.9
546,99,alpha=1.9
547,114,alpha=1.9
548,81,alpha=1.9
549,111,alpha=1.9
550,104,alpha=1.9
551,103,alpha=1.9
552,104,alpha=1.9
553,95,alpha=1.9
554,114,alpha=1.9
555,108,alpha=1.9
556,84,alpha=1.9
557,113,alpha=1.9
558,102,alpha=1.9
559,97,alpha=1.9
560,108,alpha=1.9
561,78,alpha=1.9
562,109,alpha=1.9
563,116,alpha=1.9
564,98,alpha=1.9
565,112,alpha=1.9
566,94,alpha=1.9
567,109,alpha=1.9
568,85,alpha=1.9
569,120,alpha=1.9
570,80,alpha=1.9
571,102,alpha=1.9
572,84,alpha=1.9
573,113,alpha=1.9
574,103,alpha=1.9
575,114,alpha=1.9
576,110,alpha=1.9
577,97,alpha=1.9
578,94,alpha=1.9
579,89,alpha=1.9
580,85,alpha=1.9
581,86,alpha=1.9
582,108,alpha=1.9
583,117,alpha=1.9
584,111,alpha=1.9
585,88,alpha=1.9
586,104,alpha=1.9
587,93,alpha=1.9
588,89,alpha=1.9
589,92,alpha=1.9
590,100,alpha=1.9
591,97,alpha=1.9
592,114,alpha=1.9
593,102,alpha=1.9
594,99,alpha=1.9
595,108,alpha=1.9
596,93,alpha=1.9
597,106,alpha=1.9
598,104,alpha=1.9
599,106,alpha=1.9
600,94,alpha=1.9
601,103,alpha=1.9
602,104,alpha=1.9
603,107,alpha=1.9
604,85,alpha=1.9
605,114,alpha=1.9
606,91,alpha=1.9
607,94,alpha=1.9
608,102,alpha=1.9
609,92,alpha=1.9
610,101,alpha=1.9
611,84,alpha=1.9
612,101,alpha=1.9
613,100,alpha=1.9
614,101,alpha=1.9
615,114,alpha=1.9
616,100,alpha=1.9
617,105,alpha=1.9
618,87,alpha=1.9
619,123,alpha=1.9
620,104,alpha=1.9
621,98,alpha=1.9
622,108,alpha=1.9
623,75,alpha=1.9
624,93,alpha=1.9
625,103,alpha=1.9
626,99,alpha=1.9
627,123,alpha=1.9
628,79,alpha=1.9
629,105,alpha=1.9
630,107,alpha=1.9
631,114,alpha=1.9
632,97,alpha=1.9
633,103,alpha=1.9
634,101,alpha=1.9
635,104,alpha=1.9
636,105,alpha=1.9
637,102,alpha=1.9
638,106,alpha=1.9
639,87,alpha=1.9
640,87,alpha=1.9
641,79,alpha=1.9
642,102,alpha=1.9
643,95,alpha=1.9
644,94,alpha=1.9
645,83,alpha=1.9
646,107,alpha=1.9
647,106,alpha=1.9
648,93,alpha=1.9
649,98,alpha=1.9
650,98,alpha=1.9
651,109,alpha=1.9
652,88,alpha=1.9
653,91,alpha=1.9
654,106,alpha=1.9
655,90,alpha=1.9
656,113,alpha=1.9
657,106,alpha=1.9
658,100,alpha=1.9
659,91,alpha=1.9
660,109,alpha=1.9
661,98,alpha=1.9
662,110,alpha=1.9
663,107,alpha=1.9
664,108,alpha=1.9
665,93,alpha=1.9
666,99,alpha=1.9
667,111,alpha=1.9
668,98,alpha=1.9
669,102,alpha=1.9
670,104,alpha=1.9
671,98,alpha=1.9
672,82,alpha=1.9
673,84,alpha=1.9
674,87,alpha=1.9
675,92,alpha=1.9
676,111,alpha=1.9
677,110,alpha=1.9
678,102,alpha=1.9
679,117,alpha=1.9
680,92,alpha=1.9
681,112,alpha=1.9
682,107,alpha=1.9
683,94,alpha=1.9
684,96,alpha=1.9
685,126,alpha=1.9
686,107,alpha=1.9
687,118,alpha=1.9
688,113,alpha=1.9
689,98,alpha=1.9
690,126,alpha=1.9
691,82,alpha=1.9
692,90,alpha=1.9
693,99,alpha=1.9
694,108,alpha=1.9
695,100,alpha=1.9
696,91,alpha=1.9
697,104,alpha=1.9
698,96,alpha=1.9
699,100,alpha=1.9
700,89,alpha=1.9
701,90,alpha=1.9
702,86,alpha=1.9
703,116,alpha=1.9
704,91,alpha=1.9
705,95,alpha=1.9
706,111,alpha=1.9
707,98,alpha=1.9
708,94,alpha=1.9
709,98,alpha=1.9
710,98,alpha=1.9
711,101,alpha=1.9
712,102,alpha=1.9
713,83,alpha=1.9
714,108,alpha=1.9
715,93,alpha=1.9
716,118,alpha=1.9
717,103,alpha=1.9
718,99,alpha=1.9
719,103,alpha=1.9
720,110,alpha=1.9
721,94,alpha=1.9
722,98,alpha=1.9
723,110,alpha=1.9
724,107,alpha=1.9
725,97,alpha=1.9
726,96,alpha=1.9
727,95,alpha=1.9
728,98,alpha=1.9
729,101,alpha=1.9
730,108,alpha=1.9
731,90,alpha=1.9
732,104,alpha=1.9
733,87,alpha=1.9
734,109,alpha=1.9
735,98,alpha=1.9
736,92,alpha=1.9
737,108,alpha=1.9
738,95,alpha=1.9
739,94,alpha=1.9
740,94,alpha=1.9
741,97,alpha=1.9
742,97,alpha=1.9
743,89,alpha=1.9
744,110,alpha=1.9
745,91,alpha=1.9
746,98,alpha=1.9
747,101,alpha=1.9
748,94,alpha=1.9
749,90,alpha=1.9
750,77,alpha=1.9
751,112,alpha=1.9
752,117,alpha=1.9
753,100,alpha=1.9
754,82,alpha=1.9
755,95,alpha=1.9
756,91,alpha=1.9
757,88,alpha=1.9
758,99,alpha=1.9
759,91,alpha=1.9
760,106,alpha=1.9
761,91,alpha=1.9
762,113,alpha=1.9
763,116,alpha=1.9
764,93,alpha=1.9
765,105,alpha=1.9
766,91,alpha=1.9
767,115,alpha=1.9
768,100,alpha=1.9
769,90,alpha=1.9
770,85,alpha=1.9
771,71,alpha=1.9
772,95,alpha=1.9
773,98,alpha=1.9
774,84,alpha=1.9
775,112,alpha=1.9
776,101,alpha=1.9
777,95,alpha=1.9
778,97,alpha=1.9
779,90,alpha=1.9
780,104,alpha=1.9
781,93,alpha=1.9
782,102,alpha=1.9
783,93,alpha=1.9
784,88,alpha=1.9
785,102,alpha=1.9
786,96,alpha=1.9
787,117,alpha=1.9
788,116,alpha=1.9
789,110,alpha=1.9
790,89,alpha=1.9
791,81,alpha=1.9
792,98,alpha=1.9
793,104,alpha=1.9
794,102,alpha=1.9
795,109,alpha=1.9
796,99,alpha=1.9
797,105,alpha=1.9
798,97,alpha=1.9
799,108,alpha=1.9
800,97,alpha=1.9
801,101,alpha=1.9
802,95,alpha=1.9
803,119,alpha=1.9
804,85,alpha=1.9
805,102,alpha=1.9
806,111,alpha=1.9
807,90,alpha=1.9
808,110,alpha=1.9
809,102,alpha=1.9
810,92,alpha=1.9
811,97,alpha=1.9
812,106,alpha=1.9
813,94,alpha=1.9
814,126,alpha=1.9
815,91,alpha=1.9
816,96,alpha=1.9
817,106,alpha=1.9
818,93,alpha=1.9
819,93,alpha=1.9
820,104,alpha=1.9
821,107,alpha=1.9
822,115,alpha=1.9
823,106,alpha=1.9
824,99,alpha=1.9
825,114,alpha=1.9
826,107,alpha=1.9
827,96,alpha=1.9
828,102,alpha=1.9
829,103,alpha=1.9
830,91,alpha=1.9
831,105,alpha=1.9
832,103,alpha=1.9
833,98,alpha=1.9
834,102,alpha=1.9
835,99,alpha=1.9
836,103,alpha=1.9
837,112,alpha=1.9
838,108,alpha=1.9
839,79,alpha=1.9
840,100,alpha=1.9
841,115,alpha=1.9
842,89,alpha=1.9
843,99,alpha=1.9
844,103,alpha=1.9
845,95,alpha=1.9
846,93,alpha=1.9
847,93,alpha=1.9
848,100,alpha=1.9
849,87,alpha=1.9
850,106,alpha=1.9
851,94,alpha=1.9
852,109,alpha=1.9
853,106,alpha=1.9
854,103,alpha=1.9
855,106,alpha=1.9
856,105,alpha=1.9
857,105,alpha=1.9
858,109,alpha=1.9
859,101,alpha=1.9
860,99,alpha=1.9
861,99,alpha=1.9
862,111,alpha=1.9
863,112,alpha=1.9
864,109,alpha=1.9
865,98,alpha=1.9
866,103,alpha=1.9
867,85,alpha=1.9
868,113,alpha=1.9
869,81,alpha=1.9
870,107,alpha=1.9
871,98,alpha=1.9
872,97,alpha=1.9
873,89,alpha=1.9
874,98,alpha=1.9
875,97,alpha=1.9
876,98,alpha=1.9
877,90,alpha=1.9
878,115,alpha=1.9
879,103,alpha=1.9
880,92,alpha=1.9
881,107,alpha=1.9
882,98,alpha=1.9
883,105,alpha=1.9
884,100,alpha=1.9
885,97,alpha=1.9
886,96,alpha=1.9
887,100,alpha=1.9
888,113,alpha=1.9
889,103,alpha=1.9
890,96,alpha=1.9
891,96,alpha=1.9
892,107,alpha=1.9
893,92,alpha=1.9
894,97,alpha=1.9
895,95,alpha=1.9
896,86,alpha=1.9
897,116,alpha=1.9
898,116,alpha=1.9
899,87,alpha=1.9
900,102,alpha=1.9
901,116,alpha=1.9
902,109,alpha=1.9
903,95,alpha=1.9
904,97,alpha=1.9
905,100,alpha=1.9
906,83,alpha=1.9
907,100,alpha=1.9
908,107,alpha=1.9
909,111,alpha=1.9
910,104,alpha=1.9
911,90,alpha=1.9
912,111,alpha=1.9
913,101,alpha=1.9
914,105,alpha=1.9
915,99,alpha=1.9
916,107,alpha=1.9
917,117,alpha=1.9
918,107,alpha=1.9
919,101,alpha=1.9
920,94,alpha=1.9
921,92,alpha=1.9
922,106,alpha=1.9
923,91,alpha=1.9
924,116,alpha=1.9
925,121,alpha=1.9
926,115,alpha=1.9
927,86,alpha=1.9
928,88,alpha=1.9
929,93,alpha=1.9
930,119,alpha=1.9
931,104,alpha=1.9
932,103,alpha=1.9
933,99,alpha=1.9
934,83,alpha=1.9
935,98,alpha=1.9
936,111,alpha=1.9
937,84,alpha=1.9
938,107,alpha=1.9
939,102,alpha=1.9
940,101,alpha=1.9
941,113,alpha=1.9
942,107,alpha=1.9
943,96,alpha=1.9
944,115,alpha=1.9
945,105,alpha=1.9
946,100,alpha=1.9
947,107,alpha=1.9
948,107,alpha=1.9
949,110,alpha=1.9
950,90,alpha=1.9
951,105,alpha=1.9
952,102,alpha=1.9
953,100,alpha=1.9
954,105,alpha=1.9
955,96,alpha=1.9
956,87,alpha=1.9
957,97,alpha=1.9
958,92,alpha=1.9
959,89,alpha=1.9
960,92,alpha=1.9
961,91,alpha=1.9
962,98,alpha=1.9
963,105,alpha=1.9
964,112,alpha=1.9
965,94,alpha=1.9
966,92,alpha=1.9
967,84,alpha=1.9
968,88,alpha=1.9
969,100,alpha=1.9
970,101,alpha=1.9
971,99,alpha=1.9
972,113,alpha=1.9
973,98,alpha=1.9
974,99,alpha=1.9
975,111,alpha=1.9
976,103,alpha=1.9
977,110,alpha=1.9
978,106,alpha=1.9
979,104,alpha=1.9
980,98,alpha=1.9
981,90,alpha=1.9
982,106,alpha=1.9
983,98,alpha=1.9
984,116,alpha=1.9
985,95,alpha=1.9
986,115,alpha=1.9
987,119,alpha=1.9
988,87,alpha=1.9
989,99,alpha=1.9
990,100,alpha=1.9
991,103,alpha=1.9
992,75,alpha=1.9
993,102,alpha=1.9
994,100,alpha=1.9
995,90,alpha=1.9
996,100,alpha=1.9
997,97,alpha=1.9
998,102,alpha=1.9
999,96,alpha=1.9
1000,102,alpha=1.9
1001,101,alpha=1.9
1002,114,alpha=1.9
1003,98,alpha=1.9
1004,99,alpha=1.9
1005,90,alpha=1.9
1006,127,alpha=1.9
1007,103,alpha=1.9
1008,85,alpha=1.9
1009,108,alpha=1.9
1010,96,alpha=1.9
1011,86,alpha=1.9
1012,99,alpha=1.9
1013,112,alpha=1.9
1014,99,alpha=1.9
1015,90,alpha=1.9
1016,96,alpha=1.9
1017,105,alpha=1.9
1018,112,alpha=1.9
1019,88,alpha=1.9
1020,106,alpha=1.9
1021,107,alpha=1.9
1022,91,alpha=1.9
1023,117,alpha=1.9
1024,102,alpha=1.9
1025,98,alpha=1.9
1026,105,alpha=1.9
1027,106,alpha=1.9
1028,87,alpha=1.9
1029,97,alpha=1.9
1030,96,alpha=1.9
1031,85,alpha=1.9
1032,77,alpha=1.9
1033,95,alpha=1.9
1034,89,alpha=1.9
1035,86,alpha=1.9
1036,99,alpha=1.9
1037,106,alpha=1.9
1038,93,alpha=1.9
1039,100,alpha=1.9
1040,101,alpha=1.9
1041,108,alpha=1.9
1042,85,alpha=1.9
1043,89,alpha=1.9
1044,91,alpha=1.9
1045,114,alpha=1.9
1046,113,alpha=1.9
1047,93,alpha=1.9
1048,109,alpha=1.9
1049,104,alpha=1.9
1050,96,alpha=1.9
1051,118,alpha=1.9
1052,109,alpha=1.9
1053,115,alpha=1.9
1054,107,alpha=1.9
1055,88,alpha=1.9
1056,105,alpha=1.9
1057,99,alpha=1.9
1058,94,alpha=1.9
1059,98,alpha=1.9
1060,112,alpha=1.9
1061,119,alpha=1.9
1062,87,alpha=1.9
1063,105,alpha=1.9
1064,113,alpha=1.9
1065,104,alpha=1.9
1066,96,alpha=1.9
1067,99,alpha=1.9
1068,114,alpha=1.9
1069,96,alpha=1.9
1070,79,alpha=1.9
1071,107,alpha=1.9
1072,101,alpha=1.9
1073,102,alpha=1.9
1074,110,alpha=1.9
1075,105,alpha=1.9
1076,107,alpha=1.9
1077,104,alpha=1.9
1078,98,alpha=1.9
1079,117,alpha=1.9
1080,98,alpha=1.9
1081,72,alpha=1.9
1082,91,alpha=1.9
1083,123,alpha=1.9
1084,101,alpha=1.9
1085,102,alpha=1.9
1086,98,alpha=1.9
1087,101,alpha=1.9
1088,91,alpha=1.9
1089,101,alpha=1.9
1090,105,alpha=1.9
1091,98,alpha=1.9
1092,84,alpha=1.9
1093,105,alpha=1.9
1094,104,alpha=1.9
1095,94,alpha=1.9
1096,86,alpha=1.9
1097,106,alpha=1.9
1098,102,alpha=1.9
1099,84,alpha=1.9
1100,89,alpha=1.9
1101,103,alpha=1.9
1102,96,alpha=1.9
1103,101,alpha=1.9
1104,102,alpha=1.9
1105,99,alpha=1.9
1106,107,alpha=1.9
1107,98,alpha=1.9
1108,104,alpha=1.9
1109,92,alpha=1.9
1110,94,alpha=1.9
1111,118,alpha=1.9
1112,97,alpha=1.9
1113,94,alpha=1.9
1114,115,alpha=1.9
1115,111,alpha=1.9
1116,102,alpha=1.9
1117,89,alpha=1.9
1118,98,alpha=1.9
1119,104,alpha=1.9
1120,98,alpha=1.9
1121,97,alpha=1.9
1122,100,alpha=1.9
1123,91,alpha=1.9
1124,82,alpha=1.9
1125,86,alpha=1.9
1126,78,alpha=1.9
1127,115,alpha=1.9
1128,102,alpha=1.9
1129,108,alpha=1.9
1130,95,alpha=1.9
1131,103,alpha=1.9
1132,123,alpha=1.9
1133,76,alpha=1.9
1134,102,alpha=1.9
1135,96,alpha=1.9
1136,111,alpha=1.9
1137,95,alpha=1.9
1138,100,alpha=1.9
1139,104,alpha=1.9
1140,108,alpha=1.9
1141,99,alpha=1.9
1142,111,alpha=1.9
1143,70,alpha=1.9
1144,95,alpha=1.9
1145,95,alpha=1.9
1146,103,alpha=1.9
1147,85,alpha=1.9
1148,74,alpha=1.9
1149,96,alpha=1.9
1150,92,alpha=1.9
1151,106,alpha=1.9
1152,86,alpha=1.9
1153,106,alpha=1.9
1154,99,alpha=1.9
1155,101,alpha=1.9
1156,89,alpha=1.9
1157,101,alpha=1.9
1158,91,alpha=1.9
1159,89,alpha=1.9
1160,97,alpha=1.9
1161,103,alpha=1.9
1162,89,alpha=1.9
1163,103,alpha=1.9
1164,96,alpha=1.9
1165,100,alpha=1.9
1166,116,alpha=1.9
1167,83,alpha=1.9
1168,97,alpha=1.9
1169,101,alpha=1.9
1170,118,alpha=1.9
1171,91,alpha=1.9
1172,84,alpha=1.9
1173,94,alpha=1.9
1174,79,alpha=1.9
1175,105,alpha=1.9
1176,97,alpha=1.9
1177,74,alpha=1.9
1178,106,alpha=1.9
1179,109,alpha=1.9
1180,113,alpha=1.9
1181,106,alpha=1.9
1182,92,alpha=1.9
1183,118,alpha=1.9
1184,101,alpha=1.9
1185,84,alpha=1.9
1186,95,alpha=1.9
1187,95,alpha=1.9
1188,112,alpha=1.9
1189,96,alpha=1.9
1190,90,alpha=1.9
1191,93,alpha=1.9
1192,104,alpha=1.9
1193,91,alpha=1.9
1194,83,alpha=1.9
1195,108,alpha=1.9
1196,106,alpha=1.9
1197,98,alpha=1.9
1198,102,alpha=1.9
1199,103,alpha=1.9
1200,98,alpha=1.9
1201,86,alpha=1.9
1202,95,alpha=1.9
1203,89,alpha=1.9
1204,93,alpha=1.9
1205,110,alpha=1.9
1206,105,alpha=1.9
1207,121,alpha=1.9
1208,105,alpha=1.9
1209,99,alpha=1.9
1210,111,alpha=1.9
1211,112,alpha=1.9
1212,94,alpha=1.9
1213,97,alpha=1.9
1214,97,alpha=1.9
1215,106,alpha=1.9
1216,113,alpha=1.9
1217,112,alpha=1.9
1218,96,alpha=1.9
1219,99,alpha=1.9
1220,95,alpha=1.9
1221,99,alpha=1.9
1222,116,alpha=1.9
1223,97,alpha=1.9
1224,99,alpha=1.9
1225,85,alpha=1.9
1226,99,alpha=1.9
1227,79,alpha=1.9
1228,98,alpha=1.9
1229,113,alpha=1.9
1230,100,alpha=1.9
1231,89,alpha=1.9
1232,103,alpha=1.9
1233,108,alpha=1.9
1234,106,alpha=1.9
1235,109,alpha=1.9
1236,99,alpha=1.9
1237,94,alpha=1.9
1238,110,alpha=1.9
1239,107,alpha=1.9
1240,102,alpha=1.9
1241,104,alpha=1.9
1242,90,alpha=1.9
1243,112,alpha=1.9
1244,107,alpha=1.9
1245,100,alpha=1.9
1246,110,alpha=1.9
1247,111,alpha=1.9
1248,102,alpha=1.9
1249,99,alpha=1.9
1250,99,alpha=1.9
1251,112,alpha=1.9
1252,89,alpha=1.9
1253,114,alpha=1.9
1254,96,alpha=1.9
1255,107,alpha=1.9
1256,89,alpha=1.9
1257,90,alpha=1.9
1258,89,alpha=1.9
1259,112,alpha=1.9
1260,113,alpha=1.9
1261,104,alpha=1.9
1262,104,alpha=1.9
1263,107,alpha=1.9
1264,98,alpha=1.9
1265,101,alpha=1.9
1266,96,alpha=1.9
1267,93,alpha=1.9
1268,104,alpha=1.9
1269,109,alpha=1.9
1270,83,alpha=1.9
1271,101,alpha=1.9
1272,110,alpha=1.9
1273,82,alpha=1.9
1274,94,alpha=1.9
1275,83,alpha=1.9
1276,102,alpha=1.9
1277,94,alpha=1.9
1278,102,alpha=1.9
1279,105,alpha=1.9
1280,92,alpha=1.9
1281,77,alpha=1.9
1282,95,alpha=1.9
1283,95,alpha=1.9
1284,116,alpha=1.9
1285,84,alpha=1.9
1286,87,alpha=1.9
1287,117,alpha=1.9
1288,96,alpha=1.9
1289,82,alpha=1.9
1290,83,alpha=1.9
1291,114,alpha=1.9
1292,115,alpha=1.9
1293,103,alpha=1.9
1294,113,alpha=1.9
1295,108,alpha=1.9
1296,101,alpha=1.9
1297,120,alpha=1.9
1298,113,alpha=1.9
1299,96,alpha=1.9
1300,97,alpha=1.9
1301,93,alpha=1.9
1302,118,alpha=1.9
1303,103,alpha=1.9
1304,98,alpha=1.9
1305,86,alpha=1.9
1306,101,alpha=1.9
1307,102,alpha=1.9
1308,88,alpha=1.9
1309,89,alpha=1.9
1310,91,alpha=1.9
1311,94,alpha=1.9
1312,100,alpha=1.9
1313,96,alpha=1.9
1314,99,alpha=1.9
1315,89,alpha=1.9
1316,114,alpha=1.9
1317,105,alpha=1.9
1318,91,alpha=1.9
1319,118,alpha=1.9
1320,93,alpha=1.9
1321,115,alpha=1.9
1322,93,alpha=1.9
1323,102,alpha=1.9
1324,106,alpha=1.9
1325,108,alpha=1.9
1326,92,alpha=1.9
1327,110,alpha=1.9
1328,103,alpha=1.9
1329,104,alpha=1.9
1330,84,alpha=1.9
1331,104,alpha=1.9
1332,82,alpha=1.9
1333,110,alpha=1.9
1334,88,alpha=1.9
1335,93,alpha=1.9
1336,94,alpha=1.9
1337,105,alpha=1.9
1338,99,alpha=1.9
1339,83,alpha=1.9
1340,89,alpha=1.9
1341,97,alpha=1.9
1342,81,alpha=1.9
1343,87,alpha=1.9
1344,105,alpha=1.9
1345,96,alpha=1.9
1346,114,alpha=1.9
1347,111,alpha=1.9
1348,94,alpha=1.9
1349,115,alpha=1.9
1350,80,alpha=1.9
1351,113,alpha=1.9
1352,89,alpha=1.9
1353,92,alpha=1.9
1354,103,alpha=1.9
1355,108,alpha=1.9
1356,101,alpha=1.9
1357,111,alpha=1.9
1358,100,alpha=1.9
1359,96,alpha=1.9
1360,96,alpha=1.9
1361,106,alpha=1.9
1362,97,alpha=1.9
1363,90,alpha=1.9
1364,117,alpha=1.9
1365,106,alpha=1.9
1366,93,alpha=1.9
1367,96,alpha=1.9
1368,91,alpha=1.9
1369,113,alpha=1.9
1370,114,alpha=1.9
1371,97,alpha=1.9
1372,106,alpha=1.9
1373,103,alpha=1.9
1374,89,alpha=1.9
1375,102,alpha=1.9
1376,107,alpha=1.9
1377,93,alpha=1.9
1378,100,alpha=1.9
1379,103,alpha=1.9
1380,111,alpha=1.9
1381,109,alpha=1.9
1382,93,alpha=1.9
1383,107,alpha=1.9
1384,99,alpha=1.9
1385,95,alpha=1.9
1386,100,alpha=1.9
1387,92,alpha=1.9
1388,105,alpha=1.9
1389,94,alpha=1.9
1390,97,alpha=1.9
1391,112,alpha=1.9
1392,86,alpha=1.9
1393,99,alpha=1.9
1394,103,alpha=1.9
1395,82,alpha=1.9
1396,88,alpha=1.9
1397,109,alpha=1.9
1398,109,alpha=1.9
1399,118,alpha=1.9
1400,96,alpha=1.9
1401,103,alpha=1.9
1402,105,alpha=1.9
1403,119,alpha=1.9
1404,110,alpha=1.9
1405,107,alpha=1.9
1406,104,alpha=1.9
1407,101,alpha=1.9
1408,87,alpha=1.9
1409,89,alpha=1.9
1410,99,alpha=1.9
1411,96,alpha=1.9
1412,98,alpha=1.9
1413,93,alpha=1.9
1414,87,alpha=1.9
1415,108,alpha=1.9
1416,108,alpha=1.9
1417,94,alpha=1.9
1418,108,alpha=1.9
1419,93,alpha=1.9
1420,86,alpha=1.9
1421,83,alpha=1.9
1422,97,alpha=1.9
1423,103,alpha=1.9
1424,106,alpha=1.9
1425,102,alpha=1.9
1426,103,alpha=1.9
1427,106,alpha=1.9
1428,109,alpha=1.9
1429,80,alpha=1.9
1430,110,alpha=1.9
1431,93,alpha=1.9
1432,97,alpha=1.9
1433,90,alpha=1.9
1434,97,alpha=1.9
1435,81,alpha=1.9
1436,113,alpha=1.9
1437,110,alpha=1.9
1438,90,alpha=1.9
1439,96,alpha=1.9
1440,101,alpha=1.9
1441,110,alpha=1.9
1442,103,alpha=1.9
1443,78,alpha=1.9
1444,110,alpha=1.9
1445,106,alpha=1.9
1446,81,alpha=1.9
1447,86,alpha=1.9
1448,99,alpha=1.9
1449,102,alpha=1.9
1450,85,alpha=1.9
1451,108,alpha=1.9
1452,111,alpha=1.9
1453,98,alpha=1.9
1454,99,alpha=1.9
1455,92,alpha=1.9
1456,110,alpha=1.9
1457,101,alpha=1.9
1458,86,alpha=1.9
1459,93,alpha=1.9
1460,91,alpha=1.9
1461,91,alpha=1.9
1462,119,alpha=1.9
1463,104,alpha=1.9
1464,114,alpha=1.9
1465,101,alpha=1.9
1466,118,alpha=1.9
1467,94,alpha=1.9
1468,122,alpha=1.9
1469,86,alpha=1.9
1470,104,alpha=1.9
1471,117,alpha=1.9
1472,128,alpha=1.9
1473,94,alpha=1.9
1474,106,alpha=1.9
1475,86,alpha=1.9
1476,91,alpha=1.9
1477,97,alpha=1.9
1478,102,alpha=1.9
1479,101,alpha=1.9
1480,105,alpha=1.9
1481,89,alpha=1.9
1482,108,alpha=1.9
1483,108,alpha=1.9
1484,109,alpha=1.9
1485,99,alpha=1.9
1486,91,alpha=1.9
1487,106,alpha=1.9
1488,85,alpha=1.9
1489,92,alpha=1.9
1490,88,alpha=1.9
1491,92,alpha=1.9
1492,98,alpha=1.9
1493,90,alpha=1.9
1494,104,alpha=1.9
1495,87,alpha=1.9
1496,89,alpha=1.9
1497,107,alpha=1.9
1498,77,alpha=1.9
1499,101,alpha=1.9
1500,87,alpha=1.9
1501,107,alpha=1.9
1502,95,alpha=1.9
1503,98,alpha=1.9
1504,90,alpha=1.9
1505,100,alpha=1.9
1506,110,alpha=1.9
1507,111,alpha=1.9
1508,99,alpha=1.9
1509,96,alpha=1.9
1510,101,alpha=1.9
1511,104,alpha=1.9
1512,92,alpha=1.9
1513,102,alpha=1.9
1514,83,alpha=1.9
1515,93,alpha=1.9
1516,116,alpha=1.9
1517,110,alpha=1.9
1518,93,alpha=1.9
1519,99,alpha=1.9
1520,99,alpha=1.9
1521,92,alpha=1.9
1522,108,alpha=1.9
1523,107,alpha=1.9
1524,94,alpha=1.9
1525,98,alpha=1.9
1526,82,alpha=1.9
1527,91,alpha=1.9
1528,100,alpha=1.9
1529,83,alpha=1.9
1530,100,alpha=1.9
1531,100,alpha=1.9
1532,102,alpha=1.9
1533,112,alpha=1.9
1534,95,alpha=1.9
1535,93,alpha=1.9
1536,107,alpha=1.9
1537,100,alpha=1.9
1538,109,alpha=1.9
1539,105,alpha=1.9
1540,88,alpha=1.9
1541,88,alpha=1.9
1542,98,alpha=1.9
1543,103,alpha=1.9
1544,99,alpha=1.9
1545,97,alpha=1.9
1546,99,alpha=1.9
1547,110,alpha=1.9
1548,104,alpha=1.9
1549,102,alpha=1.9
1550,92,alpha=1.9
1551,88,alpha=1.9
1552,100,alpha=1.9
1553,107,alpha=1.9
1554,98,alpha=1.9
1555,82,alpha=1.9
1556,113,alpha=1.9
1557,92,alpha=1.9
1558,86,alpha=1.9
1559,87,alpha=1.9
1560,105,alpha=1.9
1561,92,alpha=1.9
1562,95,alpha=1.9
1563,94,alpha=1.9
1564,94,alpha=1.9
1565,116,alpha=1.9
1566,94,alpha=1.9
1567,88,alpha=1.9
1568,98,alpha=1.9
1569,98,alpha=1.9
1570,89,alpha=1.9
1571,99,alpha=1.9
1572,96,alpha=1.9
1573,95,alpha=1.9
1574,97,alpha=1.9
1575,96,alpha=1.9
1576,101,alpha=1.9
1577,104,alpha=1.9
1578,89,alpha=1.9
1579,106,alpha=1.9
1580,87,alpha=1.9
1581,102,alpha=1.9
1582,119,alpha=1.9
1583,91,alpha=1.9
1584,90,alpha=1.9
1585,92,alpha=1.9
1586,100,alpha=1.9
1587,93,alpha=1.9
1588,116,alpha=1.9
1589,118,alpha=1.9
1590,114,alpha=1.9
1591,98,alpha=1.9
1592,92,alpha=1.9
1593,111,alpha=1.9
1594,100,alpha=1.9
1595,97,alpha=1.9
1596,126,alpha=1.9
1597,108,alpha=1.9
1598,109,alpha=1.9
1599,91,alpha=1.9
1600,88,alpha=1.9
1601,110,alpha=1.9
1602,102,alpha=1.9
1603,112,alpha=1.9
1604,97,alpha=1.9
1605,91,alpha=1.9
1606,105,alpha=1.9
1607,101,alpha=1.9
1608,99,alpha=1.9
1609,104,alpha=1.9
1610,96,alpha=1.9
1611,110,alpha=1.9
1612,81,alpha=1.9
1613,99,alpha=1.9
1614,96,alpha=1.9
1615,106,alpha=1.9
1616,122,alpha=1.9
1617,110,alpha=1.9
1618,102,alpha=1.9
1619,103,alpha=1.9
1620,92,alpha=1.9
1621,103,alpha=1.9
1622,104,alpha=1.9
1623,115,alpha=1.9
1624,100,alpha=1.9
1625,106,alpha=1.9
1626,100,alpha=1.9
1627,103,alpha=1.9
1628,124,alpha=1.9
1629,79,alpha=1.9
1630,93,alpha=1.9
1631,103,alpha=1.9
1632,98,alpha=1.9
1633,88,alpha=1.9
1634,101,alpha=1.9
1635,107,alpha=1.9
1636,103,alpha=1.9
1637,132,alpha=1.9
1638,93,alpha=1.9
1639,102,alpha=1.9
1640,117,alpha=1.9
1641,103,alpha=1.9
1642,109,alpha=1.9
1643,123,alpha=1.9
1644,91,alpha=1.9
1645,86,alpha=1.9
1646,92,alpha=1.9
1647,104,alpha=1.9
1648,101,alpha=1.9
1649,90,alpha=1.9
1650,102,alpha=1.9
1651,119,alpha=1.9
1652,83,alpha=1.9
1653,93,alpha=1.9
1654,99,alpha=1.9
1655,116,alpha=1.9
1656,106,alpha=1.9
1657,105,alpha=1.9
1658,98,alpha=1.9
1659,96,alpha=1.9
1660,119,alpha=1.9
1661,95,alpha=1.9
1662,106,alpha=1.9
1663,97,alpha=1.9
1664,85,alpha=1.9
1665,100,alpha=1.9
1666,98,alpha=1.9
1667,89,alpha=1.9
1668,107,alpha=1.9
1669,104,alpha=1.9
1670,90,alpha=1.9
1671,103,alpha=1.9
1672,104,alpha=1.9
1673,97,alpha=1.9
1674,106,alpha=1.9
1675,88,alpha=1.9
1676,112,alpha=1.9
1677,85,alpha=1.9
1678,108,alpha=1.9
1679,86,alpha=1.9
1680,96,alpha=1.9
1681,103,alpha=1.9
1682,102,alpha=1.9
1683,107,alpha=1.9
1684,122,alpha=1.9
1685,107,alpha=1.9
1686,98,alpha=1.9
1687,99,alpha=1.9
1688,89,alpha=1.9
1689,119,alpha=1.9
1690,94,alpha=1.9
1691,104,alpha=1.9
1692,98,alpha=1.9
1693,101,alpha=1.9
1694,102,alpha=1.9
1695,91,alpha=1.9
1696,93,alpha=1.9
1697,98,alpha=1.9
1698,81,alpha=1.9
1699,100,alpha=1.9
1700,110,alpha=1.9
1701,116,alpha=1.9
1702,90,alpha=1.9
1703,97,alpha=1.9
1704,103,alpha=1.9
1705,115,alpha=1.9
1706,116,alpha=1.9
1707,107,alpha=1.9
1708,97,alpha=1.9
1709,84,alpha=1.9
1710,95,alpha=1.9
1711,84,alpha=1.9
1712,97,alpha=1.9
1713,102,alpha=1.9
1714,91,alpha=1.9
1715,107,alpha=1.9
1716,104,alpha=1.9
1717,112,alpha=1.9
1718,97,alpha=1.9
1719,97,alpha=1.9
1720,87,alpha=1.9
1721,89,alpha=1.9
1722,95,alpha=1.9
1723,97,alpha=1.9
1724,108,alpha=1.9
1725,104,alpha=1.9
1726,100,alpha=1.9
1727,108,alpha=1.9
1728,99,alpha=1.9
1729,123,alpha=1.9
1730,90,alpha=1.9
1731,116,alpha=1.9
1732,107,alpha=1.9
1733,95,alpha=1.9
1734,102,alpha=1.9
1735,94,alpha=1.9
1736,103,alpha=1.9
1737,102,alpha=1.9
1738,95,alpha=1.9
1739,98,alpha=1.9
1740,97,alpha=1.9
1741,112,alpha=1.9
1742,97,alpha=1.9
1743,76,alpha=1.9
1744,92,alpha=1.9
1745,106,alpha=1.9
1746,126,alpha=1.9
1747,93,alpha=1.9
1748,117,alpha=1.9
1749,109,alpha=1.9
1750,81,alpha=1.9
1751,117,alpha=1.9
1752,87,alpha=1.9
1753,95,alpha=1.9
1754,112,alpha=1.9
1755,93,alpha=1.9
1756,94,alpha=1.9
1757,116,alpha=1.9
1758,87,alpha=1.9
1759,96,alpha=1.9
1760,98,alpha=1.9
1761,111,alpha=1.9
1762,116,alpha=1.9
1763,89,alpha=1.9
1764,85,alpha=1.9
1765,102,alpha=1.9
1766,96,alpha=1.9
1767,115,alpha=1.9
1768,101,alpha=1.9
1769,108,alpha=1.9
1770,100,alpha=1.9
1771,104,alpha=1.9
1772,102,alpha=1.9
1773,104,alpha=1.9
1774,99,alpha=1.9
1775,92,alpha=1.9
1776,86,alpha=1.9
1777,95,alpha=1.9
1778,108,alpha=1.9
1779,114,alpha=1.9
1780,107,alpha=1.9
1781,109,alpha=1.9
1782,98,alpha=1.9
1783,108,alpha=1.9
1784,91,alpha=1.9
1785,105,alpha=1.9
1786,111,alpha=1.9
1787,89,alpha=1.9
1788,101,alpha=1.9
1789,100,alpha=1.9
1790,104,alpha=1.9
1791,109,alpha=1.9
1792,117,alpha=1.9
1793,88,alpha=1.9
1794,89,alpha=1.9
1795,93,alpha=1.9
1796,80,alpha=1.9
1797,98,alpha=1.9
1798,89,alpha=1.9
1799,112,alpha=1.9
1800,79,alpha=1.9
1801,94,alpha=1.9
1802,94,alpha=1.9
1803,103,alpha=1.9
1804,112,alpha=1.9
1805,93,alpha=1.9
1806,94,alpha=1.9
1807,111,alpha=1.9
1808,90,alpha=1.9
1809,99,alpha=1.9
1810,109,alpha=1.9
1811,84,alpha=1.9
1812,111,alpha=1.9
1813,108,alpha=1.9
1814,102,alpha=1.9
1815,91,alpha=1.9
1816,100,alpha=1.9
1817,92,alpha=1.9
1818,99,alpha=1.9
1819,99,alpha=1.9
1820,94,alpha=1.9
1821,79,alpha=1.9
1822,107,alpha=1.9
1823,90,alpha=1.9
1824,127,alpha=1.9
1825,95,alpha=1.9
1826,110,alpha=1.9
1827,90,alpha=1.9
1828,99,alpha=1.9
1829,125,alpha=1.9
1830,106,alpha=1.9
1831,104,alpha=1.9
1832,110,alpha=1.9
1833,87,alpha=1.9
1834,99,alpha=1.9
1835,98,alpha=1.9
1836,107,alpha=1.9
1837,105,alpha=1.9
1838,106,alpha=1.9
1839,126,alpha=1.9
1840,105,alpha=1.9
1841,92,alpha=1.9
1842,108,alpha=1.9
1843,101,alpha=1.9
1844,109,alpha=1.9
1845,93,alpha=1.9
1846,99,alpha=1.9
1847,93,alpha=1.9
1848,110,alpha=1.9
1849,106,alpha=1.9
1850,84,alpha=1.9
1851,111,alpha=1.9
1852,90,alpha=1.9
1853,93,alpha=1.9
1854,109,alpha=1.9
1855,86,alpha=1.9
1856,87,alpha=1.9
1857,105,alpha=1.9
1858,107,alpha=1.9
1859,99,alpha=1.9
1860,79,alpha=1.9
1861,105,alpha=1.9
1862,111,alpha=1.9
1863,105,alpha=1.9
1864,89,alpha=1.9
1865,78,alpha=1.9
1866,77,alpha=1.9
1867,106,alpha=1.9
1868,97,alpha=1.9
1869,93,alpha=1.9
1870,97,alpha=1.9
1871,97,alpha=1.9
1872,99,alpha=1.9
1873,92,alpha=1.9
1874,120,alpha=1.9
1875,86,alpha=1.9
1876,104,alpha=1.9
1877,99,alpha=1.9
1878,81,alpha=1.9
1879,79,alpha=1.9
1880,97,alpha=1.9
1881,110,alpha=1.9
1882,74,alpha=1.9
1883,113,alpha=1.9
1884,107,alpha=1.9
1885,96,alpha=1.9
1886,100,alpha=1.9
1887,94,alpha=1.9
1888,98,alpha=1.9
1889,107,alpha=1.9
1890,83,alpha=1.9
1891,106,alpha=1.9
1892,108,alpha=1.9
1893,101,alpha=1.9
1894,101,alpha=1.9
1895,105,alpha=1.9
1896,101,alpha=1.9
1897,97,alpha=1.9
1898,108,alpha=1.9
1899,100,alpha=1.9
1900,99,alpha=1.9
1901,91,alpha=1.9
1902,108,alpha=1.9
1903,112,alpha=1.9
1904,90,alpha=1.9
1905,85,alpha=1.9
1906,107,alpha=1.9
1907,112,alpha=1.9
1908,99,alpha=1.9
1909,111,alpha=1.9
1910,98,alpha=1.9
1911,113,alpha=1.9
1912,95,alpha=1.9
1913,78,alpha=1.9
1914,79,alpha=1.9
1915,94,alpha=1.9
1916,107,alpha=1.9
1917,124,alpha=1.9
1918,106,alpha=1.9
1919,104,alpha=1.9
1920,106,alpha=1.9
1921,101,alpha=1.9
1922,100,alpha=1.9
1923,96,alpha=1.9
1924,105,alpha=1.9
1925,86,alpha=1.9
1926,96,alpha=1.9
1927,88,alpha=1.9
1928,111,alpha=1.9
1929,103,alpha=1.9
1930,97,alpha=1.9
1931,110,alpha=1.9
1932,94,alpha=1.9
1933,118,alpha=1.9
1934,99,alpha=1.9
1935,108,alpha=1.9
1936,88,alpha=1.9
1937,100,alpha=1.9
1938,86,alpha=1.9
1939,102,alpha=1.9
1940,104,alpha=1.9
1941,97,alpha=1.9
1942,87,alpha=1.9
1943,108,alpha=1.9
1944,93,alpha=1.9
1945,103,alpha=1.9
1946,93,alpha=1.9
1947,114,alpha=1.9
1948,95,alpha=1.9
1949,98,alpha=1.9
1950,106,alpha=1.9
1951,95,alpha=1.9
1952,113,alpha=1.9
1953,98,alpha=1.9
1954,93,alpha=1.9
1955,102,alpha=1.9
1956,81,alpha=1.9
1957,94,alpha=1.9
1958,101,alpha=1.9
1959,104,alpha=1.9
1960,97,alpha=1.9
1961,100,alpha=1.9
1962,106,alpha=1.9
1963,89,alpha=1.9
1964,94,alpha=1.9
1965,100,alpha=1.9
1966,107,alpha=1.9
1967,95,alpha=1.9
1968,108,alpha=1.9
1969,88,alpha=1.9
1970,100,alpha=1.9
1971,94,alpha=1.9
1972,91,alpha=1.9
1973,100,alpha=1.9
1974,94,alpha=1.9
1975,86,alpha=1.9
1976,80,alpha=1.9
1977,115,alpha=1.9
1978,98,alpha=1.9
1979,80,alpha=1.9
1980,109,alpha=1.9
1981,96,alpha=1.9
1982,114,alpha=1.9
1983,104,alpha=1.9
1984,93,alpha=1.9
1985,97,alpha=1.9
1986,104,alpha=1.9
1987,107,alpha=1.9
1988,88,alpha=1.9
1989,116,alpha=1.9
1990,107,alpha=1.9
1991,101,alpha=1.9
1992,92,alpha=1.9
1993,93,alpha=1.9
1994,108,alpha=1.9
1995,99,alpha=1.9
1996,106,alpha=1.9
1997,109,alpha=1.9
1998,118,alpha=1.9
1999,103,alpha=1.9
2000,99,alpha=1.9
2001,91,alpha=1.9
2002,115,alpha=1.9
2003,93,alpha=1.9
2004,111,alpha=1.9
2005,89,alpha=1.9
2006,117,alpha=1.9
2007,101,alpha=1.9
2008,101,alpha=1.9
2009,84,alpha=1.9
2010,101,alpha=1.9
2011,105,alpha=1.9
2012,100,alpha=1.9
2013,108,alpha=1.9
2014,100,alpha=1.9
2015,107,alpha=1.9
2016,96,alpha=1.9
2017,83,alpha=1.9
2018,102,alpha=1.9
2019,102,alpha=1.9
2020,88,alpha=1.9
2021,93,alpha=1.9
2022,87,alpha=1.9
2023,99,alpha=1.9
2024,103,alpha=1.9
2025,85,alpha=1.9
2026,110,alpha=1.9
2027,103,alpha=1.9
2028,92,alpha=1.9
2029,83,alpha=1.9
2030,129,alpha=1.9
2031,98,alpha=1.9
2032,94,alpha=1.9
2033,93,alpha=1.9
2034,101,alpha=1.9
2035,110,alpha=1.9
2036,109,alpha=1.9
2037,93,alpha=1.9
2038,117,alpha=1.9
2039,95,alpha=1.9
2040,91,alpha=1.9
2041,93,alpha=1.9
2042,94,alpha=1.9
2043,98,alpha=1.9
2044,107,alpha=1.9
2045,98,alpha=1.9
2046,112,alpha=1.9
2047,100,alpha=1.9
2048,84,alpha=1.9
2049,103,alpha=1.9
2050,103,alpha=1.9
2051,90,alpha=1.9
2052,103,alpha=1.9
2053,116,alpha=1.9
2054,93,alpha=1.9
2055,103,alpha=1.9
2056,118,alpha=1.9
2057,113,alpha=1.9
2058,99,alpha=1.9
2059,102,alpha=1.9
2060,105,alpha=1.9
2061,104,alpha=1.9
2062,89,alpha=1.9
2063,105,alpha=1.9
2064,110,alpha=1.9
2065,118,alpha=1.9
2066,84,alpha=1.9
2067,109,alpha=1.9
2068,102,alpha=1.9
2069,110,alpha=1.9
2070,95,alpha=1.9
2071,96,alpha=1.9
2072,103,alpha=1.9
2073,99,alpha=1.9
2074,101,alpha=1.9
2075,107,alpha=1.9
2076,96,alpha=1.9
2077,105,alpha=1.9
2078,106,alpha=1.9
2079,90,alpha=1.9
2080,102,alpha=1.9
2081,109,alpha=1.9
2082,112,alpha=1.9
2083,92,alpha=1.9
2084,106,alpha=1.9
2085,88,alpha=1.9
2086,89,alpha=1.9
2087,84,alpha=1.9
2088,87,alpha=1.9
2089,105,alpha=1.9
2090,101,alpha=1.9
2091,92,alpha=1.9
2092,102,alpha=1.9
2093,105,alpha=1.9
2094,123,alpha=1.9
2095,100,alpha=1.9
2096,91,alpha=1.9
2097,93,alpha=1.9
2098,105,alpha=1.9
2099,79,alpha=1.9
2100,100,alpha=1.9
2101,102,alpha=1.9
2102,106,alpha=1.9
2103,101,alpha=1.9
2104,94,alpha=1.9
2105,97,alpha=1.9
2106,109,alpha=1.9
2107,102,alpha=1.9
2108,104,alpha=1.9
2109,101,alpha=1.9
2110,99,alpha=1.9
2111,113,alpha=1.9
2112,107,alpha=1.9
2113,115,alpha=1.9
2114,91,alpha=1.9
2115,96,alpha=1.9
2116,101,alpha=1.9
2117,103,alpha=1.9
2118,112,alpha=1.9
2119,99,alpha=1.9
2120,101,alpha=1.9
2121,92,alpha=1.9
2122,111,alpha=1.9
2123,120,alpha=1.9
2124,99,alpha=1.9
2125,94,alpha=1.9
2126,111,alpha=1.9
2127,108,alpha=1.9
2128,101,alpha=1.9
2129,101,alpha=1.9
2130,98,alpha=1.9
2131,93,alpha=1.9
2132,88,alpha=1.9
2133,97,alpha=1.9
2134,90,alpha=1.9
2135,84,alpha=1.9
2136,108,alpha=1.9
2137,96,alpha=1.9
2138,93,alpha=1.9
2139,107,alpha=1.9
2140,104,alpha=1.9
2141,103,alpha=1.9
2142,100,alpha=1.9
2143,95,alpha=1.9
2144,97,alpha=1.9
2145,105,alpha=1.9
2146,108,alpha=1.9
2147,103,alpha=1.9
2148,93,alpha=1.9
2149,102,alpha=1.9
2150,93,alpha=1.9
2151,116,alpha=1.9
2152,90,alpha=1.9
2153,97,alpha=1.9
2154,87,alpha=1.9
2155,109,alpha=1.9
2156,93,alpha=1.9
2157,90,alpha=1.9
2158,92,alpha=1.9
2159,93,alpha=1.9
2160,90,alpha=1.9
2161,100,alpha=1.9
2162,81,alpha=1.9
2163,91,alpha=1.9
2164,90,alpha=1.9
2165,100,alpha=1.9
2166,102,alpha=1.9
2167,105,alpha=1.9
2168,88,alpha=1.9
2169,105,alpha=1.9
2170,97,alpha=1.9
2171,99,alpha=1.9
2172,85,alpha=1.9
2173,94,alpha=1.9
2174,99,alpha=1.9
2175,95,alpha=1.9
2176,88,alpha=1.9
2177,84,alpha=1.9
2178,100,alpha=1.9
2179,77,alpha=1.9
2180,90,alpha=1.9
2181,102,alpha=1.9
2182,107,alpha=1.9
2183,102,alpha=1.9
2184,88,alpha=1.9
2185,98,alpha=1.9
2186,86,alpha=1.9
2187,106,alpha=1.9
2188,70,alpha=1.9
2189,101,alpha=1.9
2190,127,alpha=1.9
2191,126,alpha=1.9
2192,100,alpha=1.9
2193,113,alpha=1.9
2194,99,alpha=1.9
2195,92,alpha=1.9
2196,129,alpha=1.9
2197,90,alpha=1.9
2198,104,alpha=1.9
2199,90,alpha=1.9
2200,92,alpha=1.9
2201,110,alpha=1.9
2202,104,alpha=1.9
2203,86,alpha=1.9
2204,89,alpha=1.9
2205,112,alpha=1.9
2206,126,alpha=1.9
2207,115,alpha=1.9
2208,91,alpha=1.9
2209,99,alpha=1.9
2210,112,alpha=1.9
2211,103,alpha=1.9
2212,118,alpha=1.9
2213,91,alpha=1.9
2214,101,alpha=1.9
2215,92,alpha=1.9
2216,103,alpha=1.9
2217,115,alpha=1.9
2218,107,alpha=1.9
2219,104,alpha=1.9
2220,112,alpha=1.9
2221,115,alpha=1.9
2222,105,alpha=1.9
2223,88,alpha=1.9
2224,94,alpha=1.9
2225,98,alpha=1.9
2226,106,alpha=1.9
2227,101,alpha=1.9
2228,121,alpha=1.9
2229,103,alpha=1.9
2230,97,alpha=1.9
2231,94,alpha=1.9
2232,109,alpha=1.9
2233,86,alpha=1.9
2234,95,alpha=1.9
2235,111,alpha=1.9
2236,104,alpha=1.9
2237,114,alpha=1.9
2238,123,alpha=1.9
2239,110,alpha=1.9
2240,120,alpha=1.9
2241,93,alpha=1.9
2242,101,alpha=1.9
2243,95,alpha=1.9
2244,101,alpha=1.9
2245,92,alpha=1.9
2246,102,alpha=1.9
2247,90,alpha=1.9
2248,112,alpha=1.9
2249,99,alpha=1.9
2250,104,alpha=1.9
2251,112,alpha=1.9
2252,92,alpha=1.9
2253,87,alpha=1.9
2254,75,alpha=1.9
2255,88,alpha=1.9
2256,90,alpha=1.9
2257,93,alpha=1.9
2258,118,alpha=1.9
2259,94,alpha=1.9
2260,98,alpha=1.9
2261,109,alpha=1.9
2262,108,alpha=1.9
2263,98,alpha=1.9
2264,87,alpha=1.9
2265,108,alpha=1.9
2266,99,alpha=1.9
2267,101,alpha=1.9
2268,97,alpha=1.9
2269,93,alpha=1.9
2270,90,alpha=1.9
2271,94,alpha=1.9
2272,94,alpha=1.9
2273,107,alpha=1.9
2274,118,alpha=1.9
2275,106,alpha=1.9
2276,88,alpha=1.9
2277,107,alpha=1.9
2278,127,alpha=1.9
2279,86,alpha=1.9
2280,86,alpha=1.9
2281,99,alpha=1.9
2282,109,alpha=1.9
2283,110,alpha=1.9
2284,110,alpha=1.9
2285,100,alpha=1.9
2286,88,alpha=1.9
2287,96,alpha=1.9
2288,107,alpha=1.9
2289,106,alpha=1.9
2290,89,alpha=1.9
2291,105,alpha=1.9
2292,100,alpha=1.9
2293,85,alpha=1.9
2294,99,alpha=1.9
2295,94,alpha=1.9
2296,114,alpha=1.9
2297,95,alpha=1.9
2298,97,alpha=1.9
2299,109,alpha=1.9
2300,93,alpha=1.9
2301,103,alpha=1.9
2302,106,alpha=1.9
2303,95,alpha=1.9
2304,97,alpha=1.9
2305,97,alpha=1.9
2306,116,alpha=1.9
2307,98,alpha=1.9
2308,100,alpha=1.9
2309,96,alpha=1.9
2310,100,alpha=1.9
2311,112,alpha=1.9
2312,97,alpha=1.9
2313,96,alpha=1.9
2314,109,alpha=1.9
2315,110,alpha=1.9
2316,81,alpha=1.9
2317,104,alpha=1.9
2318,99,alpha=1.9
2319,98,alpha=1.9
2320,103,alpha=1.9
2321,84,alpha=1.9
2322,104,alpha=1.9
2323,102,alpha=1.9
2324,103,alpha=1.9
2325,114,alpha=1.9
2326,104,alpha=1.9
2327,103,alpha=1.9
2328,98,alpha=1.9
2329,90,alpha=1.9
2330,93,alpha=1.9
2331,104,alpha=1.9
2332,86,alpha=1.9
2333,99,alpha=1.9
2334,113,alpha=1.9
2335,83,alpha=1.9
2336,101,alpha=1.9
2337,88,alpha=1.9
2338,87,alpha=1.9
2339,87,alpha=1.9
2340,98,alpha=1.9
2341,103,alpha=1.9
2342,103,alpha=1.9
2343,94,alpha=1.9
2344,113,alpha=1.9
2345,93,alpha=1.9
2346,93,alpha=1.9
2347,94,alpha=1.9
2348,99,alpha=1.9
2349,100,alpha=1.9
2350,103,alpha=1.9
2351,102,alpha=1.9
2352,91,alpha=1.9
2353,103,alpha=1.9
2354,97,alpha=1.9
2355,98,alpha=1.9
2356,114,alpha=1.9
2357,95,alpha=1.9
2358,115,alpha=1.9
2359,111,alpha=1.9
2360,103,alpha=1.9
2361,113,alpha=1.9
2362,98,alpha=1.9
2363,108,alpha=1.9
2364,90,alpha=1.9
2365,97,alpha=1.9
2366,79,alpha=1.9
2367,118,alpha=1.9
2368,111,alpha=1.9
2369,92,alpha=1.9
2370,106,alpha=1.9
2371,79,alpha=1.9
2372,103,alpha=1.9
2373,90,alpha=1.9
2374,100,alpha=1.9
2375,98,alpha=1.9
2376,93,alpha=1.9
2377,94,alpha=1.9
2378,108,alpha=1.9
2379,99,alpha=1.9
2380,85,alpha=1.9
2381,120,alpha=1.9
2382,91,alpha=1.9
2383,108,alpha=1.9
2384,105,alpha=1.9
2385,105,alpha=1.9
2386,99,alpha=1.9
2387,100,alpha=1.9
2388,105,alpha=1.9
2389,107,alpha=1.9
2390,99,alpha=1.9
2391,127,alpha=1.9
2392,92,alpha=1.9
2393,99,alpha=1.9
2394,91,alpha=1.9
2395,95,alpha=1.9
2396,107,alpha=1.9
2397,100,alpha=1.9
2398,109,alpha=1.9
2399,99,alpha=1.9
2400,79,alpha=1.9
2401,121,alpha=1.9
2402,98,alpha=1.9
2403,91,alpha=1.9
2404,126,alpha=1.9
2405,95,alpha=1.9
2406,107,alpha=1.9
2407,94,alpha=1.9
2408,102,alpha=1.9
2409,97,alpha=1.9
2410,105,alpha=1.9
2411,103,alpha=1.9
2412,98,alpha=1.9
2413,112,alpha=1.9
2414,108,alpha=1.9
2415,99,alpha=1.9
2416,131,alpha=1.9
2417,97,alpha=1.9
2418,84,alpha=1.9
2419,116,alpha=1.9
2420,100,alpha=1.9
2421,103,alpha=1.9
2422,110,alpha=1.9
2423,96,alpha=1.9
2424,90,alpha=1.9
2425,111,alpha=1.9
2426,97,alpha=1.9
2427,107,alpha=1.9
2428,110,alpha=1.9
2429,101,alpha=1.9
2430,107,alpha=1.9
2431,105,alpha=1.9
2432,110,alpha=1.9
2433,110,alpha=1.9
2434,94,alpha=1.9
2435,102,alpha=1.9
2436,102,alpha=1.9
2437,104,alpha=1.9
2438,79,alpha=1.9
2439,109,alpha=1.9
2440,96,alpha=1.9
2441,95,alpha=1.9
2442,114,alpha=1.9
2443,99,alpha=1.9
2444,104,alpha=1.9
2445,114,alpha=1.9
2446,110,alpha=1.9
2447,106,alpha=1.9
2448,90,alpha=1.9
2449,100,alpha=1.9
2450,101,alpha=1.9
2451,108,alpha=1.9
2452,95,alpha=1.9
2453,88,alpha=1.9
2454,97,alpha=1.9
2455,105,alpha=1.9
2456,85,alpha=1.9
2457,110,alpha=1.9
2458,96,alpha=1.9
2459,114,alpha=1.9
2460,80,alpha=1.9
2461,104,alpha=1.9
2462,103,alpha=1.9
2463,100,alpha=1.9
2464,106,alpha=1.9
2465,98,alpha=1.9
2466,97,alpha=1.9
2467,86,alpha=1.9
2468,88,alpha=1.9
2469,89,alpha=1.9
2470,101,alpha=1.9
2471,108,alpha=1.9
2472,109,alpha=1.9
2473,103,alpha=1.9
2474,115,alpha=1.9
2475,98,alpha=1.9
2476,99,alpha=1.9
2477,78,alpha=1.9
2478,95,alpha=1.9
2479,105,alpha=1.9
2480,106,alpha=1.9
2481,103,alpha=1.9
2482,109,alpha=1.9
2483,117,alpha=1.9
2484,86,alpha=1.9
2485,107,alpha=1.9
2486,111,alpha=1.9
2487,103,alpha=1.9
2488,109,alpha=1.9
2489,94,alpha=1.9
2490,101,alpha=1.9
2491,104,alpha=1.9
2492,97,alpha=1.9
2493,105,alpha=1.9
2494,104,alpha=1.9
2495,108,alpha=1.9
2496,115,alpha=1.9
2497,109,alpha=1.9
2498,78,alpha=1.9
2499,106,alpha=1.9
2500,107,alpha=1.9
2501,82,alpha=1.9
2502,84,alpha=1.9
2503,77,alpha=1.9
2504,90,alpha=1.9
2505,100,alpha=1.9
2506,109,alpha=1.9
2507,119,alpha=1.9
2508,106,alpha=1.9
2509,98,alpha=1.9
2510,95,alpha=1.9
2511,100,alpha=1.9
2512,95,alpha=1.9
2513,84,alpha=1.9
2514,108,alpha=1.9
2515,109,alpha=1.9
2516,103,alpha=1.9
2517,90,alpha=1.9
2518,111,alpha=1.9
2519,101,alpha=1.9
2520,96,alpha=1.9
2521,105,alpha=1.9
2522,115,alpha=1.9
2523,123,alpha=1.9
2524,108,alpha=1.9
2525,88,alpha=1.9
2526,107,alpha=1.9
2527,88,alpha=1.9
2528,90,alpha=1.9
2529,102,alpha=1.9
2530,83,alpha=1.9
2531,118,alpha=1.9
2532,112,alpha=1.9
2533,96,alpha=1.9
2534,108,alpha=1.9
2535,101,alpha=1.9
2536,92,alpha=1.9
2537,101,alpha=1.9
2538,96,alpha=1.9
2539,95,alpha=1.9
2540,98,alpha=1.9
2541,109,alpha=1.9
2542,129,alpha=1.9
2543,97,alpha=1.9
2544,103,alpha=1.9
2545,88,alpha=1.9
2546,88,alpha=1.9
2547,95,alpha=1.9
2548,114,alpha=1.9
2549,92,alpha=1.9
2550,105,alpha=1.9
2551,98,alpha=1.9
2552,87,alpha=1.9
2553,100,alpha=1.9
2554,97,alpha=1.9
2555,96,alpha=1.9
2556,89,alpha=1.9
2557,92,alpha=1.9
2558,112,alpha=1.9
2559,96,alpha=1.9
2560,92,alpha=1.9
2561,112,alpha=1.9
2562,98,alpha=1.9
2563,112,alpha=1.9
2564,103,alpha=1.9
2565,92,alpha=1.9
2566,99,alpha=1.9
2567,88,alpha=1.9
2568,95,alpha=1.9
2569,84,alpha=1.9
2570,101,alpha=1.9
2571,102,alpha=1.9
2572,96,alpha=1.9
2573,105,alpha=1.9
2574,87,alpha=1.9
2575,96,alpha=1.9
2576,104,alpha=1.9
2577,83,alpha=1.9
2578,117,alpha=1.9
2579,105,alpha=1.9
2580,97,alpha=1.9
2581,99,alpha=1.9
2582,91,alpha=1.9
2583,110,alpha=1.9
2584,114,alpha=1.9
2585,90,alpha=1.9
2586,109,alpha=1.9
2587,97,alpha=1.9
2588,101,alpha=1.9
2589,101,alpha=1.9
2590,87,alpha=1.9
2591,96,alpha=1.9
2592,105,alpha=1.9
2593,115,alpha=1.9
2594,125,alpha=1.9
2595,102,alpha=1.9
2596,105,alpha=1.9
2597,107,alpha=1.9
2598,81,alpha=1.9
2599,102,alpha=1.9
2600,101,alpha=1.9
2601,105,alpha=1.9
2602,99,alpha=1.9
2603,97,alpha=1.9
2604,108,alpha=1.9
2605,131,alpha=1.9
2606,107,alpha=1.9
2607,88,alpha=1.9
2608,98,alpha=1.9
2609,105,alpha=1.9
2610,100,alpha=1.9
2611,111,alpha=1.9
2612,94,alpha=1.9
2613,96,alpha=1.9
2614,89,alpha=1.9
2615,93,alpha=1.9
2616,87,alpha=1.9
2617,99,alpha=1.9
2618,108,alpha=1.9
2619,90,alpha=1.9
2620,104,alpha=1.9
2621,97,alpha=1.9
2622,107,alpha=1.9
2623,108,alpha=1.9
2624,94,alpha=1.9
2625,107,alpha=1.9
2626,98,alpha=1.9
2627,77,alpha=1.9
2628,108,alpha=1.9
2629,95,alpha=1.9
2630,124,alpha=1.9
2631,94,alpha=1.9
2632,104,alpha=1.9
2633,91,alpha=1.9
2634,112,alpha=1.9
2635,109,alpha=1.9
2636,107,alpha=1.9
2637,107,alpha=1.9
2638,91,alpha=1.9
2639,77,alpha=1.9
2640,106,alpha=1.9
2641,89,alpha=1.9
2642,106,alpha=1.9
2643,99,alpha=1.9
2644,100,alpha=1.9
2645,107,alpha=1.9
2646,107,alpha=1.9
2647,81,alpha=1.9
2648,88,alpha=1.9
2649,106,alpha=1.9
2650,82,alpha=1.9
2651,106,alpha=1.9
2652,100,alpha=1.9
2653,115,alpha=1.9
2654,112,alpha=1.9
2655,98,alpha=1.9
2656,106,alpha=1.9
2657,113,alpha=1.9
2658,84,alpha=1.9
2659,90,alpha=1.9
2660,89,alpha=1.9
2661,89,alpha=1.9
2662,100,alpha=1.9
2663,91,alpha=1.9
2664,93,alpha=1.9
2665,98,alpha=1.9
2666,108,alpha=1.9
2667,102,alpha=1.9
2668,98,alpha=1.9
2669,100,alpha=1.9
2670,85,alpha=1.9
2671,95,alpha=1.9
2672,100,alpha=1.9
2673,111,alpha=1.9
2674,85,alpha=1.9
2675,102,alpha=1.9
2676,97,alpha=1.9
2677,115,alpha=1.9
2678,113,alpha=1.9
2679,100,alpha=1.9
2680,106,alpha=1.9
2681,112,alpha=1.9
2682,103,alpha=1.9
2683,91,alpha=1.9
2684,92,alpha=1.9
2685,101,alpha=1.9
2686,94,alpha=1.9
2687,113,alpha=1.9
2688,113,alpha=1.9
2689,94,alpha=1.9
2690,92,alpha=1.9
2691,90,alpha=1.9
2692,84,alpha=1.9
2693,99,alpha=1.9
2694,112,alpha=1.9
2695,112,alpha=1.9
2696,103,alpha=1.9
2697,100,alpha=1.9
2698,106,alpha=1.9
2699,112,alpha=1.9
2700,86,alpha=1.9
2701,72,alpha=1.9
2702,91,alpha=1.9
2703,99,alpha=1.9
2704,106,alpha=1.9
2705,104,alpha=1.9
2706,85,alpha=1.9
2707,98,alpha=1.9
2708,102,alpha=1.9
2709,102,alpha=1.9
2710,86,alpha=1.9
2711,102,alpha=1.9
2712,108,alpha=1.9
2713,94,alpha=1.9
2714,88,alpha=1.9
2715,93,alpha=1.9
2716,105,alpha=1.9
2717,97,alpha=1.9
2718,107,alpha=1.9
2719,96,alpha=1.9
2720,105,alpha=1.9
2721,88,alpha=1.9
2722,114,alpha=1.9
2723,93,alpha=1.9
2724,108,alpha=1.9
2725,99,alpha=1.9
2726,98,alpha=1.9
2727,121,alpha=1.9
2728,101,alpha=1.9
2729,94,alpha=1.9
2730,104,alpha=1.9
2731,91,alpha=1.9
2732,100,alpha=1.9
2733,94,alpha=1.9
2734,92,alpha=1.9
2735,107,alpha=1.9
2736,94,alpha=1.9
2737,105,alpha=1.9
2738,109,alpha=1.9
2739,126,alpha=1.9
2740,108,alpha=1.9
2741,83,alpha=1.9
2742,105,alpha=1.9
2743,94,alpha=1.9
2744,119,alpha=1.9
2745,99,alpha=1.9
2746,107,alpha=1.9
2747,101,alpha=1.9
2748,94,alpha=1.9
2749,93,alpha=1.9
2750,82,alpha=1.9
2751,90,alpha=1.9
2752,107,alpha=1.9
2753,120,alpha=1.9
2754,94,alpha=1.9
2755,81,alpha=1.9
2756,110,alpha=1.9
2757,113,alpha=1.9
2758,94,alpha=1.9
2759,75,alpha=1.9
2760,122,alpha=1.9
2761,102,alpha=1.9
2762,107,alpha=1.9
2763,102,alpha=1.9
2764,107,alpha=1.9
2765,108,alpha=1.9
2766,90,alpha=1.9
2767,76,alpha=1.9
2768,85,alpha=1.9
2769,106,alpha=1.9
2770,99,alpha=1.9
2771,89,alpha=1.9
2772,101,alpha=1.9
2773,81,alpha=1.9
2774,103,alpha=1.9
2775,114,alpha=1.9
2776,91,alpha=1.9
2777,102,alpha=1.9
2778,114,alpha=1.9
2779,119,alpha=1.9
2780,83,alpha=1.9
2781,99,alpha=1.9
2782,96,alpha=1.9
2783,98,alpha=1.9
2784,107,alpha=1.9
2785,75,alpha=1.9
2786,91,alpha=1.9
2787,101,alpha=1.9
2788,104,alpha=1.9
2789,103,alpha=1.9
2790,102,alpha=1.9
2791,97,alpha=1.9
2792,106,alpha=1.9
2793,119,alpha=1.9
2794,113,alpha=1.9
2795,107,alpha=1.9
2796,106,alpha=1.9
2797,101,alpha=1.9
2798,94,alpha=1.9
2799,91,alpha=1.9
2800,91,alpha=1.9
2801,94,alpha=1.9
2802,94,alpha=1.9
2803,98,alpha=1.9
2804,101,alpha=1.9
2805,89,alpha=1.9
2806,90,alpha=1.9
2807,89,alpha=1.9
2808,87,alpha=1.9
2809,92,alpha=1.9
2810,104,alpha=1.9
2811,100,alpha=1.9
2812,105,alpha=1.9
2813,103,alpha=1.9
2814,110,alpha=1.9
2815,106,alpha=1.9
2816,109,alpha=1.9
2817,96,alpha=1.9
2818,110,alpha=1.9
2819,101,alpha=1.9
2820,99,alpha=1.9
2821,79,alpha=1.9
2822,113,alpha=1.9
2823,96,alpha=1.9
2824,111,alpha=1.9
2825,105,alpha=1.9
2826,103,alpha=1.9
2827,98,alpha=1.9
2828,90,alpha=1.9
2829,112,alpha=1.9
2830,111,alpha=1.9
2831,103,alpha=1.9
2832,96,alpha=1.9
2833,97,alpha=1.9
2834,86,alpha=1.9
2835,85,alpha=1.9
2836,78,alpha=1.9
2837,84,alpha=1.9
2838,107,alpha=1.9
2839,101,alpha=1.9
2840,112,alpha=1.9
2841,96,alpha=1.9
2842,114,alpha=1.9
2843,92,alpha=1.9
2844,109,alpha=1.9
2845,96,alpha=1.9
2846,80,alpha=1.9
2847,98,alpha=1.9
2848,115,alpha=1.9
2849,100,alpha=1.9
2850,91,alpha=1.9
2851,105,alpha=1.9
2852,91,alpha=1.9
2853,106,alpha=1.9
2854,95,alpha=1.9
2855,101,alpha=1.9
2856,105,alpha=1.9
2857,104,alpha=1.9
2858,94,alpha=1.9
2859,121,alpha=1.9
2860,83,alpha=1.9
2861,102,alpha=1.9
2862,112,alpha=1.9
2863,100,alpha=1.9
2864,105,alpha=1.9
2865,88,alpha=1.9
2866,71,alpha=1.9
2867,78,alpha=1.9
2868,103,alpha=1.9
2869,110,alpha=1.9
2870,107,alpha=1.9
2871,88,alpha=1.9
2872,103,alpha=1.9
2873,120,alpha=1.9
2874,92,alpha=1.9
2875,113,alpha=1.9
2876,107,alpha=1.9
2877,111,alpha=1.9
2878,106,alpha=1.9
2879,94,alpha=1.9
2880,105,alpha=1.9
2881,92,alpha=1.9
2882,101,alpha=1.9
2883,98,alpha=1.9
2884,113,alpha=1.9
2885,102,alpha=1.9
2886,91,alpha=1.9
2887,101,alpha=1.9
2888,95,alpha=1.9
2889,106,alpha=1.9
2890,101,alpha=1.9
2891,93,alpha=1.9
2892,115,alpha=1.9
2893,90,alpha=1.9
2894,94,alpha=1.9
2895,89,alpha=1.9
2896,98,alpha=1.9
2897,103,alpha=1.9
2898,100,alpha=1.9
2899,114,alpha=1.9
2900,110,alpha=1.9
2901,106,alpha=1.9
2902,110,alpha=1.9
2903,103,alpha=1.9
2904,91,alpha=1.9
2905,110,alpha=1.9
2906,101,alpha=1.9
2907,97,alpha=1.9
2908,112,alpha=1.9
2909,103,alpha=1.9
2910,132,alpha=1.9
2911,94,alpha=1.9
2912,104,alpha=1.9
2913,91,alpha=1.9
2914,96,alpha=1.9
2915,102,alpha=1.9
2916,112,alpha=1.9
2917,101,alpha=1.9
2918,104,alpha=1.9
2919,100,alpha=1.9
2920,105,alpha=1.9
2921,100,alpha=1.9
2922,98,alpha=1.9
2923,94,alpha=1.9
2924,106,alpha=1.9
2925,67,alpha=1.9
2926,110,alpha=1.9
2927,95,alpha=1.9
2928,88,alpha=1.9
2929,86,alpha=1.9
2930,110,alpha=1.9
2931,82,alpha=1.9
2932,96,alpha=1.9
2933,98,alpha=1.9
2934,115,alpha=1.9
2935,115,alpha=1.9
2936,88,alpha=1.9
2937,107,alpha=1.9
2938,88,alpha=1.9
2939,95,alpha=1.9
2940,102,alpha=1.9
2941,101,alpha=1.9
2942,109,alpha=1.9
2943,94,alpha=1.9
2944,99,alpha=1.9
2945,96,alpha=1.9
2946,88,alpha=1.9
2947,80,alpha=1.9
2948,91,alpha=1.9
2949,106,alpha=1.9
2950,111,alpha=1.9
2951,98,alpha=1.9
2952,97,alpha=1.9
2953,113,alpha=1.9
2954,101,alpha=1.9
2955,90,alpha=1.9
2956,93,alpha=1.9
2957,102,alpha=1.9
2958,100,alpha=1.9
2959,101,alpha=1.9
2960,84,alpha=1.9
2961,118,alpha=1.9
2962,104,alpha=1.9
2963,93,alpha=1.9
2964,95,alpha=1.9
2965,89,alpha=1.9
2966,104,alpha=1.9
2967,116,alpha=1.9
2968,97,alpha=1.9
2969,96,alpha=1.9
2970,101,alpha=1.9
2971,102,alpha=1.9
2972,92,alpha=1.9
2973,99,alpha=1.9
2974,112,alpha=1.9
2975,113,alpha=1.9
2976,97,alpha=1.9
2977,86,alpha=1.9
2978,110,alpha=1.9
2979,86,alpha=1.9
2980,101,alpha=1.9
2981,113,alpha=1.9
2982,90,alpha=1.9
2983,112,alpha=1.9
2984,79,alpha=1.9
2985,95,alpha=1.9
2986,96,alpha=1.9
2987,104,alpha=1.9
2988,100,alpha=1.9
2989,85,alpha=1.9
2990,99,alpha=1.9
2991,101,alpha=1.9
2992,124,alpha=1.9
2993,104,alpha=1.9
2994,97,alpha=1.9
2995,87,alpha=1.9
2996,96,alpha=1.9
2997,106,alpha=1.9
2998,106,alpha=1.9
2999,100,alpha=1.9
3000,102,alpha=1.9
3001,103,alpha=1.9
3002,123,alpha=1.9
3003,92,alpha=1.9
3004,102,alpha=1.9
3005,85,alpha=1.9
3006,104,alpha=1.9
3007,104,alpha=1.9
3008,96,alpha=1.9
3009,99,alpha=1.9
3010,95,alpha=1.9
3011,91,alpha=1.9
3012,116,alpha=1.9
3013,109,alpha=1.9
3014,89,alpha=1.9
3015,90,alpha=1.9
3016,91,alpha=1.9
3017,89,alpha=1.9
3018,113,alpha=1.9
3019,106,alpha=1.9
3020,103,alpha=1.9
3021,110,alpha=1.9
3022,91,alpha=1.9
3023,103,alpha=1.9
3024,99,alpha=1.9
3025,107,alpha=1.9
3026,106,alpha=1.9
3027,98,alpha=1.9
3028,99,alpha=1.9
3029,123,alpha=1.9
3030,109,alpha=1.9
3031,103,alpha=1.9
3032,103,alpha=1.9
3033,116,alpha=1.9
3034,100,alpha=1.9
3035,99,alpha=1.9
3036,99,alpha=1.9
3037,99,alpha=1.9
3038,118,alpha=1.9
3039,107,alpha=1.9
3040,103,alpha=1.9
3041,101,alpha=1.9
3042,88,alpha=1.9
3043,109,alpha=1.9
3044,105,alpha=1.9
3045,95,alpha=1.9
3046,99,alpha=1.9
3047,98,alpha=1.9
3048,107,alpha=1.9
3049,98,alpha=1.9
3050,117,alpha=1.9
3051,93,alpha=1.9
3052,92,alpha=1.9
3053,91,alpha=1.9
3054,98,alpha=1.9
3055,96,alpha=1.9
3056,74,alpha=1.9
3057,103,alpha=1.9
3058,98,alpha=1.9
3059,91,alpha=1.9
3060,96,alpha=1.9
3061,95,alpha=1.9
3062,108,alpha=1.9
3063,101,alpha=1.9
3064,97,alpha=1.9
3065,96,alpha=1.9
3066,98,alpha=1.9
3067,128,alpha=1.9
3068,104,alpha=1.9
3069,77,alpha=1.9
3070,127,alpha=1.9
3071,99,alpha=1.9
3072,91,alpha=1.9
3073,87,alpha=1.9
3074,98,alpha=1.9
3075,105,alpha=1.9
3076,92,alpha=1.9
3077,112,alpha=1.9
3078,121,alpha=1.9
3079,88,alpha=1.9
3080,103,alpha=1.9
3081,110,alpha=1.9
3082,107,alpha=1.9
3083,108,alpha=1.9
3084,113,alpha=1.9
3085,96,alpha=1.9
3086,118,alpha=1.9
3087,98,alpha=1.9
3088,98,alpha=1.9
3089,117,alpha=1.9
3090,79,alpha=1.9
3091,90,alpha=1.9
3092,103,alpha=1.9
3093,103,alpha=1.9
3094,83,alpha=1.9
3095,110,alpha=1.9
3096,97,alpha=1.9
3097,86,alpha=1.9
3098,104,alpha=1.9
3099,98,alpha=1.9
3100,102,alpha=1.9
3101,109,alpha=1.9
3102,111,alpha=1.9
3103,83,alpha=1.9
3104,108,alpha=1.9
3105,95,alpha=1.9
3106,95,alpha=1.9
3107,101,alpha=1.9
3108,107,alpha=1.9
3109,95,alpha=1.9
3110,85,alpha=1.9
3111,85,alpha=1.9
3112,92,alpha=1.9
3113,98,alpha=1.9
3114,110,alpha=1.9
3115,119,alpha=1.9
3116,91,alpha=1.9
3117,105,alpha=1.9
3118,112,alpha=1.9
3119,99,alpha=1.9
3120,92,alpha=1.9
3121,87,alpha=1.9
3122,90,alpha=1.9
3123,98,alpha=1.9
3124,93,alpha=1.9
3125,84,alpha=1.9
3126,91,alpha=1.9
3127,105,alpha=1.9
3128,90,alpha=1.9
3129,105,alpha=1.9
3130,98,alpha=1.9
3131,106,alpha=1.9
3132,100,alpha=1.9
3133,101,alpha=1.9
3134,111,alpha=1.9
3135,97,alpha=1.9
3136,103,alpha=1.9
3137,98,alpha=1.9
3138,109,alpha=1.9
3139,98,alpha=1.9
3140,115,alpha=1.9
3141,93,alpha=1.9
3142,110,alpha=1.9
3143,105,alpha=1.9
3144,101,alpha=1.9
3145,115,alpha=1.9
3146,92,alpha=1.9
3147,117,alpha=1.9
3148,104,alpha=1.9
3149,89,alpha=1.9
3150,96,alpha=1.9
3151,82,alpha=1.9
3152,95,alpha=1.9
3153,112,alpha=1.9
3154,115,alpha=1.9
3155,101,alpha=1.9
3156,117,alpha=1.9
3157,99,alpha=1.9
3158,107,alpha=1.9
3159,105,alpha=1.9
3160,107,alpha=1.9
3161,97,alpha=1.9
3162,104,alpha=1.9
3163,96,alpha=1.9
3164,87,alpha=1.9
3165,103,alpha=1.9
3166,93,alpha=1.9
3167,117,alpha=1.9
3168,109,alpha=1.9
3169,114,alpha=1.9
3170,101,alpha=1.9
3171,119,alpha=1.9
3172,111,alpha=1.9
3173,89,alpha=1.9
3174,125,alpha=1.9
3175,121,alpha=1.9
3176,98,alpha=1.9
3177,95,alpha=1.9
3178,107,alpha=1.9
3179,106,alpha=1.9
3180,102,alpha=1.9
3181,100,alpha=1.9
3182,106,alpha=1.9
3183,85,alpha=1.9
3184,99,alpha=1.9
3185,96,alpha=1.9
3186,109,alpha=1.9
3187,91,alpha=1.9
3188,113,alpha=1.9
3189,102,alpha=1.9
3190,86,alpha=1.9
3191,89,alpha=1.9
3192,111,alpha=1.9
3193,100,alpha=1.9
3194,89,alpha=1.9
3195,94,alpha=1.9
3196,85,alpha=1.9
3197,92,alpha=1.9
3198,97,alpha=1.9
3199,97,alpha=1.9
3200,101,alpha=1.9
3201,105,alpha=1.9
3202,99,alpha=1.9
3203,96,alpha=1.9
3204,109,alpha=1.9
3205,109,alpha=1.9
3206,96,alpha=1.9
3207,106,alpha=1.9
3208,80,alpha=1.9
3209,96,alpha=1.9
3210,103,alpha=1.9
3211,115,alpha=1.9
3212,110,alpha=1.9
3213,88,alpha=1.9
3214,103,alpha=1.9
3215,98,alpha=1.9
3216,114,alpha=1.9
3217,113,alpha=1.9
3218,104,alpha=1.9
3219,109,alpha=1.9
3220,90,alpha=1.9
3221,95,alpha=1.9
3222,100,alpha=1.9
3223,105,alpha=1.9
3224,102,alpha=1.9
3225,107,alpha=1.9
3226,107,alpha=1.9
3227,105,alpha=1.9
3228,88,alpha=1.9
3229,85,alpha=1.9
3230,98,alpha=1.9
3231,102,alpha=1.9
3232,87,alpha=1.9
3233,109,alpha=1.9
3234,92,alpha=1.9
3235,124,alpha=1.9
3236,99,alpha=1.9
3237,84,alpha=1.9
3238,101,alpha=1.9
3239,90,alpha=1.9
3240,99,alpha=1.9
3241,107,alpha=1.9
3242,84,alpha=1.9
3243,108,alpha=1.9
3244,96,alpha=1.9
3245,99,alpha=1.9
3246,102,alpha=1.9
3247,104,alpha=1.9
3248,104,alpha=1.9
3249,74,alpha=1.9
3250,104,alpha=1.9
3251,102,alpha=1.9
3252,87,alpha=1.9
3253,96,alpha=1.9
3254,105,alpha=1.9
3255,98,alpha=1.9
3256,95,alpha=1.9
3257,96,alpha=1.9
3258,104,alpha=1.9
3259,102,alpha=1.9
3260,94,alpha=1.9
3261,104,alpha=1.9
3262,104,alpha=1.9
3263,96,alpha=1.9
3264,95,alpha=1.9
3265,97,alpha=1.9
3266,106,alpha=1.9
3267,115,alpha=1.9
3268,97,alpha=1.9
3269,105,alpha=1.9
3270,97,alpha=1.9
3271,86,alpha=1.9
3272,102,alpha=1.9
3273,94,alpha=1.9
3274,88,alpha=1.9
3275,101,alpha=1.9
3276,89,alpha=1.9
3277,93,alpha=1.9
3278,107,alpha=1.9
3279,103,alpha=1.9
3280,101,alpha=1.9
3281,90,alpha=1.9
3282,81,alpha=1.9
3283,92,alpha=1.9
3284,101,alpha=1.9
3285,95,alpha=1.9
3286,94,alpha=1.9
3287,115,alpha=1.9
3288,77,alpha=1.9
3289,93,alpha=1.9
3290,95,alpha=1.9
3291,100,alpha=1.9
3292,108,alpha=1.9
3293,109,alpha=1.9
3294,100,alpha=1.9
3295,96,alpha=1.9
3296,90,alpha=1.9
3297,93,alpha=1.9
3298,94,alpha=1.9
3299,104,alpha=1.9
3300,94,alpha=1.9
3301,89,alpha=1.9
3302,93,alpha=1.9
3303,106,alpha=1.9
3304,101,alpha=1.9
3305,112,alpha=1.9
3306,90,alpha=1.9
3307,100,alpha=1.9
3308,104,alpha=1.9
3309,107,alpha=1.9
3310,102,alpha=1.9
3311,105,alpha=1.9
3312,97,alpha=1.9
3313,101,alpha=1.9
3314,102,alpha=1.9
3315,107,alpha=1.9
3316,97,alpha=1.9
3317,96,alpha=1.9
3318,91,alpha=1.9
3319,88,alpha=1.9
3320,109,alpha=1.9
3321,96,alpha=1.9
3322,108,alpha=1.9
3323,90,alpha=1.9
3324,107,alpha=1.9
3325,87,alpha=1.9
3326,91,alpha=1.9
3327,107,alpha=1.9
3328,89,alpha=1.9
3329,109,alpha=1.9
3330,96,alpha=1.9
3331,102,alpha=1.9
3332,94,alpha=1.9
3333,108,alpha=1.9
3334,81,alpha=1.9
3335,81,alpha=1.9
3336,104,alpha=1.9
3337,113,alpha=1.9
3338,90,alpha=1.9
3339,109,alpha=1.9
3340,88,alpha=1.9
3341,98,alpha=1.9
3342,114,alpha=1.9
3343,115,alpha=1.9
3344,91,alpha=1.9
3345,101,alpha=1.9
3346,96,alpha=1.9
3347,103,alpha=1.9
3348,100,alpha=1.9
3349,100,alpha=1.9
3350,74,alpha=1.9
3351,106,alpha=1.9
3352,84,alpha=1.9
3353,116,alpha=1.9
3354,91,alpha=1.9
3355,88,alpha=1.9
3356,108,alpha=1.9
3357,102,alpha=1.9
3358,107,alpha=1.9
3359,99,alpha=1.9
3360,96,alpha=1.9
3361,109,alpha=1.9
3362,110,alpha=1.9
3363,84,alpha=1.9
3364,105,alpha=1.9
3365,89,alpha=1.9
3366,96,alpha=1.9
3367,112,alpha=1.9
3368,112,alpha=1.9
3369,83,alpha=1.9
3370,97,alpha=1.9
3371,87,alpha=1.9
3372,94,alpha=1.9
3373,96,alpha=1.9
3374,92,alpha=1.9
3375,108,alpha=1.9
3376,108,alpha=1.9
3377,101,alpha=1.9
3378,107,alpha=1.9
3379,91,alpha=1.9
3380,101,alpha=1.9
3381,93,alpha=1.9
3382,112,alpha=1.9
3383,87,alpha=1.9
3384,110,alpha=1.9
3385,89,alpha=1.9
3386,86,alpha=1.9
3387,103,alpha=1.9
3388,96,alpha=1.9
3389,89,alpha=1.9
3390,108,alpha=1.9
3391,98,alpha=1.9
3392,109,alpha=1.9
3393,106,alpha=1.9
3394,100,alpha=1.9
3395,92,alpha=1.9
3396,90,alpha=1.9
3397,94,alpha=1.9
3398,95,alpha=1.9
3399,108,alpha=1.9
3400,89,alpha=1.9
3401,89,alpha=1.9
3402,80,alpha=1.9
3403,106,alpha=1.9
3404,107,alpha=1.9
3405,106,alpha=1.9
3406,105,alpha=1.9
3407,111,alpha=1.9
3408,114,alpha=1.9
3409,101,alpha=1.9
3410,95,alpha=1.9
3411,99,alpha=1.9
3412,106,alpha=1.9
3413,101,alpha=1.9
3414,121,alpha=1.9
3415,103,alpha=1.9
3416,101,alpha=1.9
3417,106,alpha=1.9
3418,91,alpha=1.9
3419,93,alpha=1.9
3420,83,alpha=1.9
3421,96,alpha=1.9
3422,100,alpha=1.9
3423,85,alpha=1.9
3424,105,alpha=1.9
3425,85,alpha=1.9
3426,119,alpha=1.9
3427,104,alpha=1.9
3428,107,alpha=1.9
3429,89,alpha=1.9
3430,112,alpha=1.9
3431,103,alpha=1.9
3432,93,alpha=1.9
3433,119,alpha=1.9
3434,102,alpha=1.9
3435,97,alpha=1.9
3436,95,alpha=1.9
3437,103,alpha=1.9
3438,96,alpha=1.9
3439,94,alpha=1.9
3440,95,alpha=1.9
3441,105,alpha=1.9
3442,108,alpha=1.9
3443,107,alpha=1.9
3444,100,alpha=1.9
3445,97,alpha=1.9
3446,105,alpha=1.9
3447,92,alpha=1.9
3448,135,alpha=1.9
3449,107,alpha=1.9
3450,91,alpha=1.9
3451,108,alpha=1.9
3452,99,alpha=1.9
3453,102,alpha=1.9
3454,101,alpha=1.9
3455,105,alpha=1.9
3456,88,alpha=1.9
3457,109,alpha=1.9
3458,104,alpha=1.9
3459,111,alpha=1.9
3460,102,alpha=1.9
3461,115,alpha=1.9
3462,90,alpha=1.9
3463,107,alpha=1.9
3464,108,alpha=1.9
3465,96,alpha=1.9
3466,108,alpha=1.9
3467,99,alpha=1.9
3468,110,alpha=1.9
3469,90,alpha=1.9
3470,100,alpha=1.9
3471,113,alpha=1.9
3472,97,alpha=1.9
3473,117,alpha=1.9
3474,109,alpha=1.9
3475,98,alpha=1.9
3476,110,alpha=1.9
3477,105,alpha=1.9
3478,99,alpha=1.9
3479,106,alpha=1.9
3480,103,alpha=1.9
3481,98,alpha=1.9
3482,98,alpha=1.9
3483,99,alpha=1.9
3484,107,alpha=1.9
3485,108,alpha=1.9
3486,103,alpha=1.9
3487,98,alpha=1.9
3488,105,alpha=1.9
3489,108,alpha=1.9
3490,100,alpha=1.9
3491,112,alpha=1.9
3492,110,alpha=1.9
3493,85,alpha=1.9
3494,96,alpha=1.9
3495,112,alpha=1.9
3496,67,alpha=1.9
3497,99,alpha=1.9
3498,90,alpha=1.9
3499,91,alpha=1.9
3500,99,alpha=1.9
3501,90,alpha=1.9
3502,91,alpha=1.9
3503,104,alpha=1.9
3504,101,alpha=1.9
3505,103,alpha=1.9
3506,99,alpha=1.9
3507,106,alpha=1.9
3508,122,alpha=1.9
3509,105,alpha=1.9
3510,95,alpha=1.9
3511,98,alpha=1.9
3512,90,alpha=1.9
3513,91,alpha=1.9
3514,83,alpha=1.9
3515,89,alpha=1.9
3516,118,alpha=1.9
3517,102,alpha=1.9
3518,108,alpha=1.9
3519,104,alpha=1.9
3520,111,alpha=1.9
3521,100,alpha=1.9
3522,81,alpha=1.9
3523,103,alpha=1.9
3524,109,alpha=1.9
3525,90,alpha=1.9
3526,115,alpha=1.9
3527,84,alpha=1.9
3528,100,alpha=1.9
3529,103,alpha=1.9
3530,96,alpha=1.9
3531,102,alpha=1.9
3532,90,alpha=1.9
3533,108,alpha=1.9
3534,96,alpha=1.9
3535,99,alpha=1.9
3536,105,alpha=1.9
3537,111,alpha=1.9
3538,105,alpha=1.9
3539,95,alpha=1.9
3540,98,alpha=1.9
3541,103,alpha=1.9
3542,92,alpha=1.9
3543,94,alpha=1.9
3544,96,alpha=1.9
3545,109,alpha=1.9
3546,93,alpha=1.9
3547,94,alpha=1.9
3548,88,alpha=1.9
3549,89,alpha=1.9
3550,102,alpha=1.9
3551,101,alpha=1.9
3552,89,alpha=1.9
3553,100,alpha=1.9
3554,114,alpha=1.9
3555,97,alpha=1.9
3556,90,alpha=1.9
3557,94,alpha=1.9
3558,103,alpha=1.9
3559,102,alpha=1.9
3560,104,alpha=1.9
3561,95,alpha=1.9
3562,124,alpha=1.9
3563,97,alpha=1.9
3564,98,alpha=1.9
3565,99,alpha=1.9
3566,103,alpha=1.9
3567,102,alpha=1.9
3568,96,alpha=1.9
3569,91,alpha=1.9
3570,104,alpha=1.9
3571,100,alpha=1.9
3572,89,alpha=1.9
3573,100,alpha=1.9
3574,91,alpha=1.9
3575,97,alpha=1.9
3576,98,alpha=1.9
3577,108,alpha=1.9
3578,107,alpha=1.9
3579,107,alpha=1.9
3580,130,alpha=1.9
3581,94,alpha=1.9
3582,93,alpha=1.9
3583,97,alpha=1.9
3584,99,alpha=1.9
3585,103,alpha=1.9
3586,106,alpha=1.9
3587,113,alpha=1.9
3588,84,alpha=1.9
3589,83,alpha=1.9
3590,100,alpha=1.9
3591,97,alpha=1.9
3592,101,alpha=1.9
3593,92,alpha=1.9
3594,96,alpha=1.9
3595,93,alpha=1.9
3596,99,alpha=1.9
3597,88,alpha=1.9
3598,85,alpha=1.9
3599,105,alpha=1.9
3600,96,alpha=1.9
3601,107,alpha=1.9
3602,102,alpha=1.9
3603,97,alpha=1.9
3604,104,alpha=1.9
3605,92,alpha=1.9
3606,101,alpha=1.9
3607,92,alpha=1.9
3608,109,alpha=1.9
3609,100,alpha=1.9
3610,91,alpha=1.9
3611,93,alpha=1.9
3612,80,alpha=1.9
3613,90,alpha=1.9
3614,110,alpha=1.9
3615,107,alpha=1.9
3616,108,alpha=1.9
3617,108,alpha=1.9
3618,98,alpha=1.9
3619,106,alpha=1.9
3620,105,alpha=1.9
3621,98,alpha=1.9
3622,79,alpha=1.9
3623,85,alpha=1.9
3624,113,alpha=1.9
3625,89,alpha=1.9
3626,86,alpha=1.9
3627,108,alpha=1.9
3628,70,alpha=1.9
3629,105,alpha=1.9
3630,99,alpha=1.9
3631,101,alpha=1.9
3632,86,alpha=1.9
3633,93,alpha=1.9
3634,87,alpha=1.9
3635,97,alpha=1.9
3636,102,alpha=1.9
3637,93,alpha=1.9
3638,104,alpha=1.9
3639,102,alpha=1.9
3640,105,alpha=1.9
3641,85,alpha=1.9
3642,83,alpha=1.9
3643,119,alpha=1.9
3644,95,alpha=1.9
3645,99,alpha=1.9
3646,96,alpha=1.9
3647,98,alpha=1.9
3648,89,alpha=1.9
3649,97,alpha=1.9
3650,97,alpha=1.9
3651,75,alpha=1.9
3652,97,alpha=1.9
3653,91,alpha=1.9
3654,110,alpha=1.9
3655,105,alpha=1.9
3656,110,alpha=1.9
3657,99,alpha=1.9
3658,108,alpha=1.9
3659,110,alpha=1.9
3660,126,alpha=1.9
3661,109,alpha=1.9
3662,93,alpha=1.9
3663,93,alpha=1.9
3664,99,alpha=1.9
3665,100,alpha=1.9
3666,114,alpha=1.9
3667,125,alpha=1.9
3668,99,alpha=1.9
3669,106,alpha=1.9
3670,103,alpha=1.9
3671,98,alpha=1.9
3672,110,alpha=1.9
3673,100,alpha=1.9
3674,98,alpha=1.9
3675,99,alpha=1.9
3676,102,alpha=1.9
3677,109,alpha=1.9
3678,123,alpha=1.9
3679,112,alpha=1.9
3680,99,alpha=1.9
3681,103,alpha=1.9
3682,106,alpha=1.9
3683,87,alpha=1.9
3684,110,alpha=1.9
3685,109,alpha=1.9
3686,92,alpha=1.9
3687,96,alpha=1.9
3688,99,alpha=1.9
3689,107,alpha=1.9
3690,86,alpha=1.9
3691,88,alpha=1.9
3692,103,alpha=1.9
3693,113,alpha=1.9
3694,92,alpha=1.9
3695,115,alpha=1.9
3696,105,alpha=1.9
3697,87,alpha=1.9
3698,103,alpha=1.9
3699,101,alpha=1.9
3700,84,alpha=1.9
3701,97,alpha=1.9
3702,89,alpha=1.9
3703,90,alpha=1.9
3704,98,alpha=1.9
3705,97,alpha=1.9
3706,105,alpha=1.9
3707,107,alpha=1.9
3708,106,alpha=1.9
3709,88,alpha=1.9
3710,98,alpha=1.9
3711,107,alpha=1.9
3712,93,alpha=1.9
3713,86,alpha=1.9
3714,89,alpha=1.9
3715,123,alpha=1.9
3716,107,alpha=1.9
3717,124,alpha=1.9
3718,99,alpha=1.9
3719,101,alpha=1.9
3720,106,alpha=1.9
3721,87,alpha=1.9
3722,117,alpha=1.9
3723,90,alpha=1.9
3724,97,alpha=1.9
3725,96,alpha=1.9
3726,106,alpha=1.9
3727,103,alpha=1.9
3728,100,alpha=1.9
3729,97,alpha=1.9
3730,84,alpha=1.9
3731,92,alpha=1.9
3732,87,alpha=1.9
3733,86,alpha=1.9
3734,95,alpha=1.9
3735,99,alpha=1.9
3736,106,alpha=1.9
3737,98,alpha=1.9
3738,121,alpha=1.9
3739,106,alpha=1.9
3740,91,alpha=1.9
3741,101,alpha=1.9
3742,88,alpha=1.9
3743,86,alpha=1.9
3744,99,alpha=1.9
3745,92,alpha=1.9
3746,110,alpha=1.9
3747,101,alpha=1.9
3748,117,alpha=1.9
3749,97,alpha=1.9
3750,91,alpha=1.9
3751,107,alpha=1.9
3752,94,alpha=1.9
3753,114,alpha=1.9
3754,95,alpha=1.9
3755,98,alpha=1.9
3756,108,alpha=1.9
3757,95,alpha=1.9
3758,92,alpha=1.9
3759,99,alpha=1.9
3760,84,alpha=1.9
3761,95,alpha=1.9
3762,90,alpha=1.9
3763,101,alpha=1.9
3764,97,alpha=1.9
3765,110,alpha=1.9
3766,95,alpha=1.9
3767,112,alpha=1.9
3768,83,alpha=1.9
3769,103,alpha=1.9
3770,121,alpha=1.9
3771,108,alpha=1.9
3772,105,alpha=1.9
3773,96,alpha=1.9
3774,92,alpha=1.9
3775,96,alpha=1.9
3776,98,alpha=1.9
3777,80,alpha=1.9
3778,104,alpha=1.9
3779,105,alpha=1.9
3780,85,alpha=1.9
3781,91,alpha=1.9
3782,108,alpha=1.9
3783,101,alpha=1.9
3784,81,alpha=1.9
3785,108,alpha=1.9
3786,97,alpha=1.9
3787,100,alpha=1.9
3788,102,alpha=1.9
3789,101,alpha=1.9
3790,93,alpha=1.9
3791,102,alpha=1.9
3792,92,alpha=1.9
3793,97,alpha=1.9
3794,92,alpha=1.9
3795,83,alpha=1.9
3796,104,alpha=1.9
3797,118,alpha=1.9
3798,86,alpha=1.9
3799,111,alpha=1.9
3800,86,alpha=1.9
3801,111,alpha=1.9
3802,101,alpha=1.9
3803,115,alpha=1.9
3804,106,alpha=1.9
3805,101,alpha=1.9
3806,99,alpha=1.9
3807,93,alpha=1.9
3808,107,alpha=1.9
3809,121,alpha=1.9
3810,91,alpha=1.9
3811,92,alpha=1.9
3812,102,alpha=1.9
3813,87,alpha=1.9
3814,98,alpha=1.9
3815,116,alpha=1.9
3816,97,alpha=1.9
3817,89,alpha=1.9
3818,91,alpha=1.9
3819,112,alpha=1.9
3820,99,alpha=1.9
3821,118,alpha=1.9
3822,107,alpha=1.9
3823,108,alpha=1.9
3824,90,alpha=1.9
3825,99,alpha=1.9
3826,113,alpha=1.9
3827,99,alpha=1.9
3828,95,alpha=1.9
3829,110,alpha=1.9
3830,91,alpha=1.9
3831,96,alpha=1.9
3832,98,alpha=1.9
3833,115,alpha=1.9
3834,77,alpha=1.9
3835,103,alpha=1.9
3836,98,alpha=1.9
3837,96,alpha=1.9
3838,95,alpha=1.9
3839,111,alpha=1.9
3840,104,alpha=1.9
3841,128,alpha=1.9
3842,108,alpha=1.9
3843,101,alpha=1.9
3844,112,alpha=1.9
3845,97,alpha=1.9
3846,102,alpha=1.9
3847,91,alpha=1.9
3848,94,alpha=1.9
3849,91,alpha=1.9
3850,94,alpha=1.9
3851,97,alpha=1.9
3852,100,alpha=1.9
3853,89,alpha=1.9
3854,86,alpha=1.9
3855,100,alpha=1.9
3856,94,alpha=1.9
3857,102,alpha=1.9
3858,103,alpha=1.9
3859,99,alpha=1.9
3860,95,alpha=1.9
3861,92,alpha=1.9
3862,100,alpha=1.9
3863,102,alpha=1.9
3864,100,alpha=1.9
3865,105,alpha=1.9
3866,93,alpha=1.9
3867,114,alpha=1.9
3868,80,alpha=1.9
3869,88,alpha=1.9
3870,103,alpha=1.9
3871,98,alpha=1.9
3872,100,alpha=1.9
3873,100,alpha=1.9
3874,109,alpha=1.9
3875,79,alpha=1.9
3876,127,alpha=1.9
3877,84,alpha=1.9
3878,97,alpha=1.9
3879,93,alpha=1.9
3880,120,alpha=1.9
3881,109,alpha=1.9
3882,87,alpha=1.9
3883,98,alpha=1.9
3884,91,alpha=1.9
3885,115,alpha=1.9
3886,113,alpha=1.9
3887,104,alpha=1.9
3888,98,alpha=1.9
3889,81,alpha=1.9
3890,98,alpha=1.9
3891,102,alpha=1.9
3892,99,alpha=1.9
3893,92,alpha=1.9
3894,94,alpha=1.9
3895,98,alpha=1.9
3896,90,alpha=1.9
3897,113,alpha=1.9
3898,98,alpha=1.9
3899,104,alpha=1.9
3900,112,alpha=1.9
3901,111,alpha=1.9
3902,93,alpha=1.9
3903,86,alpha=1.9
3904,118,alpha=1.9
3905,98,alpha=1.9
3906,107,alpha=1.9
3907,111,alpha=1.9
3908,92,alpha=1.9
3909,112,alpha=1.9
3910,84,alpha=1.9
3911,94,alpha=1.9
3912,86,alpha=1.9
3913,96,alpha=1.9
3914,110,alpha=1.9
3915,112,alpha=1.9
3916,93,alpha=1.9
3917,96,alpha=1.9
3918,113,alpha=1.9
3919,107,alpha=1.9
3920,86,alpha=1.9
3921,96,alpha=1.9
3922,97,alpha=1.9
3923,102,alpha=1.9
3924,94,alpha=1.9
3925,112,alpha=1.9
3926,114,alpha=1.9
3927,110,alpha=1.9
3928,90,alpha=1.9
3929,100,alpha=1.9
3930,90,alpha=1.9
3931,93,alpha=1.9
3932,120,alpha=1.9
3933,108,alpha=1.9
3934,92,alpha=1.9
3935,97,alpha=1.9
3936,88,alpha=1.9
3937,111,alpha=1.9
3938,102,alpha=1.9
3939,74,alpha=1.9
3940,102,alpha=1.9
3941,85,alpha=1.9
3942,108,alpha=1.9
3943,98,alpha=1.9
3944,101,alpha=1.9
3945,107,alpha=1.9
3946,117,alpha=1.9
3947,108,alpha=1.9
3948,108,alpha=1.9
3949,121,alpha=1.9
3950,91,alpha=1.9
3951,94,alpha=1.9
3952,98,alpha=1.9
3953,107,alpha=1.9
3954,111,alpha=1.9
3955,97,alpha=1.9
3956,133,alpha=1.9
3957,97,alpha=1.9
3958,102,alpha=1.9
3959,100,alpha=1.9
3960,95,alpha=1.9
3961,89,alpha=1.9
3962,99,alpha=1.9
3963,105,alpha=1.9
3964,95,alpha=1.9
3965,108,alpha=1.9
3966,97,alpha=1.9
3967,97,alpha=1.9
3968,96,alpha=1.9
3969,89,alpha=1.9
3970,128,alpha=1.9
3971,102,alpha=1.9
3972,105,alpha=1.9
3973,99,alpha=1.9
3974,106,alpha=1.9
3975,109,alpha=1.9
3976,71,alpha=1.9
3977,101,alpha=1.9
3978,98,alpha=1.9
3979,113,alpha=1.9
3980,98,alpha=1.9
3981,119,alpha=1.9
3982,85,alpha=1.9
3983,107,alpha=1.9
3984,102,alpha=1.9
3985,116,alpha=1.9
3986,82,alpha=1.9
3987,112,alpha=1.9
3988,87,alpha=1.9
3989,86,alpha=1.9
3990,91,alpha=1.9
3991,91,alpha=1.9
3992,108,alpha=1.9
3993,102,alpha=1.9
3994,89,alpha=1.9
3995,92,alpha=1.9
3996,96,alpha=1.9
3997,108,alpha=1.9
3998,103,alpha=1.9
3999,99,alpha=1.9
4000,86,alpha=1.9
4001,92,alpha=1.9
4002,85,alpha=1.9
4003,95,alpha=1.9
4004,112,alpha=1.9
4005,88,alpha=1.9
4006,78,alpha=1.9
4007,114,alpha=1.9
4008,93,alpha=1.9
4009,95,alpha=1.9
4010,101,alpha=1.9
4011,119,alpha=1.9
4012,92,alpha=1.9
4013,93,alpha=1.9
4014,113,alpha=1.9
4015,106,alpha=1.9
4016,95,alpha=1.9
4017,98,alpha=1.9
4018,99,alpha=1.9
4019,109,alpha=1.9
4020,92,alpha=1.9
4021,89,alpha=1.9
4022,88,alpha=1.9
4023,97,alpha=1.9
4024,116,alpha=1.9
4025,98,alpha=1.9
4026,102,alpha=1.9
4027,100,alpha=1.9
4028,107,alpha=1.9
4029,105,alpha=1.9
4030,113,alpha=1.9
4031,98,alpha=1.9
4032,115,alpha=1.9
4033,100,alpha=1.9
4034,107,alpha=1.9
4035,104,alpha=1.9
4036,99,alpha=1.9
4037,111,alpha=1.9
4038,122,alpha=1.9
4039,90,alpha=1.9
4040,105,alpha=1.9
4041,103,alpha=1.9
4042,109,alpha=1.9
4043,87,alpha=1.9
4044,96,alpha=1.9
4045,97,alpha=1.9
4046,101,alpha=1.9
4047,99,alpha=1.9
4048,102,alpha=1.9
4049,89,alpha=1.9
4050,86,alpha=1.9
4051,93,alpha=1.9
4052,104,alpha=1.9
4053,78,alpha=1.9
4054,78,alpha=1.9
4055,97,alpha=1.9
4056,102,alpha=1.9
4057,88,alpha=1.9
4058,106,alpha=1.9
4059,98,alpha=1.9
4060,92,alpha=1.9
4061,119,alpha=1.9
4062,95,alpha=1.9
4063,100,alpha=1.9
4064,97,alpha=1.9
4065,89,alpha=1.9
4066,104,alpha=1.9
4067,93,alpha=1.9
4068,118,alpha=1.9
4069,98,alpha=1.9
4070,81,alpha=1.9
4071,112,alpha=1.9
4072,107,alpha=1.9
4073,83,alpha=1.9
4074,115,alpha=1.9
4075,97,alpha=1.9
4076,110,alpha=1.9
4077,95,alpha=1.9
4078,89,alpha=1.9
4079,110,alpha=1.9
4080,93,alpha=1.9
4081,95,alpha=1.9
4082,102,alpha=1.9
4083,100,alpha=1.9
4084,100,alpha=1.9
4085,98,alpha=1.9
4086,109,alpha=1.9
4087,117,alpha=1.9
4088,101,alpha=1.9
4089,91,alpha=1.9
4090,90,alpha=1.9
4091,96,alpha=1.9
4092,107,alpha=1.9
4093,77,alpha=1.9
4094,106,alpha=1.9
4095,89,alpha=1.9
4096,85,alpha=1.9
4097,85,alpha=1.9
4098,111,alpha=1.9
4099,104,alpha=1.9
4100,98,alpha=1.9
4101,108,alpha=1.9
4102,87,alpha=1.9
4103,83,alpha=1.9
4104,93,alpha=1.9
4105,109,alpha=1.9
4106,112,alpha=1.9
4107,102,alpha=1.9
4108,96,alpha=1.9
4109,108,alpha=1.9
4110,99,alpha=1.9
4111,98,alpha=1.9
4112,104,alpha=1.9
4113,99,alpha=1.9
4114,111,alpha=1.9
4115,114,alpha=1.9
4116,92,alpha=1.9
4117,105,alpha=1.9
4118,89,alpha=1.9
4119,104,alpha=1.9
4120,96,alpha=1.9
4121,113,alpha=1.9
4122,106,alpha=1.9
4123,104,alpha=1.9
4124,101,alpha=1.9
4125,101,alpha=1.9
4126,105,alpha=1.9
4127,103,alpha=1.9
4128,111,alpha=1.9
4129,82,alpha=1.9
4130,102,alpha=1.9
4131,85,alpha=1.9
4132,104,alpha=1.9
4133,101,alpha=1.9
4134,106,alpha=1.9
4135,107,alpha=1.9
4136,102,alpha=1.9
4137,102,alpha=1.9
4138,91,alpha=1.9
4139,100,alpha=1.9
4140,101,alpha=1.9
4141,110,alpha=1.9
4142,104,alpha=1.9
4143,86,alpha=1.9
4144,106,alpha=1.9
4145,104,alpha=1.9
4146,91,alpha=1.9
4147,100,alpha=1.9
4148,95,alpha=1.9
4149,105,alpha=1.9
4150,87,alpha=1.9
4151,89,alpha=1.9
4152,109,alpha=1.9
4153,88,alpha=1.9
4154,110,alpha=1.9
4155,93,alpha=1.9
4156,87,alpha=1.9
4157,112,alpha=1.9
4158,89,alpha=1.9
4159,111,alpha=1.9
4160,94,alpha=1.9
4161,122,alpha=1.9
4162,90,alpha=1.9
4163,80,alpha=1.9
4164,97,alpha=1.9
4165,91,alpha=1.9
4166,117,alpha=1.9
4167,98,alpha=1.9
4168,113,alpha=1.9
4169,109,alpha=1.9
4170,100,alpha=1.9
4171,98,alpha=1.9
4172,102,alpha=1.9
4173,92,alpha=1.9
4174,96,alpha=1.9
4175,91,alpha=1.9
4176,99,alpha=1.9
4177,93,alpha=1.9
4178,102,alpha=1.9
4179,96,alpha=1.9
4180,95,alpha=1.9
4181,121,alpha=1.9
4182,87,alpha=1.9
4183,95,alpha=1.9
4184,89,alpha=1.9
4185,126,alpha=1.9
4186,125,alpha=1.9
4187,95,alpha=1.9
4188,108,alpha=1.9
4189,101,alpha=1.9
4190,101,alpha=1.9
4191,90,alpha=1.9
4192,100,alpha=1.9
4193,96,alpha=1.9
4194,83,alpha=1.9
4195,107,alpha=1.9
4196,91,alpha=1.9
4197,97,alpha=1.9
4198,95,alpha=1.9
4199,99,alpha=1.9
4200,88,alpha=1.9
4201,109,alpha=1.9
4202,96,alpha=1.9
4203,111,alpha=1.9
4204,97,alpha=1.9
4205,102,alpha=1.9
4206,93,alpha=1.9
4207,107,alpha=1.9
4208,105,alpha=1.9
4209,103,alpha=1.9
4210,107,alpha=1.9
4211,92,alpha=1.9
4212,104,alpha=1.9
4213,96,alpha=1.9
4214,112,alpha=1.9
4215,90,alpha=1.9
4216,85,alpha=1.9
4217,101,alpha=1.9
4218,105,alpha=1.9
4219,102,alpha=1.9
4220,106,alpha=1.9
4221,97,alpha=1.9
4222,107,alpha=1.9
4223,113,alpha=1.9
4224,112,alpha=1.9
4225,98,alpha=1.9
4226,104,alpha=1.9
4227,90,alpha=1.9
4228,100,alpha=1.9
4229,100,alpha=1.9
4230,98,alpha=1.9
4231,92,alpha=1.9
4232,97,alpha=1.9
4233,100,alpha=1.9
4234,107,alpha=1.9
4235,90,alpha=1.9
4236,93,alpha=1.9
4237,92,alpha=1.9
4238,105,alpha=1.9
4239,109,alpha=1.9
4240,96,alpha=1.9
4241,95,alpha=1.9
4242,94,alpha=1.9
4243,89,alpha=1.9
4244,85,alpha=1.9
4245,106,alpha=1.9
4246,120,alpha=1.9
4247,117,alpha=1.9
4248,69,alpha=1.9
4249,88,alpha=1.9
4250,110,alpha=1.9
4251,122,alpha=1.9
4252,95,alpha=1.9
4253,101,alpha=1.9
4254,87,alpha=1.9
4255,103,alpha=1.9
4256,104,alpha=1.9
4257,104,alpha=1.9
4258,109,alpha=1.9
4259,96,alpha=1.9
4260,104,alpha=1.9
4261,96,alpha=1.9
4262,93,alpha=1.9
4263,103,alpha=1.9
4264,106,alpha=1.9
4265,79,alpha=1.9
4266,101,alpha=1.9
4267,98,alpha=1.9
4268,100,alpha=1.9
4269,96,alpha=1.9
4270,94,alpha=1.9
4271,109,alpha=1.9
4272,120,alpha=1.9
4273,101,alpha=1.9
4274,92,alpha=1.9
4275,102,alpha=1.9
4276,104,alpha=1.9
4277,83,alpha=1.9
4278,96,alpha=1.9
4279,101,alpha=1.9
4280,107,alpha=1.9
4281,102,alpha=1.9
4282,101,alpha=1.9
4283,98,alpha=1.9
4284,93,alpha=1.9
4285,89,alpha=1.9
4286,105,alpha=1.9
4287,85,alpha=1.9
4288,85,alpha=1.9
4289,81,alpha=1.9
4290,102,alpha=1.9
4291,119,alpha=1.9
4292,105,alpha=1.9
4293,81,alpha=1.9
4294,108,alpha=1.9
4295,114,alpha=1.9
4296,98,alpha=1.9
4297,110,alpha=1.9
4298,79,alpha=1.9
4299,96,alpha=1.9
4300,107,alpha=1.9
4301,102,alpha=1.9
4302,97,alpha=1.9
4303,81,alpha=1.9
4304,95,alpha=1.9
4305,109,alpha=1.9
4306,87,alpha=1.9
4307,108,alpha=1.9
4308,83,alpha=1.9
4309,80,alpha=1.9
4310,101,alpha=1.9
4311,98,alpha=1.9
4312,97,alpha=1.9
4313,107,alpha=1.9
4314,85,alpha=1.9
4315,88,alpha=1.9
4316,103,alpha=1.9
4317,110,alpha=1.9
4318,104,alpha=1.9
4319,102,alpha=1.9
4320,101,alpha=1.9
4321,105,alpha=1.9
4322,94,alpha=1.9
4323,115,alpha=1.9
4324,113,alpha=1.9
4325,88,alpha=1.9
4326,98,alpha=1.9
4327,109,alpha=1.9
4328,97,alpha=1.9
4329,98,alpha=1.9
4330,106,alpha=1.9
4331,93,alpha=1.9
4332,89,alpha=1.9
4333,128,alpha=1.9
4334,96,alpha=1.9
4335,100,alpha=1.9
4336,98,alpha=1.9
4337,100,alpha=1.9
4338,96,alpha=1.9
4339,87,alpha=1.9
4340,111,alpha=1.9
4341,73,alpha=1.9
4342,104,alpha=1.9
4343,111,alpha=1.9
4344,95,alpha=1.9
4345,104,alpha=1.9
4346,87,alpha=1.9
4347,105,alpha=1.9
4348,87,alpha=1.9
4349,92,alpha=1.9
4350,80,alpha=1.9
4351,108,alpha=1.9
4352,98,alpha=1.9
4353,99,alpha=1.9
4354,100,alpha=1.9
4355,83,alpha=1.9
4356,105,alpha=1.9
4357,112,alpha=1.9
4358,92,alpha=1.9
4359,90,alpha=1.9
4360,116,alpha=1.9
4361,110,alpha=1.9
4362,83,alpha=1.9
4363,99,alpha=1.9
4364,97,alpha=1.9
4365,104,alpha=1.9
4366,97,alpha=1.9
4367,110,alpha=1.9
4368,115,alpha=1.9
4369,103,alpha=1.9
4370,105,alpha=1.9
4371,92,alpha=1.9
4372,103,alpha=1.9
4373,104,alpha=1.9
4374,102,alpha=1.9
4375,113,alpha=1.9
4376,115,alpha=1.9
4377,92,alpha=1.9
4378,95,alpha=1.9
4379,91,alpha=1.9
4380,119,alpha=1.9
4381,110,alpha=1.9
4382,107,alpha=1.9
4383,100,alpha=1.9
4384,102,alpha=1.9
4385,87,alpha=1.9
4386,97,alpha=1.9
4387,89,alpha=1.9
4388,99,alpha=1.9
4389,94,alpha=1.9
4390,88,alpha=1.9
4391,107,alpha=1.9
4392,105,alpha=1.9
4393,109,alpha=1.9
4394,106,alpha=1.9
4395,106,alpha=1.9
4396,102,alpha=1.9
4397,96,alpha=1.9
4398,93,alpha=1.9
4399,99,alpha=1.9
4400,110,alpha=1.9
4401,109,alpha=1.9
4402,112,alpha=1.9
4403,105,alpha=1.9
4404,105,alpha=1.9
4405,116,alpha=1.9
4406,93,alpha=1.9
4407,94,alpha=1.9
4408,108,alpha=1.9
4409,99,alpha=1.9
4410,116,alpha=1.9
4411,103,alpha=1.9
4412,96,alpha=1.9
4413,100,alpha=1.9
4414,89,alpha=1.9
4415,92,alpha=1.9
4416,118,alpha=1.9
4417,105,alpha=1.9
4418,91,alpha=1.9
4419,94,alpha=1.9
4420,102,alpha=1.9
4421,93,alpha=1.9
4422,96,alpha=1.9
4423,101,alpha=1.9
4424,114,alpha=1.9
4425,99,alpha=1.9
4426,94,alpha=1.9
4427,83,alpha=1.9
4428,111,alpha=1.9
4429,93,alpha=1.9
4430,108,alpha=1.9
4431,81,alpha=1.9
4432,105,alpha=1.9
4433,89,alpha=1.9
4434,112,alpha=1.9
4435,80,alpha=1.9
4436,104,alpha=1.9
4437,91,alpha=1.9
4438,97,alpha=1.9
4439,113,alpha=1.9
4440,114,alpha=1.9
4441,95,alpha=1.9
4442,106,alpha=1.9
4443,95,alpha=1.9
4444,107,alpha=1.9
4445,101,alpha=1.9
4446,93,alpha=1.9
4447,86,alpha=1.9
4448,116,alpha=1.9
4449,103,alpha=1.9
4450,106,alpha=1.9
4451,101,alpha=1.9
4452,88,alpha=1.9
4453,96,alpha=1.9
4454,110,alpha=1.9
4455,113,alpha=1.9
4456,90,alpha=1.9
4457,89,alpha=1.9
4458,99,alpha=1.9
4459,96,alpha=1.9
4460,112,alpha=1.9
4461,89,alpha=1.9
4462,95,alpha=1.9
4463,94,alpha=1.9
4464,83,alpha=1.9
4465,102,alpha=1.9
4466,97,alpha=1.9
4467,102,alpha=1.9
4468,100,alpha=1.9
4469,112,alpha=1.9
4470,87,alpha=1.9
4471,106,alpha=1.9
4472,109,alpha=1.9
4473,104,alpha=1.9
4474,99,alpha=1.9
4475,101,alpha=1.9
4476,76,alpha=1.9
4477,98,alpha=1.9
4478,109,alpha=1.9
4479,104,alpha=1.9
4480,126,alpha=1.9
4481,97,alpha=1.9
4482,101,alpha=1.9
4483,86,alpha=1.9
4484,104,alpha=1.9
4485,98,alpha=1.9
4486,104,alpha=1.9
4487,98,alpha=1.9
4488,100,alpha=1.9
4489,103,alpha=1.9
4490,104,alpha=1.9
4491,110,alpha=1.9
4492,102,alpha=1.9
4493,95,alpha=1.9
4494,106,alpha=1.9
4495,82,alpha=1.9
4496,115,alpha=1.9
4497,109,alpha=1.9
4498,83,alpha=1.9
4499,106,alpha=1.9
4500,80,alpha=1.9
4501,101,alpha=1.9
4502,91,alpha=1.9
4503,96,alpha=1.9
4504,93,alpha=1.9
4505,102,alpha=1.9
4506,103,alpha=1.9
4507,113,alpha=1.9
4508,102,alpha=1.9
4509,109,alpha=1.9
4510,88,alpha=1.9
4511,92,alpha=1.9
4512,99,alpha=1.9
4513,81,alpha=1.9
4514,93,alpha=1.9
4515,107,alpha=1.9
4516,102,alpha=1.9
4517,104,alpha=1.9
4518,106,alpha=1.9
4519,83,alpha=1.9
4520,91,alpha=1.9
4521,107,alpha=1.9
4522,102,alpha=1.9
4523,89,alpha=1.9
4524,107,alpha=1.9
4525,92,alpha=1.9
4526,96,alpha=1.9
4527,99,alpha=1.9
4528,107,alpha=1.9
4529,89,alpha=1.9
4530,87,alpha=1.9
4531,85,alpha=1.9
4532,108,alpha=1.9
4533,93,alpha=1.9
4534,100,alpha=1.9
4535,108,alpha=1.9
4536,91,alpha=1.9
4537,91,alpha=1.9
4538,97,alpha=1.9
4539,87,alpha=1.9
4540,98,alpha=1.9
4541,81,alpha=1.9
4542,117,alpha=1.9
4543,112,alpha=1.9
4544,94,alpha=1.9
4545,107,alpha=1.9
4546,108,alpha=1.9
4547,102,alpha=1.9
4548,123,alpha=1.9
4549,103,alpha=1.9
4550,97,alpha=1.9
4551,101,alpha=1.9
4552,107,alpha=1.9
4553,105,alpha=1.9
4554,95,alpha=1.9
4555,105,alpha=1.9
4556,91,alpha=1.9
4557,101,alpha=1.9
4558,101,alpha=1.9
4559,90,alpha=1.9
4560,96,alpha=1.9
4561,102,alpha=1.9
4562,92,alpha=1.9
4563,92,alpha=1.9
4564,113,alpha=1.9
4565,117,alpha=1.9
4566,88,alpha=1.9
4567,103,alpha=1.9
4568,119,alpha=1.9
4569,113,alpha=1.9
4570,87,alpha=1.9
4571,98,alpha=1.9
4572,97,alpha=1.9
4573,91,alpha=1.9
4574,96,alpha=1.9
4575,93,alpha=1.9
4576,97,alpha=1.9
4577,83,alpha=1.9
4578,94,alpha=1.9
4579,85,alpha=1.9
4580,95,alpha=1.9
4581,96,alpha=1.9
4582,83,alpha=1.9
4583,94,alpha=1.9
4584,98,alpha=1.9
4585,98,alpha=1.9
4586,101,alpha=1.9
4587,112,alpha=1.9
4588,81,alpha=1.9
4589,100,alpha=1.9
4590,83,alpha=1.9
4591,95,alpha=1.9
4592,110,alpha=1.9
4593,98,alpha=1.9
4594,84,alpha=1.9
4595,99,alpha=1.9
4596,107,alpha=1.9
4597,105,alpha=1.9
4598,114,alpha=1.9
4599,106,alpha=1.9
4600,100,alpha=1.9
4601,101,alpha=1.9
4602,96,alpha=1.9
4603,116,alpha=1.9
4604,100,alpha=1.9
4605,99,alpha=1.9
4606,94,alpha=1.9
4607,84,alpha=1.9
4608,96,alpha=1.9
4609,86,alpha=1.9
4610,86,alpha=1.9
4611,74,alpha=1.9
4612,94,alpha=1.9
4613,100,alpha=1.9
4614,104,alpha=1.9
4615,90,alpha=1.9
4616,107,alpha=1.9
4617,95,alpha=1.9
4618,91,alpha=1.9
4619,109,alpha=1.9
4620,100,alpha=1.9
4621,96,alpha=1.9
4622,114,alpha=1.9
4623,96,alpha=1.9
4624,97,alpha=1.9
4625,108,alpha=1.9
4626,94,alpha=1.9
4627,89,alpha=1.9
4628,83,alpha=1.9
4629,100,alpha=1.9
4630,109,alpha=1.9
4631,104,alpha=1.9
4632,95,alpha=1.9
4633,94,alpha=1.9
4634,96,alpha=1.9
4635,109,alpha=1.9
4636,98,alpha=1.9
4637,101,alpha=1.9
4638,87,alpha=1.9
4639,97,alpha=1.9
4640,94,alpha=1.9
4641,111,alpha=1.9
4642,87,alpha=1.9
4643,95,alpha=1.9
4644,104,alpha=1.9
4645,109,alpha=1.9
4646,115,alpha=1.9
4647,102,alpha=1.9
4648,98,alpha=1.9
4649,77,alpha=1.9
4650,91,alpha=1.9
4651,100,alpha=1.9
4652,100,alpha=1.9
4653,99,alpha=1.9
4654,93,alpha=1.9
4655,96,alpha=1.9
4656,105,alpha=1.9
4657,93,alpha=1.9
4658,105,alpha=1.9
4659,91,alpha=1.9
4660,78,alpha=1.9
4661,94,alpha=1.9
4662,112,alpha=1.9
4663,100,alpha=1.9
4664,85,alpha=1.9
4665,107,alpha=1.9
4666,91,alpha=1.9
4667,86,alpha=1.9
4668,100,alpha=1.9
4669,99,alpha=1.9
4670,104,alpha=1.9
4671,101,alpha=1.9
4672,89,alpha=1.9
4673,102,alpha=1.9
4674,92,alpha=1.9
4675,84,alpha=1.9
4676,105,alpha=1.9
4677,86,alpha=1.9
4678,102,alpha=1.9
4679,102,alpha=1.9
4680,100,alpha=1.9
4681,93,alpha=1.9
4682,100,alpha=1.9
4683,82,alpha=1.9
4684,91,alpha=1.9
4685,109,alpha=1.9
4686,95,alpha=1.9
4687,100,alpha=1.9
4688,105,alpha=1.9
4689,82,alpha=1.9
4690,97,alpha=1.9
4691,91,alpha=1.9
4692,127,alpha=1.9
4693,96,alpha=1.9
4694,82,alpha=1.9
4695,100,alpha=1.9
4696,89,alpha=1.9
4697,112,alpha=1.9
4698,81,alpha=1.9
4699,104,alpha=1.9
4700,101,alpha=1.9
4701,96,alpha=1.9
4702,89,alpha=1.9
4703,83,alpha=1.9
4704,104,alpha=1.9
4705,93,alpha=1.9
4706,112,alpha=1.9
4707,96,alpha=1.9
4708,95,alpha=1.9
4709,101,alpha=1.9
4710,94,alpha=1.9
4711,110,alpha=1.9
4712,108,alpha=1.9
4713,105,alpha=1.9
4714,93,alpha=1.9
4715,110,alpha=1.9
4716,86,alpha=1.9
4717,91,alpha=1.9
4718,94,alpha=1.9
4719,99,alpha=1.9
4720,105,alpha=1.9
4721,96,alpha=1.9
4722,91,alpha=1.9
4723,100,alpha=1.9
4724,112,alpha=1.9
4725,96,alpha=1.9
4726,89,alpha=1.9
4727,100,alpha=1.9
4728,92,alpha=1.9
4729,85,alpha=1.9
4730,99,alpha=1.9
4731,93,alpha=1.9
4732,107,alpha=1.9
4733,109,alpha=1.9
4734,94,alpha=1.9
4735,104,alpha=1.9
4736,111,alpha=1.9
4737,122,alpha=1.9
4738,93,alpha=1.9
4739,100,alpha=1.9
4740,98,alpha=1.9
4741,124,alpha=1.9
4742,93,alpha=1.9
4743,87,alpha=1.9
4744,106,alpha=1.9
4745,98,alpha=1.9
4746,104,alpha=1.9
4747,96,alpha=1.9
4748,80,alpha=1.9
4749,111,alpha=1.9
4750,107,alpha=1.9
4751,93,alpha=1.9
4752,120,alpha=1.9
4753,98,alpha=1.9
4754,106,alpha=1.9
4755,104,alpha=1.9
4756,104,alpha=1.9
4757,121,alpha=1.9
4758,104,alpha=1.9
4759,99,alpha=1.9
4760,93,alpha=1.9
4761,96,alpha=1.9
4762,118,alpha=1.9
4763,99,alpha=1.9
4764,98,alpha=1.9
4765,90,alpha=1.9
4766,101,alpha=1.9
4767,104,alpha=1.9
4768,99,alpha=1.9
4769,81,alpha=1.9
4770,108,alpha=1.9
4771,94,alpha=1.9
4772,83,alpha=1.9
4773,93,alpha=1.9
4774,101,alpha=1.9
4775,78,alpha=1.9
4776,92,alpha=1.9
4777,102,alpha=1.9
4778,103,alpha=1.9
4779,102,alpha=1.9
4780,93,alpha=1.9
4781,103,alpha=1.9
4782,105,alpha=1.9
4783,94,alpha=1.9
4784,96,alpha=1.9
4785,85,alpha=1.9
4786,89,alpha=1.9
4787,94,alpha=1.9
4788,86,alpha=1.9
4789,111,alpha=1.9
4790,102,alpha=1.9
4791,93,alpha=1.9
4792,98,alpha=1.9
4793,97,alpha=1.9
4794,111,alpha=1.9
4795,86,alpha=1.9
4796,100,alpha=1.9
4797,128,alpha=1.9
4798,102,alpha=1.9
4799,118,alpha=1.9
4800,106,alpha=1.9
4801,122,alpha=1.9
4802,99,alpha=1.9
4803,106,alpha=1.9
4804,83,alpha=1.9
4805,97,alpha=1.9
4806,102,alpha=1.9
4807,116,alpha=1.9
4808,104,alpha=1.9
4809,112,alpha=1.9
4810,104,alpha=1.9
4811,115,alpha=1.9
4812,96,alpha=1.9
4813,102,alpha=1.9
4814,91,alpha=1.9
4815,97,alpha=1.9
4816,107,alpha=1.9
4817,104,alpha=1.9
4818,112,alpha=1.9
4819,94,alpha=1.9
4820,114,alpha=1.9
4821,99,alpha=1.9
4822,105,alpha=1.9
4823,111,alpha=1.9
4824,102,alpha=1.9
4825,105,alpha=1.9
4826,111,alpha=1.9
4827,107,alpha=1.9
4828,113,alpha=1.9
4829,101,alpha=1.9
4830,90,alpha=1.9
4831,111,alpha=1.9
4832,98,alpha=1.9
4833,107,alpha=1.9
4834,96,alpha=1.9
4835,95,alpha=1.9
4836,78,alpha=1.9
4837,96,alpha=1.9
4838,122,alpha=1.9
4839,114,alpha=1.9
4840,106,alpha=1.9
4841,106,alpha=1.9
4842,99,alpha=1.9
4843,93,alpha=1.9
4844,104,alpha=1.9
4845,98,alpha=1.9
4846,115,alpha=1.9
4847,103,alpha=1.9
4848,88,alpha=1.9
4849,124,alpha=1.9
4850,83,alpha=1.9
4851,93,alpha=1.9
4852,84,alpha=1.9
4853,90,alpha=1.9
4854,113,alpha=1.9
4855,106,alpha=1.9
4856,105,alpha=1.9
4857,94,alpha=1.9
4858,101,alpha=1.9
4859,86,alpha=1.9
4860,88,alpha=1.9
4861,101,alpha=1.9
4862,103,alpha=1.9
4863,92,alpha=1.9
4864,101,alpha=1.9
4865,87,alpha=1.9
4866,92,alpha=1.9
4867,84,alpha=1.9
4868,113,alpha=1.9
4869,104,alpha=1.9
4870,94,alpha=1.9
4871,111,alpha=1.9
4872,113,alpha=1.9
4873,112,alpha=1.9
4874,88,alpha=1.9
4875,98,alpha=1.9
4876,114,alpha=1.9
4877,112,alpha=1.9
4878,107,alpha=1.9
4879,88,alpha=1.9
4880,97,alpha=1.9
4881,84,alpha=1.9
4882,112,alpha=1.9
4883,110,alpha=1.9
4884,101,alpha=1.9
4885,94,alpha=1.9
4886,102,alpha=1.9
4887,86,alpha=1.9
4888,109,alpha=1.9
4889,108,alpha=1.9
4890,88,alpha=1.9
4891,98,alpha=1.9
4892,100,alpha=1.9
4893,107,alpha=1.9
4894,106,alpha=1.9
4895,101,alpha=1.9
4896,97,alpha=1.9
4897,100,alpha=1.9
4898,89,alpha=1.9
4899,83,alpha=1.9
4900,93,alpha=1.9
4901,107,alpha=1.9
4902,106,alpha=1.9
4903,100,alpha=1.9
4904,92,alpha=1.9
4905,88,alpha=1.9
4906,114,alpha=1.9
4907,105,alpha=1.9
4908,99,alpha=1.9
4909,96,alpha=1.9
4910,114,alpha=1.9
4911,111,alpha=1.9
4912,89,alpha=1.9
4913,106,alpha=1.9
4914,124,alpha=1.9
4915,114,alpha=1.9
4916,121,alpha=1.9
4917,92,alpha=1.9
4918,111,alpha=1.9
4919,103,alpha=1.9
4920,94,alpha=1.9
4921,93,alpha=1.9
4922,104,alpha=1.9
4923,87,alpha=1.9
4924,91,alpha=1.9
4925,101,alpha=1.9
4926,90,alpha=1.9
4927,105,alpha=1.9
4928,110,alpha=1.9
4929,81,alpha=1.9
4930,69,alpha=1.9
4931,104,alpha=1.9
4932,102,alpha=1.9
4933,95,alpha=1.9
4934,88,alpha=1.9
4935,100,alpha=1.9
4936,89,alpha=1.9
4937,115,alpha=1.9
4938,105,alpha=1.9
4939,103,alpha=1.9
4940,97,alpha=1.9
4941,114,alpha=1.9
4942,121,alpha=1.9
4943,109,alpha=1.9
4944,101,alpha=1.9
4945,98,alpha=1.9
4946,85,alpha=1.9
4947,96,alpha=1.9
4948,102,alpha=1.9
4949,68,alpha=1.9
4950,103,alpha=1.9
4951,102,alpha=1.9
4952,121,alpha=1.9
4953,89,alpha=1.9
4954,106,alpha=1.9
4955,119,alpha=1.9
4956,126,alpha=1.9
4957,110,alpha=1.9
4958,103,alpha=1.9
4959,104,alpha=1.9
4960,88,alpha=1.9
4961,96,alpha=1.9
4962,86,alpha=1.9
4963,108,alpha=1.9
4964,113,alpha=1.9
4965,94,alpha=1.9
4966,124,alpha=1.9
4967,106,alpha=1.9
4968,112,alpha=1.9
4969,95,alpha=1.9
4970,113,alpha=1.9
4971,87,alpha=1.9
4972,112,alpha=1.9
4973,89,alpha=1.9
4974,115,alpha=1.9
4975,93,alpha=1.9
4976,83,alpha=1.9
4977,84,alpha=1.9
4978,98,alpha=1.9
4979,92,alpha=1.9
4980,112,alpha=1.9
4981,108,alpha=1.9
4982,90,alpha=1.9
4983,99,alpha=1.9
4984,99,alpha=1.9
4985,117,alpha=1.9
4986,109,alpha=1.9
4987,113,alpha=1.9
4988,99,alpha=1.9
4989,101,alpha=1.9
4990,123,alpha=1.9
4991,95,alpha=1.9
4992,102,alpha=1.9
4993,106,alpha=1.9
4994,91,alpha=1.9
4995,98,alpha=1.9
4996,102,alpha=1.9
4997,83,alpha=1.9
4998,102,alpha=1.9
4999,115,alpha=1.9
0,107,alpha=1.7
1,107,alpha=1.7
2,108,alpha=1.7
3,76,alpha=1.7
4,96,alpha=1.7
5,96,alpha=1.7
6,103,alpha=1.7
7,98,alpha=1.7
8,88,alpha=1.7
9,98,alpha=1.7
10,101,alpha=1.7
11,95,alpha=1.7
12,87,alpha=1.7
13,108,alpha=1.7
14,103,alpha=1.7
15,100,alpha=1.7
16,88,alpha=1.7
17,85,alpha=1.7
18,113,alpha=1.7
19,101,alpha=1.7
20,95,alpha=1.7
21,95,alpha=1.7
22,93,alpha=1.7
23,108,alpha=1.7
24,104,alpha=1.7
25,106,alpha=1.7
26,109,alpha=1.7
27,98,alpha=1.7
28,93,alpha=1.7
29,89,alpha=1.7
30,86,alpha=1.7
31,99,alpha=1.7
32,102,alpha=1.7
33,100,alpha=1.7
34,86,alpha=1.7
35,99,alpha=1.7
36,95,alpha=1.7
37,98,alpha=1.7
38,87,alpha=1.7
39,87,alpha=1.7
40,114,alpha=1.7
41,96,alpha=1.7
42,94,alpha=1.7
43,98,alpha=1.7
44,106,alpha=1.7
45,97,alpha=1.7
46,92,alpha=1.7
47,90,alpha=1.7
48,95,alpha=1.7
49,91,alpha=1.7
50,78,alpha=1.7
51,113,alpha=1.7
52,93,alpha=1.7
53,107,alpha=1.7
54,100,alpha=1.7
55,110,alpha=1.7
56,108,alpha=1.7
57,103,alpha=1.7
58,106,alpha=1.7
59,99,alpha=1.7
60,100,alpha=1.7
61,98,alpha=1.7
62,99,alpha=1.7
63,94,alpha=1.7
64,94,alpha=1.7
65,120,alpha=1.7
66,104,alpha=1.7
67,102,alpha=1.7
68,122,alpha=1.7
69,98,alpha=1.7
70,77,alpha=1.7
71,100,alpha=1.7
72,101,alpha=1.7
73,88,alpha=1.7
74,103,alpha=1.7
75,104,alpha=1.7
76,98,alpha=1.7
77,102,alpha=1.7
78,98,alpha=1.7
79,101,alpha=1.7
80,89,alpha=1.7
81,88,alpha=1.7
82,115,alpha=1.7
83,97,alpha=1.7
84,85,alpha=1.7
85,102,alpha=1.7
86,119,alpha=1.7
87,82,alpha=1.7
88,98,alpha=1.7
89,96,alpha=1.7
90,104,alpha=1.7
91,105,alpha=1.7
92,95,alpha=1.7
93,94,alpha=1.7
94,98,alpha=1.7
95,97,alpha=1.7
96,120,alpha=1.7
97,96,alpha=1.7
98,86,alpha=1.7
99,83,alpha=1.7
100,79,alpha=1.7
101,90,alpha=1.7
102,96,alpha=1.7
103,102,alpha=1.7
104,100,alpha=1.7
105,101,alpha=1.7
106,100,alpha=1.7
107,100,alpha=1.7
108,120,alpha=1.7
109,95,alpha=1.7
110,91,alpha=1.7
111,111,alpha=1.7
112,116,alpha=1.7
113,96,alpha=1.7
114,88,alpha=1.7
115,98,alpha=1.7
116,97,alpha=1.7
117,102,alpha=1.7
118,84,alpha=1.7
119,96,alpha=1.7
120,112,alpha=1.7
121,88,alpha=1.7
122,101,alpha=1.7
123,104,alpha=1.7
124,89,alpha=1.7
125,102,alpha=1.7
126,103,alpha=1.7
127,116,alpha=1.7
128,98,alpha=1.7
129,101,alpha=1.7
130,112,alpha=1.7
131,97,alpha=1.7
132,107,alpha=1.7
133,94,alpha=1.7
134,107,alpha=1.7
135,95,alpha=1.7
136,117,alpha=1.7
137,105,alpha=1.7
138,79,alpha=1.7
139,89,alpha=1.7
140,107,alpha=1.7
141,118,alpha=1.7
142,105,alpha=1.7
143,107,alpha=1.7
144,105,alpha=1.7
145,90,alpha=1.7
146,116,alpha=1.7
147,108,alpha=1.7
148,106,alpha=1.7
149,108,alpha=1.7
150,105,alpha=1.7
151,96,alpha=1.7
152,103,alpha=1.7
153,103,alpha=1.7
154,107,alpha=1.7
155,98,alpha=1.7
156,106,alpha=1.7
157,111,alpha=1.7
158,112,alpha=1.7
159,104,alpha=1.7
160,94,alpha=1.7
161,117,alpha=1.7
162,82,alpha=1.7
163,104,alpha=1.7
164,85,alpha=1.7
165,98,alpha=1.7
166,97,alpha=1.7
167,111,alpha=1.7
168,108,alpha=1.7
169,97,alpha=1.7
170,96,alpha=1.7
171,101,alpha=1.7
172,101,alpha=1.7
173,98,alpha=1.7
174,101,alpha=1.7
175,87,alpha=1.7
176,108,alpha=1.7
177,107,alpha=1.7
178,108,alpha=1.7
179,74,alpha=1.7
180,90,alpha=1.7
181,113,alpha=1.7
182,121,alpha=1.7
183,100,alpha=1.7
184,106,alpha=1.7
185,97,alpha=1.7
186,88,alpha=1.7
187,113,alpha=1.7
188,111,alpha=1.7
189,111,alpha=1.7
190,106,alpha=1.7
191,104,alpha=1.7
192,117,alpha=1.7
193,120,alpha=1.7
194,106,alpha=1.7
195,98,alpha=1.7
196,95,alpha=1.7
197,102,alpha=1.7
198,102,alpha=1.7
199,94,alpha=1.7
200,99,alpha=1.7
201,115,alpha=1.7
202,105,alpha=1.7
203,99,alpha=1.7
204,101,alpha=1.7
205,112,alpha=1.7
206,107,alpha=1.7
207,80,alpha=1.7
208,103,alpha=1.7
209,109,alpha=1.7
210,127,alpha=1.7
211,96,alpha=1.7
212,88,alpha=1.7
213,99,alpha=1.7
214,120,alpha=1.7
215,90,alpha=1.7
216,97,alpha=1.7
217,95,alpha=1.7
218,117,alpha=1.7
219,98,alpha=1.7
220,91,alpha=1.7
221,111,alpha=1.7
222,109,alpha=1.7
223,88,alpha=1.7
224,97,alpha=1.7
225,93,alpha=1.7
226,89,alpha=1.7
227,89,alpha=1.7
228,99,alpha=1.7
229,98,alpha=1.7
230,105,alpha=1.7
231,116,alpha=1.7
232,103,alpha=1.7
233,103,alpha=1.7
234,93,alpha=1.7
235,107,alpha=1.7
236,96,alpha=1.7
237,104,alpha=1.7
238,108,alpha=1.7
239,120,alpha=1.7
240,105,alpha=1.7
241,105,alpha=1.7
242,105,alpha=1.7
243,115,alpha=1.7
244,109,alpha=1.7
245,99,alpha=1.7
246,95,alpha=1.7
247,106,alpha=1.7
248,74,alpha=1.7
249,102,alpha=1.7
250,94,alpha=1.7
251,120,alpha=1.7
252,99,alpha=1.7
253,104,alpha=1.7
254,91,alpha=1.7
255,98,alpha=1.7
256,115,alpha=1.7
257,91,alpha=1.7
258,86,alpha=1.7
259,100,alpha=1.7
260,113,alpha=1.7
261,102,alpha=1.7
262,105,alpha=1.7
263,90,alpha=1.7
264,101,alpha=1.7
265,118,alpha=1.7
266,110,alpha=1.7
267,119,alpha=1.7
268,105,alpha=1.7
269,93,alpha=1.7
270,116,alpha=1.7
271,112,alpha=1.7
272,97,alpha=1.7
273,98,alpha=1.7
274,96,alpha=1.7
275,115,alpha=1.7
276,110,alpha=1.7
277,99,alpha=1.7
278,107,alpha=1.7
279,89,alpha=1.7
280,95,alpha=1.7
281,96,alpha=1.7
282,106,alpha=1.7
283,93,alpha=1.7
284,98,alpha=1.7
285,100,alpha=1.7
286,106,alpha=1.7
287,96,alpha=1.7
288,96,alpha=1.7
289,109,alpha=1.7
290,96,alpha=1.7
291,106,alpha=1.7
292,104,alpha=1.7
293,98,alpha=1.7
294,105,alpha=1.7
295,95,alpha=1.7
296,101,alpha=1.7
297,105,alpha=1.7
298,95,alpha=1.7
299,105,alpha=1.7
300,105,alpha=1.7
301,121,alpha=1.7
302,106,alpha=1.7
303,99,alpha=1.7
304,105,alpha=1.7
305,108,alpha=1.7
306,95,alpha=1.7
307,100,alpha=1.7
308,120,alpha=1.7
309,93,alpha=1.7
310,122,alpha=1.7
311,109,alpha=1.7
312,112,alpha=1.7
313,104,alpha=1.7
314,103,alpha=1.7
315,117,alpha=1.7
316,94,alpha=1.7
317,98,alpha=1.7
318,95,alpha=1.7
319,100,alpha=1.7
320,100,alpha=1.7
321,91,alpha=1.7
322,101,alpha=1.7
323,92,alpha=1.7
324,99,alpha=1.7
325,89,alpha=1.7
326,99,alpha=1.7
327,108,alpha=1.7
328,109,alpha=1.7
329,131,alpha=1.7
330,100,alpha=1.7
331,92,alpha=1.7
332,88,alpha=1.7
333,107,alpha=1.7
334,92,alpha=1.7
335,114,alpha=1.7
336,90,alpha=1.7
337,91,alpha=1.7
338,82,alpha=1.7
339,83,alpha=1.7
340,94,alpha=1.7
341,111,alpha=1.7
342,98,alpha=1.7
343,99,alpha=1.7
344,92,alpha=1.7
345,96,alpha=1.7
346,110,alpha=1.7
347,103,alpha=1.7
348,96,alpha=1.7
349,116,alpha=1.7
350,117,alpha=1.7
351,112,alpha=1.7
352,102,alpha=1.7
353,94,alpha=1.7
354,103,alpha=1.7
355,91,alpha=1.7
356,102,alpha=1.7
357,86,alpha=1.7
358,103,alpha=1.7
359,95,alpha=1.7
360,100,alpha=1.7
361,95,alpha=1.7
362,86,alpha=1.7
363,91,alpha=1.7
364,100,alpha=1.7
365,97,alpha=1.7
366,112,alpha=1.7
367,90,alpha=1.7
368,96,alpha=1.7
369,109,alpha=1.7
370,112,alpha=1.7
371,93,alpha=1.7
372,106,alpha=1.7
373,83,alpha=1.7
374,98,alpha=1.7
375,109,alpha=1.7
376,103,alpha=1.7
377,115,alpha=1.7
378,101,alpha=1.7
379,89,alpha=1.7
380,94,alpha=1.7
381,108,alpha=1.7
382,101,alpha=1.7
383,91,alpha=1.7
384,100,alpha=1.7
385,97,alpha=1.7
386,97,alpha=1.7
387,106,alpha=1.7
388,97,alpha=1.7
389,82,alpha=1.7
390,101,alpha=1.7
391,99,alpha=1.7
392,94,alpha=1.7
393,93,alpha=1.7
394,88,alpha=1.7
395,101,alpha=1.7
396,100,alpha=1.7
397,91,alpha=1.7
398,129,alpha=1.7
399,86,alpha=1.7
400,114,alpha=1.7
401,110,alpha=1.7
402,96,alpha=1.7
403,93,alpha=1.7
404,100,alpha=1.7
405,118,alpha=1.7
406,98,alpha=1.7
407,113,alpha=1.7
408,109,alpha=1.7
409,101,alpha=1.7
410,103,alpha=1.7
411,106,alpha=1.7
412,103,alpha=1.7
413,113,alpha=1.7
414,99,alpha=1.7
415,106,alpha=1.7
416,101,alpha=1.7
417,101,alpha=1.7
418,81,alpha=1.7
419,106,alpha=1.7
420,79,alpha=1.7
421,84,alpha=1.7
422,92,alpha=1.7
423,100,alpha=1.7
424,101,alpha=1.7
425,109,alpha=1.7
426,89,alpha=1.7
427,109,alpha=1.7
428,100,alpha=1.7
429,82,alpha=1.7
430,107,alpha=1.7
431,96,alpha=1.7
432,105,alpha=1.7
433,93,alpha=1.7
434,112,alpha=1.7
435,97,alpha=1.7
436,92,alpha=1.7
437,95,alpha=1.7
438,92,alpha=1.7
439,93,alpha=1.7
440,117,alpha=1.7
441,130,alpha=1.7
442,89,alpha=1.7
443,88,alpha=1.7
444,103,alpha=1.7
445,80,alpha=1.7
446,91,alpha=1.7
447,94,alpha=1.7
448,104,alpha=1.7
449,111,alpha=1.7
450,105,alpha=1.7
451,116,alpha=1.7
452,105,alpha=1.7
453,102,alpha=1.7
454,95,alpha=1.7
455,87,alpha=1.7
456,95,alpha=1.7
457,119,alpha=1.7
458,95,alpha=1.7
459,96,alpha=1.7
460,116,alpha=1.7
461,86,alpha=1.7
462,105,alpha=1.7
463,88,alpha=1.7
464,114,alpha=1.7
465,100,alpha=1.7
466,79,alpha=1.7
467,97,alpha=1.7
468,94,alpha=1.7
469,97,alpha=1.7
470,89,alpha=1.7
471,110,alpha=1.7
472,106,alpha=1.7
473,97,alpha=1.7
474,109,alpha=1.7
475,105,alpha=1.7
476,91,alpha=1.7
477,99,alpha=1.7
478,96,alpha=1.7
479,83,alpha=1.7
480,98,alpha=1.7
481,105,alpha=1.7
482,93,alpha=1.7
483,94,alpha=1.7
484,91,alpha=1.7
485,111,alpha=1.7
486,97,alpha=1.7
487,107,alpha=1.7
488,91,alpha=1.7
489,111,alpha=1.7
490,86,alpha=1.7
491,112,alpha=1.7
492,101,alpha=1.7
493,105,alpha=1.7
494,106,alpha=1.7
495,107,alpha=1.7
496,112,alpha=1.7
497,106,alpha=1.7
498,95,alpha=1.7
499,94,alpha=1.7
500,97,alpha=1.7
501,107,alpha=1.7
502,126,alpha=1.7
503,103,alpha=1.7
504,101,alpha=1.7
505,104,alpha=1.7
506,105,alpha=1.7
507,114,alpha=1.7
508,106,alpha=1.7
509,89,alpha=1.7
510,75,alpha=1.7
511,101,alpha=1.7
512,109,alpha=1.7
513,83,alpha=1.7
514,105,alpha=1.7
515,104,alpha=1.7
516,111,alpha=1.7
517,103,alpha=1.7
518,101,alpha=1.7
519,96,alpha=1.7
520,98,alpha=1.7
521,101,alpha=1.7
522,108,alpha=1.7
523,98,alpha=1.7
524,111,alpha=1.7
525,77,alpha=1.7
526,92,alpha=1.7
527,97,alpha=1.7
528,104,alpha=1.7
529,101,alpha=1.7
530,103,alpha=1.7
531,103,alpha=1.7
532,113,alpha=1.7
533,115,alpha=1.7
534,94,alpha=1.7
535,99,alpha=1.7
536,101,alpha=1.7
537,76,alpha=1.7
538,96,alpha=1.7
539,125,alpha=1.7
540,103,alpha=1.7
541,106,alpha=1.7
542,103,alpha=1.7
543,95,alpha=1.7
544,107,alpha=1.7
545,87,alpha=1.7
546,94,alpha=1.7
547,97,alpha=1.7
548,95,alpha=1.7
549,115,alpha=1.7
550,102,alpha=1.7
551,86,alpha=1.7
552,108,alpha=1.7
553,108,alpha=1.7
554,101,alpha=1.7
555,98,alpha=1.7
556,117,alpha=1.7
557,84,alpha=1.7
558,90,alpha=1.7
559,102,alpha=1.7
560,98,alpha=1.7
561,100,alpha=1.7
562,102,alpha=1.7
563,99,alpha=1.7
564,110,alpha=1.7
565,117,alpha=1.7
566,74,alpha=1.7
567,79,alpha=1.7
568,91,alpha=1.7
569,108,alpha=1.7
570,108,alpha=1.7
571,79,alpha=1.7
572,80,alpha=1.7
573,99,alpha=1.7
574,110,alpha=1.7
575,99,alpha=1.7
576,108,alpha=1.7
577,110,alpha=1.7
578,89,alpha=1.7
579,106,alpha=1.7
580,103,alpha=1.7
581,79,alpha=1.7
582,93,alpha=1.7
583,81,alpha=1.7
584,100,alpha=1.7
585,110,alpha=1.7
586,92,alpha=1.7
587,121,alpha=1.7
588,102,alpha=1.7
589,101,alpha=1.7
590,106,alpha=1.7
591,100,alpha=1.7
592,97,alpha=1.7
593,102,alpha=1.7
594,112,alpha=1.7
595,110,alpha=1.7
596,93,alpha=1.7
597,107,alpha=1.7
598,97,alpha=1.7
599,108,alpha=1.7
600,105,alpha=1.7
601,84,alpha=1.7
602,105,alpha=1.7
603,110,alpha=1.7
604,106,alpha=1.7
605,103,alpha=1.7
606,91,alpha=1.7
607,112,alpha=1.7
608,94,alpha=1.7
609,84,alpha=1.7
610,108,alpha=1.7
611,114,alpha=1.7
612,110,alpha=1.7
613,103,alpha=1.7
614,109,alpha=1.7
615,95,alpha=1.7
616,100,alpha=1.7
617,116,alpha=1.7
618,96,alpha=1.7
619,99,alpha=1.7
620,91,alpha=1.7
621,101,alpha=1.7
622,99,alpha=1.7
623,105,alpha=1.7
624,104,alpha=1.7
625,105,alpha=1.7
626,84,alpha=1.7
627,96,alpha=1.7
628,117,alpha=1.7
629,109,alpha=1.7
630,101,alpha=1.7
631,105,alpha=1.7
632,100,alpha=1.7
633,111,alpha=1.7
634,90,alpha=1.7
635,102,alpha=1.7
636,110,alpha=1.7
637,93,alpha=1.7
638,90,alpha=1.7
639,114,alpha=1.7
640,96,alpha=1.7
641,90,alpha=1.7
642,95,alpha=1.7
643,105,alpha=1.7
644,85,alpha=1.7
645,98,alpha=1.7
646,82,alpha=1.7
647,104,alpha=1.7
648,116,alpha=1.7
649,103,alpha=1.7
650,79,alpha=1.7
651,105,alpha=1.7
652,116,alpha=1.7
653,88,alpha=1.7
654,109,alpha=1.7
655,95,alpha=1.7
656,119,alpha=1.7
657,86,alpha=1.7
658,119,alpha=1.7
659,93,alpha=1.7
660,111,alpha=1.7
661,90,alpha=1.7
662,104,alpha=1.7
663,112,alpha=1.7
664,98,alpha=1.7
665,96,alpha=1.7
666,97,alpha=1.7
667,121,alpha=1.7
668,108,alpha=1.7
669,90,alpha=1.7
670,97,alpha=1.7
671,91,alpha=1.7
672,102,alpha=1.7
673,109,alpha=1.7
674,104,alpha=1.7
675,87,alpha=1.7
676,86,alpha=1.7
677,90,alpha=1.7
678,98,alpha=1.7
679,93,alpha=1.7
680,117,alpha=1.7
681,99,alpha=1.7
682,93,alpha=1.7
683,108,alpha=1.7
684,95,alpha=1.7
685,111,alpha=1.7
686,101,alpha=1.7
687,90,alpha=1.7
688,97,alpha=1.7
689,117,alpha=1.7
690,99,alpha=1.7
691,97,alpha=1.7
692,113,alpha=1.7
693,110,alpha=1.7
694,91,alpha=1.7
695,111,alpha=1.7
696,93,alpha=1.7
697,93,alpha=1.7
698,93,alpha=1.7
699,110,alpha=1.7
700,104,alpha=1.7
701,99,alpha=1.7
702,105,alpha=1.7
703,111,alpha=1.7
704,104,alpha=1.7
705,92,alpha=1.7
706,95,alpha=1.7
707,108,alpha=1.7
708,93,alpha=1.7
709,118,alpha=1.7
710,91,alpha=1.7
711,100,alpha=1.7
712,90,alpha=1.7
713,102,alpha=1.7
714,88,alpha=1.7
715,109,alpha=1.7
716,103,alpha=1.7
717,105,alpha=1.7
718,82,alpha=1.7
719,100,alpha=1.7
720,120,alpha=1.7
721,104,alpha=1.7
722,100,alpha=1.7
723,92,alpha=1.7
724,105,alpha=1.7
725,121,alpha=1.7
726,107,alpha=1.7
727,83,alpha=1.7
728,97,alpha=1.7
729,82,alpha=1.7
730,95,alpha=1.7
731,100,alpha=1.7
732,111,alpha=1.7
733,99,alpha=1.7
734,102,alpha=1.7
735,108,alpha=1.7
736,112,alpha=1.7
737,105,alpha=1.7
738,117,alpha=1.7
739,88,alpha=1.7
740,97,alpha=1.7
741,101,alpha=1.7
742,122,alpha=1.7
743,93,alpha=1.7
744,104,alpha=1.7
745,102,alpha=1.7
746,120,alpha=1.7
747,132,alpha=1.7
748,110,alpha=1.7
749,88,alpha=1.7
750,83,alpha=1.7
751,97,alpha=1.7
752,118,alpha=1.7
753,115,alpha=1.7
754,93,alpha=1.7
755,106,alpha=1.7
756,98,alpha=1.7
757,87,alpha=1.7
758,102,alpha=1.7
759,76,alpha=1.7
760,96,alpha=1.7
761,109,alpha=1.7
762,99,alpha=1.7
763,99,alpha=1.7
764,94,alpha=1.7
765,102,alpha=1.7
766,111,alpha=1.7
767,92,alpha=1.7
768,101,alpha=1.7
769,102,alpha=1.7
770,120,alpha=1.7
771,98,alpha=1.7
772,123,alpha=1.7
773,105,alpha=1.7
774,83,alpha=1.7
775,100,alpha=1.7
776,101,alpha=1.7
777,89,alpha=1.7
778,87,alpha=1.7
779,85,alpha=1.7
780,82,alpha=1.7
781,104,alpha=1.7
782,105,alpha=1.7
783,107,alpha=1.7
784,109,alpha=1.7
785,93,alpha=1.7
786,101,alpha=1.7
787,97,alpha=1.7
788,99,alpha=1.7
789,107,alpha=1.7
790,98,alpha=1.7
791,111,alpha=1.7
792,102,alpha=1.7
793,91,alpha=1.7
794,109,alpha=1.7
795,101,alpha=1.7
796,105,alpha=1.7
797,97,alpha=1.7
798,103,alpha=1.7
799,103,alpha=1.7
800,107,alpha=1.7
801,117,alpha=1.7
802,98,alpha=1.7
803,98,alpha=1.7
804,101,alpha=1.7
805,112,alpha=1.7
806,97,alpha=1.7
807,103,alpha=1.7
808,90,alpha=1.7
809,97,alpha=1.7
810,116,alpha=1.7
811,102,alpha=1.7
812,101,alpha=1.7
813,86,alpha=1.7
814,89,alpha=1.7
815,88,alpha=1.7
816,93,alpha=1.7
817,86,alpha=1.7
818,88,alpha=1.7
819,117,alpha=1.7
820,96,alpha=1.7
821,87,alpha=1.7
822,112,alpha=1.7
823,114,alpha=1.7
824,88,alpha=1.7
825,101,alpha=1.7
826,104,alpha=1.7
827,95,alpha=1.7
828,110,alpha=1.7
829,96,alpha=1.7
830,123,alpha=1.7
831,111,alpha=1.7
832,92,alpha=1.7
833,98,alpha=1.7
834,100,alpha=1.7
835,92,alpha=1.7
836,113,alpha=1.7
837,93,alpha=1.7
838,103,alpha=1.7
839,98,alpha=1.7
840,96,alpha=1.7
841,93,alpha=1.7
842,83,alpha=1.7
843,82,alpha=1.7
844,75,alpha=1.7
845,98,alpha=1.7
846,106,alpha=1.7
847,107,alpha=1.7
848,105,alpha=1.7
849,93,alpha=1.7
850,108,alpha=1.7
851,102,alpha=1.7
852,98,alpha=1.7
853,95,alpha=1.7
854,92,alpha=1.7
855,97,alpha=1.7
856,91,alpha=1.7
857,107,alpha=1.7
858,105,alpha=1.7
859,102,alpha=1.7
860,92,alpha=1.7
861,90,alpha=1.7
862,111,alpha=1.7
863,101,alpha=1.7
864,90,alpha=1.7
865,94,alpha=1.7
866,96,alpha=1.7
867,87,alpha=1.7
868,97,alpha=1.7
869,88,alpha=1.7
870,104,alpha=1.7
871,109,alpha=1.7
872,90,alpha=1.7
873,95,alpha=1.7
874,99,alpha=1.7
875,86,alpha=1.7
876,95,alpha=1.7
877,97,alpha=1.7
878,108,alpha=1.7
879,110,alpha=1.7
880,111,alpha=1.7
881,85,alpha=1.7
882,89,alpha=1.7
883,100,alpha=1.7
884,98,alpha=1.7
885,94,alpha=1.7
886,106,alpha=1.7
887,97,alpha=1.7
888,109,alpha=1.7
889,112,alpha=1.7
890,98,alpha=1.7
891,110,alpha=1.7
892,110,alpha=1.7
893,85,alpha=1.7
894,101,alpha=1.7
895,101,alpha=1.7
896,98,alpha=1.7
897,91,alpha=1.7
898,100,alpha=1.7
899,112,alpha=1.7
900,93,alpha=1.7
901,104,alpha=1.7
902,117,alpha=1.7
903,121,alpha=1.7
904,91,alpha=1.7
905,93,alpha=1.7
906,87,alpha=1.7
907,97,alpha=1.7
908,99,alpha=1.7
909,98,alpha=1.7
910,87,alpha=1.7
911,101,alpha=1.7
912,98,alpha=1.7
913,99,alpha=1.7
914,86,alpha=1.7
915,71,alpha=1.7
916,98,alpha=1.7
917,122,alpha=1.7
918,91,alpha=1.7
919,105,alpha=1.7
920,105,alpha=1.7
921,107,alpha=1.7
922,94,alpha=1.7
923,108,alpha=1.7
924,94,alpha=1.7
925,95,alpha=1.7
926,107,alpha=1.7
927,99,alpha=1.7
928,111,alpha=1.7
929,84,alpha=1.7
930,94,alpha=1.7
931,115,alpha=1.7
932,120,alpha=1.7
933,108,alpha=1.7
934,91,alpha=1.7
935,112,alpha=1.7
936,102,alpha=1.7
937,112,alpha=1.7
938,89,alpha=1.7
939,90,alpha=1.7
940,94,alpha=1.7
941,102,alpha=1.7
942,108,alpha=1.7
943,127,alpha=1.7
944,99,alpha=1.7
945,119,alpha=1.7
946,91,alpha=1.7
947,98,alpha=1.7
948,121,alpha=1.7
949,121,alpha=1.7
950,100,alpha=1.7
951,94,alpha=1.7
952,97,alpha=1.7
953,88,alpha=1.7
954,91,alpha=1.7
955,95,alpha=1.7
956,104,alpha=1.7
957,121,alpha=1.7
958,97,alpha=1.7
959,110,alpha=1.7
960,106,alpha=1.7
961,99,alpha=1.7
962,96,alpha=1.7
963,105,alpha=1.7
964,102,alpha=1.7
965,106,alpha=1.7
966,98,alpha=1.7
967,101,alpha=1.7
968,112,alpha=1.7
969,88,alpha=1.7
970,98,alpha=1.7
971,91,alpha=1.7
972,88,alpha=1.7
973,105,alpha=1.7
974,97,alpha=1.7
975,101,alpha=1.7
976,109,alpha=1.7
977,111,alpha=1.7
978,89,alpha=1.7
979,107,alpha=1.7
980,92,alpha=1.7
981,82,alpha=1.7
982,108,alpha=1.7
983,105,alpha=1.7
984,97,alpha=1.7
985,103,alpha=1.7
986,78,alpha=1.7
987,122,alpha=1.7
988,93,alpha=1.7
989,98,alpha=1.7
990,94,alpha=1.7
991,105,alpha=1.7
992,91,alpha=1.7
993,99,alpha=1.7
994,102,alpha=1.7
995,89,alpha=1.7
996,100,alpha=1.7
997,95,alpha=1.7
998,96,alpha=1.7
999,89,alpha=1.7
1000,95,alpha=1.7
1001,105,alpha=1.7
1002,90,alpha=1.7
1003,93,alpha=1.7
1004,102,alpha=1.7
1005,97,alpha=1.7
1006,95,alpha=1.7
1007,85,alpha=1.7
1008,98,alpha=1.7
1009,76,alpha=1.7
1010,100,alpha=1.7
1011,90,alpha=1.7
1012,117,alpha=1.7
1013,118,alpha=1.7
1014,97,alpha=1.7
1015,91,alpha=1.7
1016,95,alpha=1.7
1017,110,alpha=1.7
1018,105,alpha=1.7
1019,105,alpha=1.7
1020,87,alpha=1.7
1021,100,alpha=1.7
1022,110,alpha=1.7
1023,99,alpha=1.7
1024,101,alpha=1.7
1025,106,alpha=1.7
1026,99,alpha=1.7
1027,102,alpha=1.7
1028,92,alpha=1.7
1029,90,alpha=1.7
1030,85,alpha=1.7
1031,111,alpha=1.7
1032,102,alpha=1.7
1033,91,alpha=1.7
1034,114,alpha=1.7
1035,97,alpha=1.7
1036,109,alpha=1.7
1037,94,alpha=1.7
1038,93,alpha=1.7
1039,115,alpha=1.7
1040,79,alpha=1.7
1041,108,alpha=1.7
1042,99,alpha=1.7
1043,101,alpha=1.7
1044,88,alpha=1.7
1045,99,alpha=1.7
1046,96,alpha=1.7
1047,87,alpha=1.7
1048,102,alpha=1.7
1049,110,alpha=1.7
1050,95,alpha=1.7
1051,94,alpha=1.7
1052,109,alpha=1.7
1053,84,alpha=1.7
1054,92,alpha=1.7
1055,111,alpha=1.7
1056,106,alpha=1.7
1057,95,alpha=1.7
1058,92,alpha=1.7
1059,92,alpha=1.7
1060,118,alpha=1.7
1061,87,alpha=1.7
1062,114,alpha=1.7
1063,106,alpha=1.7
1064,97,alpha=1.7
1065,84,alpha=1.7
1066,105,alpha=1.7
1067,89,alpha=1.7
1068,103,alpha=1.7
1069,111,alpha=1.7
1070,127,alpha=1.7
1071,101,alpha=1.7
1072,105,alpha=1.7
1073,93,alpha=1.7
1074,90,alpha=1.7
1075,90,alpha=1.7
1076,104,alpha=1.7
1077,110,alpha=1.7
1078,114,alpha=1.7
1079,100,alpha=1.7
1080,97,alpha=1.7
1081,112,alpha=1.7
1082,94,alpha=1.7
1083,112,alpha=1.7
1084,103,alpha=1.7
1085,97,alpha=1.7
1086,118,alpha=1.7
1087,125,alpha=1.7
1088,112,alpha=1.7
1089,100,alpha=1.7
1090,94,alpha=1.7
1091,103,alpha=1.7
1092,109,alpha=1.7
1093,103,alpha=1.7
1094,106,alpha=1.7
1095,78,alpha=1.7
1096,93,alpha=1.7
1097,95,alpha=1.7
1098,108,alpha=1.7
1099,100,alpha=1.7
1100,106,alpha=1.7
1101,99,alpha=1.7
1102,104,alpha=1.7
1103,111,alpha=1.7
1104,106,alpha=1.7
1105,99,alpha=1.7
1106,93,alpha=1.7
1107,106,alpha=1.7
1108,99,alpha=1.7
1109,102,alpha=1.7
1110,98,alpha=1.7
1111,101,alpha=1.7
1112,99,alpha=1.7
1113,77,alpha=1.7
1114,90,alpha=1.7
1115,91,alpha=1.7
1116,101,alpha=1.7
1117,114,alpha=1.7
1118,95,alpha=1.7
1119,105,alpha=1.7
1120,94,alpha=1.7
1121,85,alpha=1.7
1122,107,alpha=1.7
1123,79,alpha=1.7
1124,96,alpha=1.7
1125,117,alpha=1.7
1126,89,alpha=1.7
1127,90,alpha=1.7
1128,98,alpha=1.7
1129,108,alpha=1.7
1130,102,alpha=1.7
1131,113,alpha=1.7
1132,101,alpha=1.7
1133,102,alpha=1.7
1134,100,alpha=1.7
1135,119,alpha=1.7
1136,91,alpha=1.7
1137,102,alpha=1.7
1138,116,alpha=1.7
1139,96,alpha=1.7
1140,96,alpha=1.7
1141,99,alpha=1.7
1142,99,alpha=1.7
1143,100,alpha=1.7
1144,103,alpha=1.7
1145,120,alpha=1.7
1146,114,alpha=1.7
1147,82,alpha=1.7
1148,129,alpha=1.7
1149,101,alpha=1.7
1150,108,alpha=1.7
1151,87,alpha=1.7
1152,98,alpha=1.7
1153,80,alpha=1.7
1154,100,alpha=1.7
1155,96,alpha=1.7
1156,86,alpha=1.7
1157,104,alpha=1.7
1158,97,alpha=1.7
1159,98,alpha=1.7
1160,85,alpha=1.7
1161,98,alpha=1.7
1162,108,alpha=1.7
1163,109,alpha=1.7
1164,107,alpha=1.7
1165,101,alpha=1.7
1166,98,alpha=1.7
1167,114,alpha=1.7
1168,95,alpha=1.7
1169,93,alpha=1.7
1170,95,alpha=1.7
1171,100,alpha=1.7
1172,90,alpha=1.7
1173,112,alpha=1.7
1174,109,alpha=1.7
1175,94,alpha=1.7
1176,99,alpha=1.7
1177,109,alpha=1.7
1178,103,alpha=1.7
1179,121,alpha=1.7
1180,96,alpha=1.7
1181,108,alpha=1.7
1182,93,alpha=1.7
1183,110,alpha=1.7
1184,108,alpha=1.7
1185,120,alpha=1.7
1186,94,alpha=1.7
1187,116,alpha=1.7
1188,108,alpha=1.7
1189,86,alpha=1.7
1190,94,alpha=1.7
1191,86,alpha=1.7
1192,97,alpha=1.7
1193,87,alpha=1.7
1194,113,alpha=1.7
1195,96,alpha=1.7
1196,91,alpha=1.7
1197,105,alpha=1.7
1198,107,alpha=1.7
1199,95,alpha=1.7
1200,107,alpha=1.7
1201,105,alpha=1.7
1202,95,alpha=1.7
1203,95,alpha=1.7
1204,90,alpha=1.7
1205,118,alpha=1.7
1206,105,alpha=1.7
1207,117,alpha=1.7
1208,110,alpha=1.7
1209,95,alpha=1.7
1210,90,alpha=1.7
1211,101,alpha=1.7
1212,87,alpha=1.7
1213,110,alpha=1.7
1214,83,alpha=1.7
1215,94,alpha=1.7
1216,106,alpha=1.7
1217,100,alpha=1.7
1218,99,alpha=1.7
1219,110,alpha=1.7
1220,101,alpha=1.7
1221,101,alpha=1.7
1222,100,alpha=1.7
1223,99,alpha=1.7
1224,108,alpha=1.7
1225,93,alpha=1.7
1226,81,alpha=1.7
1227,90,alpha=1.7
1228,100,alpha=1.7
1229,98,alpha=1.7
1230,119,alpha=1.7
1231,95,alpha=1.7
1232,113,alpha=1.7
1233,93,alpha=1.7
1234,102,alpha=1.7
1235,112,alpha=1.7
1236,97,alpha=1.7
1237,101,alpha=1.7
1238,107,alpha=1.7
1239,85,alpha=1.7
1240,104,alpha=1.7
1241,114,alpha=1.7
1242,92,alpha=1.7
1243,104,alpha=1.7
1244,110,alpha=1.7
1245,99,alpha=1.7
1246,108,alpha=1.7
1247,83,alpha=1.7
1248,107,alpha=1.7
1249,95,alpha=1.7
1250,124,alpha=1.7
1251,100,alpha=1.7
1252,114,alpha=1.7
1253,103,alpha=1.7
1254,83,alpha=1.7
1255,88,alpha=1.7
1256,98,alpha=1.7
1257,106,alpha=1.7
1258,101,alpha=1.7
1259,105,alpha=1.7
1260,94,alpha=1.7
1261,112,alpha=1.7
1262,87,alpha=1.7
1263,109,alpha=1.7
1264,102,alpha=1.7
1265,98,alpha=1.7
1266,93,alpha=1.7
1267,100,alpha=1.7
1268,101,alpha=1.7
1269,98,alpha=1.7
1270,102,alpha=1.7
1271,112,alpha=1.7
1272,90,alpha=1.7
1273,95,alpha=1.7
1274,109,alpha=1.7
1275,103,alpha=1.7
1276,97,alpha=1.7
1277,85,alpha=1.7
1278,98,alpha=1.7
1279,92,alpha=1.7
1280,111,alpha=1.7
1281,112,alpha=1.7
1282,85,alpha=1.7
1283,102,alpha=1.7
1284,100,alpha=1.7
1285,95,alpha=1.7
1286,92,alpha=1.7
1287,114,alpha=1.7
1288,98,alpha=1.7
1289,106,alpha=1.7
1290,110,alpha=1.7
1291,96,alpha=1.7
1292,114,alpha=1.7
1293,105,alpha=1.7
1294,108,alpha=1.7
1295,110,alpha=1.7
1296,100,alpha=1.7
1297,110,alpha=1.7
1298,106,alpha=1.7
1299,101,alpha=1.7
1300,95,alpha=1.7
1301,113,alpha=1.7
1302,104,alpha=1.7
1303,105,alpha=1.7
1304,113,alpha=1.7
1305,110,alpha=1.7
1306,99,alpha=1.7
1307,100,alpha=1.7
1308,91,alpha=1.7
1309,102,alpha=1.7
1310,84,alpha=1.7
1311,90,alpha=1.7
1312,102,alpha=1.7
1313,106,alpha=1.7
1314,99,alpha=1.7
1315,100,alpha=1.7
1316,92,alpha=1.7
1317,81,alpha=1.7
1318,99,alpha=1.7
1319,83,alpha=1.7
1320,121,alpha=1.7
1321,106,alpha=1.7
1322,109,alpha=1.7
1323,104,alpha=1.7
1324,118,alpha=1.7
1325,112,alpha=1.7
1326,108,alpha=1.7
1327,109,alpha=1.7
1328,109,alpha=1.7
1329,100,alpha=1.7
1330,118,alpha=1.7
1331,103,alpha=1.7
1332,97,alpha=1.7
1333,112,alpha=1.7
1334,93,alpha=1.7
1335,97,alpha=1.7
1336,91,alpha=1.7
1337,97,alpha=1.7
1338,105,alpha=1.7
1339,119,alpha=1.7
1340,116,alpha=1.7
1341,100,alpha=1.7
1342,100,alpha=1.7
1343,101,alpha=1.7
1344,95,alpha=1.7
1345,121,alpha=1.7
1346,98,alpha=1.7
1347,99,alpha=1.7
1348,113,alpha=1.7
1349,116,alpha=1.7
1350,99,alpha=1.7
1351,95,alpha=1.7
1352,100,alpha=1.7
1353,102,alpha=1.7
1354,92,alpha=1.7
1355,92,alpha=1.7
1356,81,alpha=1.7
1357,106,alpha=1.7
1358,105,alpha=1.7
1359,100,alpha=1.7
1360,121,alpha=1.7
1361,84,alpha=1.7
1362,92,alpha=1.7
1363,109,alpha=1.7
1364,102,alpha=1.7
1365,106,alpha=1.7
1366,104,alpha=1.7
1367,88,alpha=1.7
1368,99,alpha=1.7
1369,106,alpha=1.7
1370,112,alpha=1.7
1371,110,alpha=1.7
1372,107,alpha=1.7
1373,100,alpha=1.7
1374,110,alpha=1.7
1375,91,alpha=1.7
1376,91,alpha=1.7
1377,92,alpha=1.7
1378,73,alpha=1.7
1379,107,alpha=1.7
1380,81,alpha=1.7
1381,90,alpha=1.7
1382,114,alpha=1.7
1383,98,alpha=1.7
1384,91,alpha=1.7
1385,89,alpha=1.7
1386,99,alpha=1.7
1387,93,alpha=1.7
1388,118,alpha=1.7
1389,113,alpha=1.7
1390,94,alpha=1.7
1391,89,alpha=1.7
1392,112,alpha=1.7
1393,99,alpha=1.7
1394,84,alpha=1.7
1395,96,alpha=1.7
1396,110,alpha=1.7
1397,86,alpha=1.7
1398,95,alpha=1.7
1399,109,alpha=1.7
1400,108,alpha=1.7
1401,100,alpha=1.7
1402,101,alpha=1.7
1403,110,alpha=1.7
1404,83,alpha=1.7
1405,97,alpha=1.7
1406,99,alpha=1.7
1407,90,alpha=1.7
1408,95,alpha=1.7
1409,85,alpha=1.7
1410,107,alpha=1.7
1411,99,alpha=1.7
1412,88,alpha=1.7
1413,106,alpha=1.7
1414,103,alpha=1.7
1415,93,alpha=1.7
1416,94,alpha=1.7
1417,108,alpha=1.7
1418,75,alpha=1.7
1419,104,alpha=1.7
1420,90,alpha=1.7
1421,100,alpha=1.7
1422,92,alpha=1.7
1423,86,alpha=1.7
1424,103,alpha=1.7
1425,99,alpha=1.7
1426,109,alpha=1.7
1427,100,alpha=1.7
1428,97,alpha=1.7
1429,91,alpha=1.7
1430,98,alpha=1.7
1431,91,alpha=1.7
1432,108,alpha=1.7
1433,104,alpha=1.7
1434,107,alpha=1.7
1435,92,alpha=1.7
1436,99,alpha=1.7
1437,95,alpha=1.7
1438,99,alpha=1.7
1439,96,alpha=1.7
1440,98,alpha=1.7
1441,89,alpha=1.7
1442,108,alpha=1.7
1443,87,alpha=1.7
1444,100,alpha=1.7
1445,104,alpha=1.7
1446,99,alpha=1.7
1447,109,alpha=1.7
1448,94,alpha=1.7
1449,88,alpha=1.7
1450,99,alpha=1.7
1451,95,alpha=1.7
1452,78,alpha=1.7
1453,91,alpha=1.7
1454,102,alpha=1.7
1455,90,alpha=1.7
1456,99,alpha=1.7
1457,96,alpha=1.7
1458,100,alpha=1.7
1459,101,alpha=1.7
1460,75,alpha=1.7
1461,100,alpha=1.7
1462,93,alpha=1.7
1463,94,alpha=1.7
1464,84,alpha=1.7
1465,104,alpha=1.7
1466,93,alpha=1.7
1467,97,alpha=1.7
1468,100,alpha=1.7
1469,110,alpha=1.7
1470,98,alpha=1.7
1471,99,alpha=1.7
1472,89,alpha=1.7
1473,118,alpha=1.7
1474,95,alpha=1.7
1475,113,alpha=1.7
1476,101,alpha=1.7
1477,99,alpha=1.7
1478,107,alpha=1.7
1479,117,alpha=1.7
1480,104,alpha=1.7
1481,91,alpha=1.7
1482,95,alpha=1.7
1483,90,alpha=1.7
1484,97,alpha=1.7
1485,104,alpha=1.7
1486,95,alpha=1.7
1487,118,alpha=1.7
1488,92,alpha=1.7
1489,86,alpha=1.7
1490,83,alpha=1.7
1491,91,alpha=1.7
1492,100,alpha=1.7
1493,90,alpha=1.7
1494,95,alpha=1.7
1495,110,alpha=1.7
1496,102,alpha=1.7
1497,96,alpha=1.7
1498,108,alpha=1.7
1499,86,alpha=1.7
1500,101,alpha=1.7
1501,96,alpha=1.7
1502,122,alpha=1.7
1503,108,alpha=1.7
1504,89,alpha=1.7
1505,84,alpha=1.7
1506,107,alpha=1.7
1507,92,alpha=1.7
1508,110,alpha=1.7
1509,99,alpha=1.7
1510,96,alpha=1.7
1511,96,alpha=1.7
1512,97,alpha=1.7
1513,101,alpha=1.7
1514,83,alpha=1.7
1515,100,alpha=1.7
1516,109,alpha=1.7
1517,98,alpha=1.7
1518,100,alpha=1.7
1519,94,alpha=1.7
1520,107,alpha=1.7
1521,101,alpha=1.7
1522,112,alpha=1.7
1523,92,alpha=1.7
1524,100,alpha=1.7
1525,91,alpha=1.7
1526,96,alpha=1.7
1527,109,alpha=1.7
1528,102,alpha=1.7
1529,90,alpha=1.7
1530,99,alpha=1.7
1531,85,alpha=1.7
1532,83,alpha=1.7
1533,107,alpha=1.7
1534,109,alpha=1.7
1535,99,alpha=1.7
1536,104,alpha=1.7
1537,108,alpha=1.7
1538,107,alpha=1.7
1539,96,alpha=1.7
1540,97,alpha=1.7
1541,105,alpha=1.7
1542,102,alpha=1.7
1543,90,alpha=1.7
1544,104,alpha=1.7
1545,94,alpha=1.7
1546,106,alpha=1.7
1547,115,alpha=1.7
1548,97,alpha=1.7
1549,98,alpha=1.7
1550,128,alpha=1.7
1551,95,alpha=1.7
1552,103,alpha=1.7
1553,96,alpha=1.7
1554,105,alpha=1.7
1555,88,alpha=1.7
1556,99,alpha=1.7
1557,92,alpha=1.7
1558,101,alpha=1.7
1559,105,alpha=1.7
1560,88,alpha=1.7
1561,99,alpha=1.7
1562,94,alpha=1.7
1563,101,alpha=1.7
1564,104,alpha=1.7
1565,90,alpha=1.7
1566,98,alpha=1.7
1567,99,alpha=1.7
1568,99,alpha=1.7
1569,95,alpha=1.7
1570,117,alpha=1.7
1571,97,alpha=1.7
1572,100,alpha=1.7
1573,103,alpha=1.7
1574,96,alpha=1.7
1575,106,alpha=1.7
1576,93,alpha=1.7
1577,79,alpha=1.7
1578,96,alpha=1.7
1579,86,alpha=1.7
1580,95,alpha=1.7
1581,88,alpha=1.7
1582,102,alpha=1.7
1583,96,alpha=1.7
1584,114,alpha=1.7
1585,124,alpha=1.7
1586,107,alpha=1.7
1587,119,alpha=1.7
1588,108,alpha=1.7
1589,97,alpha=1.7
1590,112,alpha=1.7
1591,96,alpha=1.7
1592,106,alpha=1.7
1593,112,alpha=1.7
1594,119,alpha=1.7
1595,99,alpha=1.7
1596,112,alpha=1.7
1597,109,alpha=1.7
1598,117,alpha=1.7
1599,94,alpha=1.7
1600,110,alpha=1.7
1601,102,alpha=1.7
1602,98,alpha=1.7
1603,105,alpha=1.7
1604,103,alpha=1.7
1605,104,alpha=1.7
1606,93,alpha=1.7
1607,97,alpha=1.7
1608,105,alpha=1.7
1609,96,alpha=1.7
1610,90,alpha=1.7
1611,98,alpha=1.7
1612,90,alpha=1.7
1613,103,alpha=1.7
1614,109,alpha=1.7
1615,78,alpha=1.7
1616,102,alpha=1.7
1617,113,alpha=1.7
1618,102,alpha=1.7
1619,108,alpha=1.7
1620,104,alpha=1.7
1621,93,alpha=1.7
1622,102,alpha=1.7
1623,102,alpha=1.7
1624,93,alpha=1.7
1625,104,alpha=1.7
1626,103,alpha=1.7
1627,92,alpha=1.7
1628,96,alpha=1.7
1629,98,alpha=1.7
1630,92,alpha=1.7
1631,87,alpha=1.7
1632,116,alpha=1.7
1633,101,alpha=1.7
1634,89,alpha=1.7
1635,91,alpha=1.7
1636,101,alpha=1.7
1637,78,alpha=1.7
1638,83,alpha=1.7
1639,108,alpha=1.7
1640,89,alpha=1.7
1641,108,alpha=1.7
1642,99,alpha=1.7
1643,96,alpha=1.7
1644,98,alpha=1.7
1645,90,alpha=1.7
1646,108,alpha=1.7
1647,121,alpha=1.7
1648,101,alpha=1.7
1649,103,alpha=1.7
1650,92,alpha=1.7
1651,91,alpha=1.7
1652,100,alpha=1.7
1653,112,alpha=1.7
1654,100,alpha=1.7
1655,90,alpha=1.7
1656,98,alpha=1.7
1657,102,alpha=1.7
1658,107,alpha=1.7
1659,96,alpha=1.7
1660,107,alpha=1.7
1661,96,alpha=1.7
1662,103,alpha=1.7
1663,98,alpha=1.7
1664,95,alpha=1.7
1665,114,alpha=1.7
1666,122,alpha=1.7
1667,103,alpha=1.7
1668,106,alpha=1.7
1669,86,alpha=1.7
1670,111,alpha=1.7
1671,96,alpha=1.7
1672,105,alpha=1.7
1673,102,alpha=1.7
1674,95,alpha=1.7
1675,96,alpha=1.7
1676,99,alpha=1.7
1677,96,alpha=1.7
1678,102,alpha=1.7
1679,96,alpha=1.7
1680,106,alpha=1.7
1681,96,alpha=1.7
1682,95,alpha=1.7
1683,106,alpha=1.7
1684,94,alpha=1.7
1685,88,alpha=1.7
1686,66,alpha=1.7
1687,95,alpha=1.7
1688,113,alpha=1.7
1689,99,alpha=1.7
1690,97,alpha=1.7
1691,100,alpha=1.7
1692,85,alpha=1.7
1693,92,alpha=1.7
1694,90,alpha=1.7
1695,99,alpha=1.7
1696,102,alpha=1.7
1697,101,alpha=1.7
1698,98,alpha=1.7
1699,94,alpha=1.7
1700,88,alpha=1.7
1701,110,alpha=1.7
1702,88,alpha=1.7
1703,98,alpha=1.7
1704,109,alpha=1.7
1705,87,alpha=1.7
1706,111,alpha=1.7
1707,102,alpha=1.7
1708,92,alpha=1.7
1709,106,alpha=1.7
1710,102,alpha=1.7
1711,96,alpha=1.7
1712,95,alpha=1.7
1713,120,alpha=1.7
1714,91,alpha=1.7
1715,110,alpha=1.7
1716,117,alpha=1.7
1717,104,alpha=1.7
1718,109,alpha=1.7
1719,105,alpha=1.7
1720,101,alpha=1.7
1721,124,alpha=1.7
1722,87,alpha=1.7
1723,104,alpha=1.7
1724,95,alpha=1.7
1725,96,alpha=1.7
1726,113,alpha=1.7
1727,74,alpha=1.7
1728,98,alpha=1.7
1729,90,alpha=1.7
1730,80,alpha=1.7
1731,91,alpha=1.7
1732,107,alpha=1.7
1733,85,alpha=1.7
1734,112,alpha=1.7
1735,108,alpha=1.7
1736,84,alpha=1.7
1737,107,alpha=1.7
1738,109,alpha=1.7
1739,121,alpha=1.7
1740,104,alpha=1.7
1741,107,alpha=1.7
1742,100,alpha=1.7
1743,104,alpha=1.7
1744,100,alpha=1.7
1745,109,alpha=1.7
1746,97,alpha=1.7
1747,104,alpha=1.7
1748,103,alpha=1.7
1749,98,alpha=1.7
1750,98,alpha=1.7
1751,97,alpha=1.7
1752,107,alpha=1.7
1753,111,alpha=1.7
1754,82,alpha=1.7
1755,101,alpha=1.7
1756,76,alpha=1.7
1757,102,alpha=1.7
1758,87,alpha=1.7
1759,85,alpha=1.7
1760,99,alpha=1.7
1761,98,alpha=1.7
1762,85,alpha=1.7
1763,91,alpha=1.7
1764,110,alpha=1.7
1765,90,alpha=1.7
1766,100,alpha=1.7
1767,115,alpha=1.7
1768,80,alpha=1.7
1769,103,alpha=1.7
1770,122,alpha=1.7
1771,115,alpha=1.7
1772,102,alpha=1.7
1773,103,alpha=1.7
1774,105,alpha=1.7
1775,95,alpha=1.7
1776,96,alpha=1.7
1777,101,alpha=1.7
1778,95,alpha=1.7
1779,103,alpha=1.7
1780,84,alpha=1.7
1781,100,alpha=1.7
1782,86,alpha=1.7
1783,94,alpha=1.7
1784,89,alpha=1.7
1785,97,alpha=1.7
1786,98,alpha=1.7
1787,88,alpha=1.7
1788,92,alpha=1.7
1789,90,alpha=1.7
1790,96,alpha=1.7
1791,122,alpha=1.7
1792,103,alpha=1.7
1793,105,alpha=1.7
1794,109,alpha=1.7
1795,88,alpha=1.7
1796,84,alpha=1.7
1797,126,alpha=1.7
1798,78,alpha=1.7
1799,101,alpha=1.7
1800,105,alpha=1.7
1801,93,alpha=1.7
1802,110,alpha=1.7
1803,108,alpha=1.7
1804,103,alpha=1.7
1805,92,alpha=1.7
1806,105,alpha=1.7
1807,108,alpha=1.7
1808,109,alpha=1.7
1809,87,alpha=1.7
1810,97,alpha=1.7
1811,99,alpha=1.7
1812,101,alpha=1.7
1813,133,alpha=1.7
1814,107,alpha=1.7
1815,95,alpha=1.7
1816,105,alpha=1.7
1817,103,alpha=1.7
1818,81,alpha=1.7
1819,92,alpha=1.7
1820,104,alpha=1.7
1821,110,alpha=1.7
1822,100,alpha=1.7
1823,108,alpha=1.7
1824,91,alpha=1.7
1825,103,alpha=1.7
1826,102,alpha=1.7
1827,93,alpha=1.7
1828,96,alpha=1.7
1829,111,alpha=1.7
1830,94,alpha=1.7
1831,110,alpha=1.7
1832,95,alpha=1.7
1833,89,alpha=1.7
1834,100,alpha=1.7
1835,85,alpha=1.7
1836,92,alpha=1.7
1837,107,alpha=1.7
1838,102,alpha=1.7
1839,101,alpha=1.7
1840,83,alpha=1.7
1841,98,alpha=1.7
1842,93,alpha=1.7
1843,97,alpha=1.7
1844,116,alpha=1.7
1845,92,alpha=1.7
1846,73,alpha=1.7
1847,101,alpha=1.7
1848,105,alpha=1.7
1849,101,alpha=1.7
1850,109,alpha=1.7
1851,99,alpha=1.7
1852,96,alpha=1.7
1853,110,alpha=1.7
1854,90,alpha=1.7
1855,103,alpha=1.7
1856,98,alpha=1.7
1857,113,alpha=1.7
1858,99,alpha=1.7
1859,98,alpha=1.7
1860,93,alpha=1.7
1861,109,alpha=1.7
1862,103,alpha=1.7
1863,84,alpha=1.7
1864,98,alpha=1.7
1865,94,alpha=1.7
1866,116,alpha=1.7
1867,116,alpha=1.7
1868,93,alpha=1.7
1869,102,alpha=1.7
1870,83,alpha=1.7
1871,103,alpha=1.7
1872,91,alpha=1.7
1873,92,alpha=1.7
1874,103,alpha=1.7
1875,87,alpha=1.7
1876,124,alpha=1.7
1877,121,alpha=1.7
1878,100,alpha=1.7
1879,96,alpha=1.7
1880,95,alpha=1.7
1881,113,alpha=1.7
1882,117,alpha=1.7
1883,100,alpha=1.7
1884,86,alpha=1.7
1885,90,alpha=1.7
1886,112,alpha=1.7
1887,105,alpha=1.7
1888,106,alpha=1.7
1889,97,alpha=1.7
1890,116,alpha=1.7
1891,99,alpha=1.7
1892,106,alpha=1.7
1893,92,alpha=1.7
1894,99,alpha=1.7
1895,103,alpha=1.7
1896,101,alpha=1.7
1897,86,alpha=1.7
1898,80,alpha=1.7
1899,103,alpha=1.7
1900,96,alpha=1.7
1901,116,alpha=1.7
1902,90,alpha=1.7
1903,78,alpha=1.7
1904,103,alpha=1.7
1905,110,alpha=1.7
1906,91,alpha=1.7
1907,103,alpha=1.7
1908,101,alpha=1.7
1909,99,alpha=1.7
1910,99,alpha=1.7
1911,107,alpha=1.7
1912,95,alpha=1.7
1913,112,alpha=1.7
1914,81,alpha=1.7
1915,93,alpha=1.7
1916,85,alpha=1.7
1917,79,alpha=1.7
1918,86,alpha=1.7
1919,94,alpha=1.7
1920,107,alpha=1.7
1921,101,alpha=1.7
1922,99,alpha=1.7
1923,101,alpha=1.7
1924,106,alpha=1.7
1925,102,alpha=1.7
1926,90,alpha=1.7
1927,103,alpha=1.7
1928,109,alpha=1.7
1929,93,alpha=1.7
1930,102,alpha=1.7
1931,97,alpha=1.7
1932,110,alpha=1.7
1933,103,alpha=1.7
1934,103,alpha=1.7
1935,86,alpha=1.7
1936,96,alpha=1.7
1937,85,alpha=1.7
1938,89,alpha=1.7
1939,86,alpha=1.7
1940,84,alpha=1.7
1941,101,alpha=1.7
1942,127,alpha=1.7
1943,90,alpha=1.7
1944,119,alpha=1.7
1945,112,alpha=1.7
1946,97,alpha=1.7
1947,93,alpha=1.7
1948,115,alpha=1.7
1949,105,alpha=1.7
1950,110,alpha=1.7
1951,109,alpha=1.7
1952,109,alpha=1.7
1953,108,alpha=1.7
1954,92,alpha=1.7
1955,98,alpha=1.7
1956,101,alpha=1.7
1957,105,alpha=1.7
1958,99,alpha=1.7
1959,96,alpha=1.7
1960,102,alpha=1.7
1961,96,alpha=1.7
1962,107,alpha=1.7
1963,100,alpha=1.7
1964,106,alpha=1.7
1965,105,alpha=1.7
1966,91,alpha=1.7
1967,99,alpha=1.7
1968,97,alpha=1.7
1969,92,alpha=1.7
1970,85,alpha=1.7
1971,119,alpha=1.7
1972,92,alpha=1.7
1973,94,alpha=1.7
1974,118,alpha=1.7
1975,86,alpha=1.7
1976,110,alpha=1.7
1977,85,alpha=1.7
1978,111,alpha=1.7
1979,91,alpha=1.7
1980,90,alpha=1.7
1981,97,alpha=1.7
1982,102,alpha=1.7
1983,96,alpha=1.7
1984,97,alpha=1.7
1985,114,alpha=1.7
1986,91,alpha=1.7
1987,87,alpha=1.7
1988,95,alpha=1.7
1989,106,alpha=1.7
1990,102,alpha=1.7
1991,114,alpha=1.7
1992,85,alpha=1.7
1993,103,alpha=1.7
1994,95,alpha=1.7
1995,98,alpha=1.7
1996,93,alpha=1.7
1997,103,alpha=1.7
1998,103,alpha=1.7
1999,94,alpha=1.7
2000,105,alpha=1.7
2001,91,alpha=1.7
2002,96,alpha=1.7
2003,109,alpha=1.7
2004,83,alpha=1.7
2005,103,alpha=1.7
2006,118,alpha=1.7
2007,91,alpha=1.7
2008,99,alpha=1.7
2009,117,alpha=1.7
2010,121,alpha=1.7
2011,105,alpha=1.7
2012,110,alpha=1.7
2013,105,alpha=1.7
2014,105,alpha=1.7
2015,110,alpha=1.7
2016,106,alpha=1.7
2017,104,alpha=1.7
2018,102,alpha=1.7
2019,108,alpha=1.7
2020,99,alpha=1.7
2021,114,alpha=1.7
2022,110,alpha=1.7
2023,101,alpha=1.7
2024,101,alpha=1.7
2025,97,alpha=1.7
2026,95,alpha=1.7
2027,100,alpha=1.7
2028,94,alpha=1.7
2029,99,alpha=1.7
2030,114,alpha=1.7
2031,90,alpha=1.7
2032,101,alpha=1.7
2033,72,alpha=1.7
2034,92,alpha=1.7
2035,100,alpha=1.7
2036,107,alpha=1.7
2037,120,alpha=1.7
2038,101,alpha=1.7
2039,94,alpha=1.7
2040,99,alpha=1.7
2041,101,alpha=1.7
2042,101,alpha=1.7
2043,103,alpha=1.7
2044,85,alpha=1.7
2045,95,alpha=1.7
2046,96,alpha=1.7
2047,93,alpha=1.7
2048,96,alpha=1.7
2049,116,alpha=1.7
2050,125,alpha=1.7
2051,108,alpha=1.7
2052,96,alpha=1.7
2053,87,alpha=1.7
2054,110,alpha=1.7
2055,107,alpha=1.7
2056,108,alpha=1.7
2057,109,alpha=1.7
2058,103,alpha=1.7
2059,95,alpha=1.7
2060,101,alpha=1.7
2061,109,alpha=1.7
2062,119,alpha=1.7
2063,84,alpha=1.7
2064,95,alpha=1.7
2065,99,alpha=1.7
2066,119,alpha=1.7
2067,91,alpha=1.7
2068,95,alpha=1.7
2069,87,alpha=1.7
2070,111,alpha=1.7
2071,88,alpha=1.7
2072,97,alpha=1.7
2073,96,alpha=1.7
2074,88,alpha=1.7
2075,98,alpha=1.7
2076,94,alpha=1.7
2077,113,alpha=1.7
2078,118,alpha=1.7
2079,86,alpha=1.7
2080,88,alpha=1.7
2081,100,alpha=1.7
2082,107,alpha=1.7
2083,117,alpha=1.7
2084,113,alpha=1.7
2085,121,alpha=1.7
2086,96,alpha=1.7
2087,78,alpha=1.7
2088,106,alpha=1.7
2089,97,alpha=1.7
2090,117,alpha=1.7
2091,94,alpha=1.7
2092,82,alpha=1.7
2093,106,alpha=1.7
2094,92,alpha=1.7
2095,109,alpha=1.7
2096,85,alpha=1.7
2097,98,alpha=1.7
2098,103,alpha=1.7
2099,107,alpha=1.7
2100,121,alpha=1.7
2101,111,alpha=1.7
2102,104,alpha=1.7
2103,90,alpha=1.7
2104,101,alpha=1.7
2105,113,alpha=1.7
2106,93,alpha=1.7
2107,113,alpha=1.7
2108,93,alpha=1.7
2109,105,alpha=1.7
2110,93,alpha=1.7
2111,109,alpha=1.7
2112,107,alpha=1.7
2113,99,alpha=1.7
2114,100,alpha=1.7
2115,93,alpha=1.7
2116,112,alpha=1.7
2117,87,alpha=1.7
2118,104,alpha=1.7
2119,103,alpha=1.7
2120,88,alpha=1.7
2121,93,alpha=1.7
2122,76,alpha=1.7
2123,104,alpha=1.7
2124,107,alpha=1.7
2125,84,alpha=1.7
2126,105,alpha=1.7
2127,90,alpha=1.7
2128,105,alpha=1.7
2129,101,alpha=1.7
2130,101,alpha=1.7
2131,104,alpha=1.7
2132,116,alpha=1.7
2133,94,alpha=1.7
2134,94,alpha=1.7
2135,110,alpha=1.7
2136,82,alpha=1.7
2137,118,alpha=1.7
2138,72,alpha=1.7
2139,90,alpha=1.7
2140,102,alpha=1.7
2141,102,alpha=1.7
2142,117,alpha=1.7
2143,94,alpha=1.7
2144,120,alpha=1.7
2145,93,alpha=1.7
2146,100,alpha=1.7
2147,119,alpha=1.7
2148,92,alpha=1.7
2149,109,alpha=1.7
2150,88,alpha=1.7
2151,100,alpha=1.7
2152,108,alpha=1.7
2153,100,alpha=1.7
2154,101,alpha=1.7
2155,99,alpha=1.7
2156,95,alpha=1.7
2157,104,alpha=1.7
2158,109,alpha=1.7
2159,106,alpha=1.7
2160,110,alpha=1.7
2161,101,alpha=1.7
2162,83,alpha=1.7
2163,95,alpha=1.7
2164,95,alpha=1.7
2165,119,alpha=1.7
2166,92,alpha=1.7
2167,99,alpha=1.7
2168,100,alpha=1.7
2169,104,alpha=1.7
2170,94,alpha=1.7
2171,93,alpha=1.7
2172,98,alpha=1.7
2173,91,alpha=1.7
2174,85,alpha=1.7
2175,101,alpha=1.7
2176,88,alpha=1.7
2177,100,alpha=1.7
2178,105,alpha=1.7
2179,93,alpha=1.7
2180,98,alpha=1.7
2181,89,alpha=1.7
2182,92,alpha=1.7
2183,93,alpha=1.7
2184,95,alpha=1.7
2185,107,alpha=1.7
2186,91,alpha=1.7
2187,93,alpha=1.7
2188,111,alpha=1.7
2189,93,alpha=1.7
2190,90,alpha=1.7
2191,123,alpha=1.7
2192,111,alpha=1.7
2193,89,alpha=1.7
2194,96,alpha=1.7
2195,91,alpha=1.7
2196,91,alpha=1.7
2197,110,alpha=1.7
2198,74,alpha=1.7
2199,96,alpha=1.7
2200,97,alpha=1.7
2201,106,alpha=1.7
2202,103,alpha=1.7
2203,118,alpha=1.7
2204,107,alpha=1.7
2205,119,alpha=1.7
2206,96,alpha=1.7
2207,98,alpha=1.7
2208,100,alpha=1.7
2209,87,alpha=1.7
2210,106,alpha=1.7
2211,95,alpha=1.7
2212,105,alpha=1.7
2213,105,alpha=1.7
2214,110,alpha=1.7
2215,105,alpha=1.7
2216,79,alpha=1.7
2217,96,alpha=1.7
2218,92,alpha=1.7
2219,102,alpha=1.7
2220,119,alpha=1.7
2221,95,alpha=1.7
2222,110,alpha=1.7
2223,108,alpha=1.7
2224,98,alpha=1.7
2225,101,alpha=1.7
2226,97,alpha=1.7
2227,87,alpha=1.7
2228,88,alpha=1.7
2229,108,alpha=1.7
2230,72,alpha=1.7
2231,96,alpha=1.7
2232,109,alpha=1.7
2233,93,alpha=1.7
2234,109,alpha=1.7
2235,84,alpha=1.7
2236,86,alpha=1.7
2237,113,alpha=1.7
2238,105,alpha=1.7
2239,103,alpha=1.7
2240,99,alpha=1.7
2241,88,alpha=1.7
2242,97,alpha=1.7
2243,103,alpha=1.7
2244,90,alpha=1.7
2245,104,alpha=1.7
2246,102,alpha=1.7
2247,102,alpha=1.7
2248,104,alpha=1.7
2249,81,alpha=1.7
2250,114,alpha=1.7
2251,92,alpha=1.7
2252,96,alpha=1.7
2253,108,alpha=1.7
2254,100,alpha=1.7
2255,98,alpha=1.7
2256,105,alpha=1.7
2257,106,alpha=1.7
2258,100,alpha=1.7
2259,98,alpha=1.7
2260,108,alpha=1.7
2261,109,alpha=1.7
2262,124,alpha=1.7
2263,94,alpha=1.7
2264,75,alpha=1.7
2265,100,alpha=1.7
2266,91,alpha=1.7
2267,101,alpha=1.7
2268,88,alpha=1.7
2269,100,alpha=1.7
2270,86,alpha=1.7
2271,97,alpha=1.7
2272,99,alpha=1.7
2273,91,alpha=1.7
2274,95,alpha=1.7
2275,108,alpha=1.7
2276,106,alpha=1.7
2277,105,alpha=1.7
2278,101,alpha=1.7
2279,106,alpha=1.7
2280,103,alpha=1.7
2281,114,alpha=1.7
2282,91,alpha=1.7
2283,115,alpha=1.7
2284,106,alpha=1.7
2285,93,alpha=1.7
2286,106,alpha=1.7
2287,107,alpha=1.7
2288,88,alpha=1.7
2289,98,alpha=1.7
2290,100,alpha=1.7
2291,110,alpha=1.7
2292,101,alpha=1.7
2293,94,alpha=1.7
2294,98,alpha=1.7
2295,90,alpha=1.7
2296,92,alpha=1.7
2297,105,alpha=1.7
2298,69,alpha=1.7
2299,89,alpha=1.7
2300,94,alpha=1.7
2301,96,alpha=1.7
2302,92,alpha=1.7
2303,101,alpha=1.7
2304,94,alpha=1.7
2305,117,alpha=1.7
2306,112,alpha=1.7
2307,105,alpha=1.7
2308,117,alpha=1.7
2309,90,alpha=1.7
2310,93,alpha=1.7
2311,102,alpha=1.7
2312,103,alpha=1.7
2313,96,alpha=1.7
2314,115,alpha=1.7
2315,92,alpha=1.7
2316,109,alpha=1.7
2317,96,alpha=1.7
2318,110,alpha=1.7
2319,92,alpha=1.7
2320,106,alpha=1.7
2321,93,alpha=1.7
2322,89,alpha=1.7
2323,117,alpha=1.7
2324,76,alpha=1.7
2325,106,alpha=1.7
2326,93,alpha=1.7
2327,107,alpha=1.7
2328,109,alpha=1.7
2329,112,alpha=1.7
2330,94,alpha=1.7
2331,106,alpha=1.7
2332,113,alpha=1.7
2333,103,alpha=1.7
2334,91,alpha=1.7
2335,98,alpha=1.7
2336,104,alpha=1.7
2337,120,alpha=1.7
2338,99,alpha=1.7
2339,104,alpha=1.7
2340,92,alpha=1.7
2341,107,alpha=1.7
2342,96,alpha=1.7
2343,94,alpha=1.7
2344,87,alpha=1.7
2345,85,alpha=1.7
2346,112,alpha=1.7
2347,100,alpha=1.7
2348,121,alpha=1.7
2349,92,alpha=1.7
2350,87,alpha=1.7
2351,106,alpha=1.7
2352,92,alpha=1.7
2353,105,alpha=1.7
2354,107,alpha=1.7
2355,100,alpha=1.7
2356,105,alpha=1.7
2357,96,alpha=1.7
2358,96,alpha=1.7
2359,94,alpha=1.7
2360,97,alpha=1.7
2361,106,alpha=1.7
2362,85,alpha=1.7
2363,93,alpha=1.7
2364,100,alpha=1.7
2365,85,alpha=1.7
2366,106,alpha=1.7
2367,115,alpha=1.7
2368,102,alpha=1.7
2369,124,alpha=1.7
2370,96,alpha=1.7
2371,102,alpha=1.7
2372,126,alpha=1.7
2373,89,alpha=1.7
2374,100,alpha=1.7
2375,109,alpha=1.7
2376,96,alpha=1.7
2377,115,alpha=1.7
2378,94,alpha=1.7
2379,85,alpha=1.7
2380,109,alpha=1.7
2381,105,alpha=1.7
2382,109,alpha=1.7
2383,105,alpha=1.7
2384,111,alpha=1.7
2385,110,alpha=1.7
2386,112,alpha=1.7
2387,91,alpha=1.7
2388,83,alpha=1.7
2389,102,alpha=1.7
2390,103,alpha=1.7
2391,113,alpha=1.7
2392,102,alpha=1.7
2393,98,alpha=1.7
2394,97,alpha=1.7
2395,88,alpha=1.7
2396,106,alpha=1.7
2397,94,alpha=1.7
2398,110,alpha=1.7
2399,102,alpha=1.7
2400,97,alpha=1.7
2401,100,alpha=1.7
2402,99,alpha=1.7
2403,129,alpha=1.7
2404,88,alpha=1.7
2405,104,alpha=1.7
2406,106,alpha=1.7
2407,77,alpha=1.7
2408,91,alpha=1.7
2409,111,alpha=1.7
2410,96,alpha=1.7
2411,102,alpha=1.7
2412,101,alpha=1.7
2413,109,alpha=1.7
2414,114,alpha=1.7
2415,88,alpha=1.7
2416,98,alpha=1.7
2417,89,alpha=1.7
2418,102,alpha=1.7
2419,93,alpha=1.7
2420,89,alpha=1.7
2421,91,alpha=1.7
2422,84,alpha=1.7
2423,96,alpha=1.7
2424,84,alpha=1.7
2425,88,alpha=1.7
2426,87,alpha=1.7
2427,107,alpha=1.7
2428,97,alpha=1.7
2429,106,alpha=1.7
2430,93,alpha=1.7
2431,98,alpha=1.7
2432,97,alpha=1.7
2433,88,alpha=1.7
2434,109,alpha=1.7
2435,114,alpha=1.7
2436,94,alpha=1.7
2437,87,alpha=1.7
2438,100,alpha=1.7
2439,101,alpha=1.7
2440,96,alpha=1.7
2441,87,alpha=1.7
2442,106,alpha=1.7
2443,88,alpha=1.7
2444,100,alpha=1.7
2445,112,alpha=1.7
2446,110,alpha=1.7
2447,110,alpha=1.7
2448,105,alpha=1.7
2449,89,alpha=1.7
2450,114,alpha=1.7
2451,115,alpha=1.7
2452,97,alpha=1.7
2453,114,alpha=1.7
2454,103,alpha=1.7
2455,109,alpha=1.7
2456,115,alpha=1.7
2457,115,alpha=1.7
2458,109,alpha=1.7
2459,88,alpha=1.7
2460,90,alpha=1.7
2461,87,alpha=1.7
2462,98,alpha=1.7
2463,105,alpha=1.7
2464,92,alpha=1.7
2465,103,alpha=1.7
2466,88,alpha=1.7
2467,104,alpha=1.7
2468,109,alpha=1.7
2469,91,alpha=1.7
2470,106,alpha=1.7
2471,91,alpha=1.7
2472,99,alpha=1.7
2473,89,alpha=1.7
2474,101,alpha=1.7
2475,88,alpha=1.7
2476,102,alpha=1.7
2477,97,alpha=1.7
2478,80,alpha=1.7
2479,89,alpha=1.7
2480,101,alpha=1.7
2481,101,alpha=1.7
2482,103,alpha=1.7
2483,96,alpha=1.7
2484,105,alpha=1.7
2485,107,alpha=1.7
2486,106,alpha=1.7
2487,116,alpha=1.7
2488,87,alpha=1.7
2489,95,alpha=1.7
2490,103,alpha=1.7
2491,123,alpha=1.7
2492,97,alpha=1.7
2493,100,alpha=1.7
2494,92,alpha=1.7
2495,83,alpha=1.7
2496,106,alpha=1.7
2497,112,alpha=1.7
2498,95,alpha=1.7
2499,88,alpha=1.7
2500,112,alpha=1.7
2501,98,alpha=1.7
2502,79,alpha=1.7
2503,90,alpha=1.7
2504,102,alpha=1.7
2505,80,alpha=1.7
2506,86,alpha=1.7
2507,83,alpha=1.7
2508,111,alpha=1.7
2509,115,alpha=1.7
2510,127,alpha=1.7
2511,102,alpha=1.7
2512,98,alpha=1.7
2513,83,alpha=1.7
2514,67,alpha=1.7
2515,101,alpha=1.7
2516,102,alpha=1.7
2517,94,alpha=1.7
2518,93,alpha=1.7
2519,110,alpha=1.7
2520,87,alpha=1.7
2521,91,alpha=1.7
2522,107,alpha=1.7
2523,98,alpha=1.7
2524,95,alpha=1.7
2525,107,alpha=1.7
2526,94,alpha=1.7
2527,88,alpha=1.7
2528,81,alpha=1.7
2529,97,alpha=1.7
2530,103,alpha=1.7
2531,109,alpha=1.7
2532,90,alpha=1.7
2533,100,alpha=1.7
2534,107,alpha=1.7
2535,102,alpha=1.7
2536,109,alpha=1.7
2537,116,alpha=1.7
2538,102,alpha=1.7
2539,105,alpha=1.7
2540,97,alpha=1.7
2541,97,alpha=1.7
2542,92,alpha=1.7
2543,84,alpha=1.7
2544,96,alpha=1.7
2545,101,alpha=1.7
2546,112,alpha=1.7
2547,109,alpha=1.7
2548,103,alpha=1.7
2549,101,alpha=1.7
2550,95,alpha=1.7
2551,95,alpha=1.7
2552,101,alpha=1.7
2553,111,alpha=1.7
2554,95,alpha=1.7
2555,88,alpha=1.7
2556,105,alpha=1.7
2557,119,alpha=1.7
2558,88,alpha=1.7
2559,78,alpha=1.7
2560,94,alpha=1.7
2561,86,alpha=1.7
2562,109,alpha=1.7
2563,96,alpha=1.7
2564,101,alpha=1.7
2565,111,alpha=1.7
2566,116,alpha=1.7
2567,109,alpha=1.7
2568,102,alpha=1.7
2569,116,alpha=1.7
2570,101,alpha=1.7
2571,107,alpha=1.7
2572,94,alpha=1.7
2573,101,alpha=1.7
2574,101,alpha=1.7
2575,102,alpha=1.7
2576,109,alpha=1.7
2577,100,alpha=1.7
2578,98,alpha=1.7
2579,121,alpha=1.7
2580,93,alpha=1.7
2581,98,alpha=1.7
2582,99,alpha=1.7
2583,105,alpha=1.7
2584,104,alpha=1.7
2585,88,alpha=1.7
2586,85,alpha=1.7
2587,109,alpha=1.7
2588,102,alpha=1.7
2589,85,alpha=1.7
2590,88,alpha=1.7
2591,91,alpha=1.7
2592,99,alpha=1.7
2593,91,alpha=1.7
2594,90,alpha=1.7
2595,102,alpha=1.7
2596,112,alpha=1.7
2597,92,alpha=1.7
2598,110,alpha=1.7
2599,92,alpha=1.7
2600,104,alpha=1.7
2601,90,alpha=1.7
2602,109,alpha=1.7
2603,107,alpha=1.7
2604,90,alpha=1.7
2605,109,alpha=1.7
2606,93,alpha=1.7
2607,111,alpha=1.7
2608,98,alpha=1.7
2609,90,alpha=1.7
2610,93,alpha=1.7
2611,100,alpha=1.7
2612,109,alpha=1.7
2613,97,alpha=1.7
2614,105,alpha=1.7
2615,101,alpha=1.7
2616,99,alpha=1.7
2617,102,alpha=1.7
2618,87,alpha=1.7
2619,100,alpha=1.7
2620,85,alpha=1.7
2621,94,alpha=1.7
2622,107,alpha=1.7
2623,111,alpha=1.7
2624,98,alpha=1.7
2625,106,alpha=1.7
2626,98,alpha=1.7
2627,98,alpha=1.7
2628,89,alpha=1.7
2629,99,alpha=1.7
2630,113,alpha=1.7
2631,111,alpha=1.7
2632,107,alpha=1.7
2633,87,alpha=1.7
2634,93,alpha=1.7
2635,97,alpha=1.7
2636,105,alpha=1.7
2637,103,alpha=1.7
2638,100,alpha=1.7
2639,116,alpha=1.7
2640,106,alpha=1.7
2641,99,alpha=1.7
2642,100,alpha=1.7
2643,95,alpha=1.7
2644,113,alpha=1.7
2645,119,alpha=1.7
2646,95,alpha=1.7
2647,92,alpha=1.7
2648,112,alpha=1.7
2649,103,alpha=1.7
2650,85,alpha=1.7
2651,89,alpha=1.7
2652,96,alpha=1.7
2653,99,alpha=1.7
2654,109,alpha=1.7
2655,112,alpha=1.7
2656,126,alpha=1.7
2657,104,alpha=1.7
2658,74,alpha=1.7
2659,100,alpha=1.7
2660,107,alpha=1.7
2661,84,alpha=1.7
2662,102,alpha=1.7
2663,114,alpha=1.7
2664,99,alpha=1.7
2665,100,alpha=1.7
2666,103,alpha=1.7
2667,118,alpha=1.7
2668,124,alpha=1.7
2669,105,alpha=1.7
2670,91,alpha=1.7
2671,106,alpha=1.7
2672,112,alpha=1.7
2673,90,alpha=1.7
2674,90,alpha=1.7
2675,86,alpha=1.7
2676,115,alpha=1.7
2677,87,alpha=1.7
2678,90,alpha=1.7
2679,94,alpha=1.7
2680,81,alpha=1.7
2681,93,alpha=1.7
2682,90,alpha=1.7
2683,124,alpha=1.7
2684,100,alpha=1.7
2685,100,alpha=1.7
2686,90,alpha=1.7
2687,102,alpha=1.7
2688,97,alpha=1.7
2689,100,alpha=1.7
2690,83,alpha=1.7
2691,86,alpha=1.7
2692,90,alpha=1.7
2693,85,alpha=1.7
2694,95,alpha=1.7
2695,98,alpha=1.7
2696,82,alpha=1.7
2697,97,alpha=1.7
2698,113,alpha=1.7
2699,95,alpha=1.7
2700,96,alpha=1.7
2701,91,alpha=1.7
2702,109,alpha=1.7
2703,103,alpha=1.7
2704,105,alpha=1.7
2705,108,alpha=1.7
2706,93,alpha=1.7
2707,105,alpha=1.7
2708,112,alpha=1.7
2709,115,alpha=1.7
2710,93,alpha=1.7
2711,101,alpha=1.7
2712,110,alpha=1.7
2713,94,alpha=1.7
2714,97,alpha=1.7
2715,84,alpha=1.7
2716,91,alpha=1.7
2717,110,alpha=1.7
2718,112,alpha=1.7
2719,99,alpha=1.7
2720,101,alpha=1.7
2721,106,alpha=1.7
2722,109,alpha=1.7
2723,88,alpha=1.7
2724,100,alpha=1.7
2725,103,alpha=1.7
2726,106,alpha=1.7
2727,89,alpha=1.7
2728,93,alpha=1.7
2729,102,alpha=1.7
2730,106,alpha=1.7
2731,105,alpha=1.7
2732,129,alpha=1.7
2733,108,alpha=1.7
2734,106,alpha=1.7
2735,93,alpha=1.7
2736,118,alpha=1.7
2737,112,alpha=1.7
2738,85,alpha=1.7
2739,101,alpha=1.7
2740,96,alpha=1.7
2741,113,alpha=1.7
2742,83,alpha=1.7
2743,100,alpha=1.7
2744,107,alpha=1.7
2745,100,alpha=1.7
2746,102,alpha=1.7
2747,100,alpha=1.7
2748,94,alpha=1.7
2749,84,alpha=1.7
2750,96,alpha=1.7
2751,113,alpha=1.7
2752,97,alpha=1.7
2753,89,alpha=1.7
2754,117,alpha=1.7
2755,100,alpha=1.7
2756,86,alpha=1.7
2757,104,alpha=1.7
2758,108,alpha=1.7
2759,102,alpha=1.7
2760,112,alpha=1.7
2761,106,alpha=1.7
2762,99,alpha=1.7
2763,117,alpha=1.7
2764,111,alpha=1.7
2765,107,alpha=1.7
2766,81,alpha=1.7
2767,96,alpha=1.7
2768,93,alpha=1.7
2769,98,alpha=1.7
2770,109,alpha=1.7
2771,97,alpha=1.7
2772,112,alpha=1.7
2773,99,alpha=1.7
2774,107,alpha=1.7
2775,99,alpha=1.7
2776,113,alpha=1.7
2777,92,alpha=1.7
2778,94,alpha=1.7
2779,102,alpha=1.7
2780,88,alpha=1.7
2781,104,alpha=1.7
2782,96,alpha=1.7
2783,101,alpha=1.7
2784,98,alpha=1.7
2785,96,alpha=1.7
2786,108,alpha=1.7
2787,104,alpha=1.7
2788,92,alpha=1.7
2789,100,alpha=1.7
2790,93,alpha=1.7
2791,95,alpha=1.7
2792,120,alpha=1.7
2793,95,alpha=1.7
2794,95,alpha=1.7
2795,95,alpha=1.7
2796,88,alpha=1.7
2797,108,alpha=1.7
2798,104,alpha=1.7
2799,106,alpha=1.7
2800,98,alpha=1.7
2801,104,alpha=1.7
2802,104,alpha=1.7
2803,96,alpha=1.7
2804,99,alpha=1.7
2805,99,alpha=1.7
2806,101,alpha=1.7
2807,92,alpha=1.7
2808,112,alpha=1.7
2809,99,alpha=1.7
2810,97,alpha=1.7
2811,93,alpha=1.7
2812,81,alpha=1.7
2813,108,alpha=1.7
2814,95,alpha=1.7
2815,82,alpha=1.7
2816,112,alpha=1.7
2817,91,alpha=1.7
2818,96,alpha=1.7
2819,90,alpha=1.7
2820,91,alpha=1.7
2821,85,alpha=1.7
2822,108,alpha=1.7
2823,95,alpha=1.7
2824,100,alpha=1.7
2825,99,alpha=1.7
2826,109,alpha=1.7
2827,95,alpha=1.7
2828,106,alpha=1.7
2829,122,alpha=1.7
2830,104,alpha=1.7
2831,89,alpha=1.7
2832,95,alpha=1.7
2833,101,alpha=1.7
2834,99,alpha=1.7
2835,111,alpha=1.7
2836,101,alpha=1.7
2837,111,alpha=1.7
2838,102,alpha=1.7
2839,102,alpha=1.7
2840,102,alpha=1.7
2841,87,alpha=1.7
2842,101,alpha=1.7
2843,109,alpha=1.7
2844,88,alpha=1.7
2845,111,alpha=1.7
2846,88,alpha=1.7
2847,105,alpha=1.7
2848,99,alpha=1.7
2849,94,alpha=1.7
2850,100,alpha=1.7
2851,92,alpha=1.7
2852,100,alpha=1.7
2853,108,alpha=1.7
2854,97,alpha=1.7
2855,100,alpha=1.7
2856,104,alpha=1.7
2857,94,alpha=1.7
2858,96,alpha=1.7
2859,81,alpha=1.7
2860,100,alpha=1.7
2861,88,alpha=1.7
2862,89,alpha=1.7
2863,85,alpha=1.7
2864,108,alpha=1.7
2865,93,alpha=1.7
2866,100,alpha=1.7
2867,104,alpha=1.7
2868,104,alpha=1.7
2869,90,alpha=1.7
2870,95,alpha=1.7
2871,95,alpha=1.7
2872,98,alpha=1.7
2873,87,alpha=1.7
2874,107,alpha=1.7
2875,114,alpha=1.7
2876,80,alpha=1.7
2877,109,alpha=1.7
2878,95,alpha=1.7
2879,94,alpha=1.7
2880,99,alpha=1.7
2881,81,alpha=1.7
2882,99,alpha=1.7
2883,97,alpha=1.7
2884,113,alpha=1.7
2885,88,alpha=1.7
2886,101,alpha=1.7
2887,88,alpha=1.7
2888,91,alpha=1.7
2889,94,alpha=1.7
2890,87,alpha=1.7
2891,95,alpha=1.7
2892,120,alpha=1.7
2893,101,alpha=1.7
2894,115,alpha=1.7
2895,101,alpha=1.7
2896,89,alpha=1.7
2897,117,alpha=1.7
2898,91,alpha=1.7
2899,109,alpha=1.7
2900,110,alpha=1.7
2901,99,alpha=1.7
2902,86,alpha=1.7
2903,104,alpha=1.7
2904,87,alpha=1.7
2905,113,alpha=1.7
2906,120,alpha=1.7
2907,117,alpha=1.7
2908,118,alpha=1.7
2909,93,alpha=1.7
2910,113,alpha=1.7
2911,98,alpha=1.7
2912,90,alpha=1.7
2913,91,alpha=1.7
2914,101,alpha=1.7
2915,103,alpha=1.7
2916,90,alpha=1.7
2917,115,alpha=1.7
2918,83,alpha=1.7
2919,108,alpha=1.7
2920,116,alpha=1.7
2921,114,alpha=1.7
2922,106,alpha=1.7
2923,115,alpha=1.7
2924,111,alpha=1.7
2925,99,alpha=1.7
2926,91,alpha=1.7
2927,85,alpha=1.7
2928,83,alpha=1.7
2929,105,alpha=1.7
2930,91,alpha=1.7
2931,124,alpha=1.7
2932,106,alpha=1.7
2933,95,alpha=1.7
2934,97,alpha=1.7
2935,88,alpha=1.7
2936,103,alpha=1.7
2937,85,alpha=1.7
2938,102,alpha=1.7
2939,100,alpha=1.7
2940,100,alpha=1.7
2941,106,alpha=1.7
2942,102,alpha=1.7
2943,104,alpha=1.7
2944,103,alpha=1.7
2945,99,alpha=1.7
2946,90,alpha=1.7
2947,94,alpha=1.7
2948,111,alpha=1.7
2949,109,alpha=1.7
2950,91,alpha=1.7
2951,83,alpha=1.7
2952,97,alpha=1.7
2953,102,alpha=1.7
2954,90,alpha=1.7
2955,87,alpha=1.7
2956,93,alpha=1.7
2957,93,alpha=1.7
2958,113,alpha=1.7
2959,91,alpha=1.7
2960,92,alpha=1.7
2961,109,alpha=1.7
2962,88,alpha=1.7
2963,92,alpha=1.7
2964,96,alpha=1.7
2965,89,alpha=1.7
2966,103,alpha=1.7
2967,90,alpha=1.7
2968,96,alpha=1.7
2969,112,alpha=1.7
2970,105,alpha=1.7
2971,95,alpha=1.7
2972,101,alpha=1.7
2973,88,alpha=1.7
2974,110,alpha=1.7
2975,111,alpha=1.7
2976,104,alpha=1.7
2977,112,alpha=1.7
2978,98,alpha=1.7
2979,91,alpha=1.7
2980,89,alpha=1.7
2981,118,alpha=1.7
2982,116,alpha=1.7
2983,103,alpha=1.7
2984,85,alpha=1.7
2985,101,alpha=1.7
2986,100,alpha=1.7
2987,83,alpha=1.7
2988,95,alpha=1.7
2989,95,alpha=1.7
2990,93,alpha=1.7
2991,105,alpha=1.7
2992,114,alpha=1.7
2993,108,alpha=1.7
2994,108,alpha=1.7
2995,100,alpha=1.7
2996,90,alpha=1.7
2997,87,alpha=1.7
2998,116,alpha=1.7
2999,87,alpha=1.7
3000,95,alpha=1.7
3001,101,alpha=1.7
3002,119,alpha=1.7
3003,97,alpha=1.7
3004,70,alpha=1.7
3005,113,alpha=1.7
3006,111,alpha=1.7
3007,112,alpha=1.7
3008,102,alpha=1.7
3009,93,alpha=1.7
3010,88,alpha=1.7
3011,107,alpha=1.7
3012,107,alpha=1.7
3013,99,alpha=1.7
3014,96,alpha=1.7
3015,102,alpha=1.7
3016,105,alpha=1.7
3017,97,alpha=1.7
3018,109,alpha=1.7
3019,105,alpha=1.7
3020,113,alpha=1.7
3021,97,alpha=1.7
3022,110,alpha=1.7
3023,113,alpha=1.7
3024,85,alpha=1.7
3025,107,alpha=1.7
3026,102,alpha=1.7
3027,117,alpha=1.7
3028,107,alpha=1.7
3029,104,alpha=1.7
3030,87,alpha=1.7
3031,116,alpha=1.7
3032,95,alpha=1.7
3033,119,alpha=1.7
3034,106,alpha=1.7
3035,98,alpha=1.7
3036,93,alpha=1.7
3037,117,alpha=1.7
3038,113,alpha=1.7
3039,97,alpha=1.7
3040,100,alpha=1.7
3041,117,alpha=1.7
3042,107,alpha=1.7
3043,99,alpha=1.7
3044,106,alpha=1.7
3045,100,alpha=1.7
3046,93,alpha=1.7
3047,87,alpha=1.7
3048,107,alpha=1.7
3049,104,alpha=1.7
3050,91,alpha=1.7
3051,98,alpha=1.7
3052,99,alpha=1.7
3053,103,alpha=1.7
3054,120,alpha=1.7
3055,84,alpha=1.7
3056,100,alpha=1.7
3057,114,alpha=1.7
3058,100,alpha=1.7
3059,101,alpha=1.7
3060,111,alpha=1.7
3061,94,alpha=1.7
3062,111,alpha=1.7
3063,101,alpha=1.7
3064,86,alpha=1.7
3065,117,alpha=1.7
3066,117,alpha=1.7
3067,96,alpha=1.7
3068,81,alpha=1.7
3069,106,alpha=1.7
3070,89,alpha=1.7
3071,107,alpha=1.7
3072,113,alpha=1.7
3073,92,alpha=1.7
3074,107,alpha=1.7
3075,113,alpha=1.7
3076,99,alpha=1.7
3077,87,alpha=1.7
3078,100,alpha=1.7
3079,94,alpha=1.7
3080,102,alpha=1.7
3081,94,alpha=1.7
3082,115,alpha=1.7
3083,95,alpha=1.7
3084,110,alpha=1.7
3085,100,alpha=1.7
3086,112,alpha=1.7
3087,100,alpha=1.7
3088,109,alpha=1.7
3089,99,alpha=1.7
3090,105,alpha=1.7
3091,98,alpha=1.7
3092,99,alpha=1.7
3093,93,alpha=1.7
3094,104,alpha=1.7
3095,103,alpha=1.7
3096,107,alpha=1.7
3097,110,alpha=1.7
3098,105,alpha=1.7
3099,110,alpha=1.7
3100,106,alpha=1.7
3101,89,alpha=1.7
3102,118,alpha=1.7
3103,86,alpha=1.7
3104,97,alpha=1.7
3105,80,alpha=1.7
3106,110,alpha=1.7
3107,106,alpha=1.7
3108,103,alpha=1.7
3109,100,alpha=1.7
3110,105,alpha=1.7
3111,122,alpha=1.7
3112,107,alpha=1.7
3113,90,alpha=1.7
3114,113,alpha=1.7
3115,100,alpha=1.7
3116,106,alpha=1.7
3117,127,alpha=1.7
3118,78,alpha=1.7
3119,116,alpha=1.7
3120,106,alpha=1.7
3121,97,alpha=1.7
3122,96,alpha=1.7
3123,106,alpha=1.7
3124,99,alpha=1.7
3125,98,alpha=1.7
3126,93,alpha=1.7
3127,107,alpha=1.7
3128,99,alpha=1.7
3129,103,alpha=1.7
3130,95,alpha=1.7
3131,117,alpha=1.7
3132,106,alpha=1.7
3133,94,alpha=1.7
3134,89,alpha=1.7
3135,92,alpha=1.7
3136,101,alpha=1.7
3137,107,alpha=1.7
3138,111,alpha=1.7
3139,100,alpha=1.7
3140,97,alpha=1.7
3141,93,alpha=1.7
3142,107,alpha=1.7
3143,88,alpha=1.7
3144,90,alpha=1.7
3145,94,alpha=1.7
3146,120,alpha=1.7
3147,90,alpha=1.7
3148,103,alpha=1.7
3149,103,alpha=1.7
3150,96,alpha=1.7
3151,83,alpha=1.7
3152,87,alpha=1.7
3153,105,alpha=1.7
3154,112,alpha=1.7
3155,106,alpha=1.7
3156,94,alpha=1.7
3157,77,alpha=1.7
3158,88,alpha=1.7
3159,109,alpha=1.7
3160,100,alpha=1.7
3161,86,alpha=1.7
3162,91,alpha=1.7
3163,116,alpha=1.7
3164,102,alpha=1.7
3165,98,alpha=1.7
3166,101,alpha=1.7
3167,111,alpha=1.7
3168,100,alpha=1.7
3169,93,alpha=1.7
3170,89,alpha=1.7
3171,94,alpha=1.7
3172,101,alpha=1.7
3173,123,alpha=1.7
3174,116,alpha=1.7
3175,92,alpha=1.7
3176,94,alpha=1.7
3177,99,alpha=1.7
3178,106,alpha=1.7
3179,95,alpha=1.7
3180,82,alpha=1.7
3181,85,alpha=1.7
3182,122,alpha=1.7
3183,93,alpha=1.7
3184,96,alpha=1.7
3185,111,alpha=1.7
3186,97,alpha=1.7
3187,98,alpha=1.7
3188,88,alpha=1.7
3189,99,alpha=1.7
3190,126,alpha=1.7
3191,109,alpha=1.7
3192,85,alpha=1.7
3193,110,alpha=1.7
3194,100,alpha=1.7
3195,102,alpha=1.7
3196,103,alpha=1.7
3197,104,alpha=1.7
3198,112,alpha=1.7
3199,97,alpha=1.7
3200,87,alpha=1.7
3201,104,alpha=1.7
3202,116,alpha=1.7
3203,87,alpha=1.7
3204,104,alpha=1.7
3205,89,alpha=1.7
3206,118,alpha=1.7
3207,95,alpha=1.7
3208,78,alpha=1.7
3209,78,alpha=1.7
3210,107,alpha=1.7
3211,102,alpha=1.7
3212,102,alpha=1.7
3213,110,alpha=1.7
3214,93,alpha=1.7
3215,92,alpha=1.7
3216,89,alpha=1.7
3217,98,alpha=1.7
3218,103,alpha=1.7
3219,104,alpha=1.7
3220,98,alpha=1.7
3221,104,alpha=1.7
3222,95,alpha=1.7
3223,112,alpha=1.7
3224,94,alpha=1.7
3225,100,alpha=1.7
3226,100,alpha=1.7
3227,92,alpha=1.7
3228,98,alpha=1.7
3229,96,alpha=1.7
3230,110,alpha=1.7
3231,97,alpha=1.7
3232,110,alpha=1.7
3233,84,alpha=1.7
3234,108,alpha=1.7
3235,110,alpha=1.7
3236,96,alpha=1.7
3237,109,alpha=1.7
3238,104,alpha=1.7
3239,103,alpha=1.7
3240,105,alpha=1.7
3241,80,alpha=1.7
3242,102,alpha=1.7
3243,88,alpha=1.7
3244,106,alpha=1.7
3245,105,alpha=1.7
3246,121,alpha=1.7
3247,85,alpha=1.7
3248,101,alpha=1.7
3249,90,alpha=1.7
3250,119,alpha=1.7
3251,113,alpha=1.7
3252,88,alpha=1.7
3253,97,alpha=1.7
3254,97,alpha=1.7
3255,98,alpha=1.7
3256,91,alpha=1.7
3257,84,alpha=1.7
3258,108,alpha=1.7
3259,98,alpha=1.7
3260,104,alpha=1.7
3261,91,alpha=1.7
3262,116,alpha=1.7
3263,104,alpha=1.7
3264,97,alpha=1.7
3265,88,alpha=1.7
3266,114,alpha=1.7
3267,109,alpha=1.7
3268,93,alpha=1.7
3269,93,alpha=1.7
3270,104,alpha=1.7
3271,97,alpha=1.7
3272,102,alpha=1.7
3273,98,alpha=1.7
3274,89,alpha=1.7
3275,90,alpha=1.7
3276,97,alpha=1.7
3277,94,alpha=1.7
3278,105,alpha=1.7
3279,117,alpha=1.7
3280,93,alpha=1.7
3281,104,alpha=1.7
3282,82,alpha=1.7
3283,67,alpha=1.7
3284,93,alpha=1.7
3285,99,alpha=1.7
3286,107,alpha=1.7
3287,105,alpha=1.7
3288,103,alpha=1.7
3289,102,alpha=1.7
3290,85,alpha=1.7
3291,100,alpha=1.7
3292,115,alpha=1.7
3293,118,alpha=1.7
3294,88,alpha=1.7
3295,106,alpha=1.7
3296,109,alpha=1.7
3297,107,alpha=1.7
3298,100,alpha=1.7
3299,103,alpha=1.7
3300,109,alpha=1.7
3301,117,alpha=1.7
3302,110,alpha=1.7
3303,119,alpha=1.7
3304,91,alpha=1.7
3305,102,alpha=1.7
3306,111,alpha=1.7
3307,98,alpha=1.7
3308,104,alpha=1.7
3309,104,alpha=1.7
3310,106,alpha=1.7
3311,99,alpha=1.7
3312,93,alpha=1.7
3313,96,alpha=1.7
3314,114,alpha=1.7
3315,111,alpha=1.7
3316,96,alpha=1.7
3317,95,alpha=1.7
3318,104,alpha=1.7
3319,97,alpha=1.7
3320,90,alpha=1.7
3321,95,alpha=1.7
3322,95,alpha=1.7
3323,78,alpha=1.7
3324,93,alpha=1.7
3325,95,alpha=1.7
3326,91,alpha=1.7
3327,111,alpha=1.7
3328,115,alpha=1.7
3329,104,alpha=1.7
3330,103,alpha=1.7
3331,104,alpha=1.7
3332,83,alpha=1.7
3333,95,alpha=1.7
3334,111,alpha=1.7
3335,95,alpha=1.7
3336,95,alpha=1.7
3337,97,alpha=1.7
3338,94,alpha=1.7
3339,119,alpha=1.7
3340,95,alpha=1.7
3341,104,alpha=1.7
3342,102,alpha=1.7
3343,113,alpha=1.7
3344,108,alpha=1.7
3345,106,alpha=1.7
3346,100,alpha=1.7
3347,102,alpha=1.7
3348,90,alpha=1.7
3349,112,alpha=1.7
3350,102,alpha=1.7
3351,101,alpha=1.7
3352,100,alpha=1.7
3353,94,alpha=1.7
3354,82,alpha=1.7
3355,113,alpha=1.7
3356,99,alpha=1.7
3357,104,alpha=1.7
3358,89,alpha=1.7
3359,101,alpha=1.7
3360,102,alpha=1.7
3361,112,alpha=1.7
3362,96,alpha=1.7
3363,106,alpha=1.7
3364,110,alpha=1.7
3365,87,alpha=1.7
3366,128,alpha=1.7
3367,89,alpha=1.7
3368,104,alpha=1.7
3369,106,alpha=1.7
3370,108,alpha=1.7
3371,92,alpha=1.7
3372,95,alpha=1.7
3373,120,alpha=1.7
3374,84,alpha=1.7
3375,111,alpha=1.7
3376,95,alpha=1.7
3377,96,alpha=1.7
3378,104,alpha=1.7
3379,116,alpha=1.7
3380,118,alpha=1.7
3381,112,alpha=1.7
3382,95,alpha=1.7
3383,110,alpha=1.7
3384,99,alpha=1.7
3385,96,alpha=1.7
3386,100,alpha=1.7
3387,110,alpha=1.7
3388,104,alpha=1.7
3389,112,alpha=1.7
3390,107,alpha=1.7
3391,84,alpha=1.7
3392,100,alpha=1.7
3393,104,alpha=1.7
3394,115,alpha=1.7
3395,108,alpha=1.7
3396,70,alpha=1.7
3397,97,alpha=1.7
3398,105,alpha=1.7
3399,100,alpha=1.7
3400,87,alpha=1.7
3401,99,alpha=1.7
3402,124,alpha=1.7
3403,100,alpha=1.7
3404,87,alpha=1.7
3405,126,alpha=1.7
3406,93,alpha=1.7
3407,93,alpha=1.7
3408,100,alpha=1.7
3409,91,alpha=1.7
3410,94,alpha=1.7
3411,93,alpha=1.7
3412,96,alpha=1.7
3413,92,alpha=1.7
3414,95,alpha=1.7
3415,94,alpha=1.7
3416,89,alpha=1.7
3417,81,alpha=1.7
3418,90,alpha=1.7
3419,97,alpha=1.7
3420,109,alpha=1.7
3421,105,alpha=1.7
3422,98,alpha=1.7
3423,83,alpha=1.7
3424,86,alpha=1.7
3425,108,alpha=1.7
3426,100,alpha=1.7
3427,105,alpha=1.7
3428,87,alpha=1.7
3429,99,alpha=1.7
3430,96,alpha=1.7
3431,103,alpha=1.7
3432,100,alpha=1.7
3433,97,alpha=1.7
3434,115,alpha=1.7
3435,104,alpha=1.7
3436,113,alpha=1.7
3437,87,alpha=1.7
3438,99,alpha=1.7
3439,104,alpha=1.7
3440,98,alpha=1.7
3441,90,alpha=1.7
3442,102,alpha=1.7
3443,111,alpha=1.7
3444,96,alpha=1.7
3445,98,alpha=1.7
3446,97,alpha=1.7
3447,81,alpha=1.7
3448,101,alpha=1.7
3449,94,alpha=1.7
3450,108,alpha=1.7
3451,95,alpha=1.7
3452,103,alpha=1.7
3453,105,alpha=1.7
3454,99,alpha=1.7
3455,109,alpha=1.7
3456,102,alpha=1.7
3457,119,alpha=1.7
3458,94,alpha=1.7
3459,73,alpha=1.7
3460,109,alpha=1.7
3461,124,alpha=1.7
3462,112,alpha=1.7
3463,97,alpha=1.7
3464,96,alpha=1.7
3465,112,alpha=1.7
3466,109,alpha=1.7
3467,107,alpha=1.7
3468,106,alpha=1.7
3469,86,alpha=1.7
3470,108,alpha=1.7
3471,92,alpha=1.7
3472,103,alpha=1.7
3473,88,alpha=1.7
3474,134,alpha=1.7
3475,110,alpha=1.7
3476,95,alpha=1.7
3477,113,alpha=1.7
3478,123,alpha=1.7
3479,86,alpha=1.7
3480,97,alpha=1.7
3481,113,alpha=1.7
3482,92,alpha=1.7
3483,82,alpha=1.7
3484,98,alpha=1.7
3485,100,alpha=1.7
3486,114,alpha=1.7
3487,85,alpha=1.7
3488,112,alpha=1.7
3489,104,alpha=1.7
3490,101,alpha=1.7
3491,99,alpha=1.7
3492,99,alpha=1.7
3493,80,alpha=1.7
3494,111,alpha=1.7
3495,104,alpha=1.7
3496,95,alpha=1.7
3497,88,alpha=1.7
3498,111,alpha=1.7
3499,97,alpha=1.7
3500,94,alpha=1.7
3501,82,alpha=1.7
3502,94,alpha=1.7
3503,115,alpha=1.7
3504,110,alpha=1.7
3505,95,alpha=1.7
3506,96,alpha=1.7
3507,82,alpha=1.7
3508,96,alpha=1.7
3509,115,alpha=1.7
3510,102,alpha=1.7
3511,80,alpha=1.7
3512,101,alpha=1.7
3513,88,alpha=1.7
3514,108,alpha=1.7
3515,94,alpha=1.7
3516,104,alpha=1.7
3517,112,alpha=1.7
3518,88,alpha=1.7
3519,85,alpha=1.7
3520,106,alpha=1.7
3521,92,alpha=1.7
3522,118,alpha=1.7
3523,100,alpha=1.7
3524,105,alpha=1.7
3525,82,alpha=1.7
3526,97,alpha=1.7
3527,85,alpha=1.7
3528,94,alpha=1.7
3529,109,alpha=1.7
3530,110,alpha=1.7
3531,94,alpha=1.7
3532,97,alpha=1.7
3533,88,alpha=1.7
3534,98,alpha=1.7
3535,112,alpha=1.7
3536,111,alpha=1.7
3537,81,alpha=1.7
3538,84,alpha=1.7
3539,87,alpha=1.7
3540,100,alpha=1.7
3541,110,alpha=1.7
3542,92,alpha=1.7
3543,85,alpha=1.7
3544,96,alpha=1.7
3545,89,alpha=1.7
3546,102,alpha=1.7
3547,111,alpha=1.7
3548,82,alpha=1.7
3549,93,alpha=1.7
3550,73,alpha=1.7
3551,99,alpha=1.7
3552,101,alpha=1.7
3553,109,alpha=1.7
3554,100,alpha=1.7
3555,97,alpha=1.7
3556,87,alpha=1.7
3557,85,alpha=1.7
3558,84,alpha=1.7
3559,87,alpha=1.7
3560,108,alpha=1.7
3561,87,alpha=1.7
3562,84,alpha=1.7
3563,97,alpha=1.7
3564,97,alpha=1.7
3565,94,alpha=1.7
3566,91,alpha=1.7
3567,103,alpha=1.7
3568,107,alpha=1.7
3569,89,alpha=1.7
3570,102,alpha=1.7
3571,100,alpha=1.7
3572,100,alpha=1.7
3573,113,alpha=1.7
3574,108,alpha=1.7
3575,89,alpha=1.7
3576,111,alpha=1.7
3577,122,alpha=1.7
3578,85,alpha=1.7
3579,109,alpha=1.7
3580,117,alpha=1.7
3581,106,alpha=1.7
3582,121,alpha=1.7
3583,101,alpha=1.7
3584,115,alpha=1.7
3585,86,alpha=1.7
3586,103,alpha=1.7
3587,121,alpha=1.7
3588,107,alpha=1.7
3589,99,alpha=1.7
3590,112,alpha=1.7
3591,113,alpha=1.7
3592,90,alpha=1.7
3593,117,alpha=1.7
3594,103,alpha=1.7
3595,96,alpha=1.7
3596,91,alpha=1.7
3597,106,alpha=1.7
3598,100,alpha=1.7
3599,92,alpha=1.7
3600,80,alpha=1.7
3601,82,alpha=1.7
3602,101,alpha=1.7
3603,97,alpha=1.7
3604,96,alpha=1.7
3605,92,alpha=1.7
3606,105,alpha=1.7
3607,94,alpha=1.7
3608,99,alpha=1.7
3609,98,alpha=1.7
3610,103,alpha=1.7
3611,103,alpha=1.7
3612,99,alpha=1.7
3613,84,alpha=1.7
3614,98,alpha=1.7
3615,101,alpha=1.7
3616,102,alpha=1.7
3617,99,alpha=1.7
3618,112,alpha=1.7
3619,91,alpha=1.7
3620,107,alpha=1.7
3621,110,alpha=1.7
3622,98,alpha=1.7
3623,100,alpha=1.7
3624,109,alpha=1.7
3625,91,alpha=1.7
3626,116,alpha=1.7
3627,91,alpha=1.7
3628,122,alpha=1.7
3629,97,alpha=1.7
3630,109,alpha=1.7
3631,101,alpha=1.7
3632,102,alpha=1.7
3633,109,alpha=1.7
3634,109,alpha=1.7
3635,92,alpha=1.7
3636,96,alpha=1.7
3637,103,alpha=1.7
3638,104,alpha=1.7
3639,104,alpha=1.7
3640,106,alpha=1.7
3641,107,alpha=1.7
3642,118,alpha=1.7
3643,87,alpha=1.7
3644,87,alpha=1.7
3645,100,alpha=1.7
3646,82,alpha=1.7
3647,107,alpha=1.7
3648,94,alpha=1.7
3649,95,alpha=1.7
3650,102,alpha=1.7
3651,87,alpha=1.7
3652,88,alpha=1.7
3653,108,alpha=1.7
3654,103,alpha=1.7
3655,103,alpha=1.7
3656,95,alpha=1.7
3657,119,alpha=1.7
3658,95,alpha=1.7
3659,96,alpha=1.7
3660,104,alpha=1.7
3661,112,alpha=1.7
3662,95,alpha=1.7
3663,80,alpha=1.7
3664,95,alpha=1.7
3665,95,alpha=1.7
3666,125,alpha=1.7
3667,111,alpha=1.7
3668,100,alpha=1.7
3669,100,alpha=1.7
3670,114,alpha=1.7
3671,76,alpha=1.7
3672,105,alpha=1.7
3673,117,alpha=1.7
3674,109,alpha=1.7
3675,91,alpha=1.7
3676,105,alpha=1.7
3677,108,alpha=1.7
3678,108,alpha=1.7
3679,109,alpha=1.7
3680,107,alpha=1.7
3681,94,alpha=1.7
3682,112,alpha=1.7
3683,102,alpha=1.7
3684,97,alpha=1.7
3685,100,alpha=1.7
3686,83,alpha=1.7
3687,102,alpha=1.7
3688,112,alpha=1.7
3689,94,alpha=1.7
3690,94,alpha=1.7
3691,98,alpha=1.7
3692,108,alpha=1.7
3693,91,alpha=1.7
3694,108,alpha=1.7
3695,102,alpha=1.7
3696,90,alpha=1.7
3697,109,alpha=1.7
3698,82,alpha=1.7
3699,106,alpha=1.7
3700,117,alpha=1.7
3701,93,alpha=1.7
3702,111,alpha=1.7
3703,97,alpha=1.7
3704,97,alpha=1.7
3705,121,alpha=1.7
3706,88,alpha=1.7
3707,106,alpha=1.7
3708,104,alpha=1.7
3709,105,alpha=1.7
3710,99,alpha=1.7
3711,73,alpha=1.7
3712,107,alpha=1.7
3713,107,alpha=1.7
3714,88,alpha=1.7
3715,106,alpha=1.7
3716,91,alpha=1.7
3717,107,alpha=1.7
3718,95,alpha=1.7
3719,96,alpha=1.7
3720,98,alpha=1.7
3721,98,alpha=1.7
3722,115,alpha=1.7
3723,102,alpha=1.7
3724,112,alpha=1.7
3725,108,alpha=1.7
3726,100,alpha=1.7
3727,94,alpha=1.7
3728,122,alpha=1.7
3729,86,alpha=1.7
3730,116,alpha=1.7
3731,105,alpha=1.7
3732,112,alpha=1.7
3733,100,alpha=1.7
3734,105,alpha=1.7
3735,106,alpha=1.7
3736,93,alpha=1.7
3737,107,alpha=1.7
3738,91,alpha=1.7
3739,90,alpha=1.7
3740,88,alpha=1.7
3741,89,alpha=1.7
3742,108,alpha=1.7
3743,85,alpha=1.7
3744,115,alpha=1.7
3745,109,alpha=1.7
3746,92,alpha=1.7
3747,96,alpha=1.7
3748,110,alpha=1.7
3749,85,alpha=1.7
3750,127,alpha=1.7
3751,84,alpha=1.7
3752,99,alpha=1.7
3753,108,alpha=1.7
3754,91,alpha=1.7
3755,105,alpha=1.7
3756,83,alpha=1.7
3757,96,alpha=1.7
3758,110,alpha=1.7
3759,83,alpha=1.7
3760,99,alpha=1.7
3761,103,alpha=1.7
3762,93,alpha=1.7
3763,94,alpha=1.7
3764,107,alpha=1.7
3765,92,alpha=1.7
3766,104,alpha=1.7
3767,103,alpha=1.7
3768,87,alpha=1.7
3769,91,alpha=1.7
3770,111,alpha=1.7
3771,99,alpha=1.7
3772,115,alpha=1.7
3773,103,alpha=1.7
3774,114,alpha=1.7
3775,100,alpha=1.7
3776,96,alpha=1.7
3777,94,alpha=1.7
3778,95,alpha=1.7
3779,102,alpha=1.7
3780,97,alpha=1.7
3781,96,alpha=1.7
3782,105,alpha=1.7
3783,93,alpha=1.7
3784,104,alpha=1.7
3785,89,alpha=1.7
3786,94,alpha=1.7
3787,82,alpha=1.7
3788,99,alpha=1.7
3789,101,alpha=1.7
3790,104,alpha=1.7
3791,93,alpha=1.7
3792,93,alpha=1.7
3793,98,alpha=1.7
3794,113,alpha=1.7
3795,90,alpha=1.7
3796,97,alpha=1.7
3797,84,alpha=1.7
3798,100,alpha=1.7
3799,81,alpha=1.7
3800,101,alpha=1.7
3801,95,alpha=1.7
3802,100,alpha=1.7
3803,98,alpha=1.7
3804,99,alpha=1.7
3805,106,alpha=1.7
3806,103,alpha=1.7
3807,88,alpha=1.7
3808,86,alpha=1.7
3809,113,alpha=1.7
3810,109,alpha=1.7
3811,99,alpha=1.7
3812,85,alpha=1.7
3813,117,alpha=1.7
3814,89,alpha=1.7
3815,131,alpha=1.7
3816,111,alpha=1.7
3817,102,alpha=1.7
3818,89,alpha=1.7
3819,120,alpha=1.7
3820,87,alpha=1.7
3821,88,alpha=1.7
3822,117,alpha=1.7
3823,90,alpha=1.7
3824,110,alpha=1.7
3825,101,alpha=1.7
3826,90,alpha=1.7
3827,91,alpha=1.7
3828,95,alpha=1.7
3829,105,alpha=1.7
3830,91,alpha=1.7
3831,103,alpha=1.7
3832,115,alpha=1.7
3833,102,alpha=1.7
3834,93,alpha=1.7
3835,97,alpha=1.7
3836,93,alpha=1.7
3837,104,alpha=1.7
3838,105,alpha=1.7
3839,98,alpha=1.7
3840,105,alpha=1.7
3841,89,alpha=1.7
3842,85,alpha=1.7
3843,105,alpha=1.7
3844,92,alpha=1.7
3845,112,alpha=1.7
3846,89,alpha=1.7
3847,103,alpha=1.7
3848,82,alpha=1.7
3849,121,alpha=1.7
3850,122,alpha=1.7
3851,108,alpha=1.7
3852,100,alpha=1.7
3853,103,alpha=1.7
3854,91,alpha=1.7
3855,108,alpha=1.7
3856,98,alpha=1.7
3857,101,alpha=1.7
3858,90,alpha=1.7
3859,100,alpha=1.7
3860,121,alpha=1.7
3861,96,alpha=1.7
3862,107,alpha=1.7
3863,100,alpha=1.7
3864,106,alpha=1.7
3865,107,alpha=1.7
3866,108,alpha=1.7
3867,106,alpha=1.7
3868,96,alpha=1.7
3869,113,alpha=1.7
3870,86,alpha=1.7
3871,107,alpha=1.7
3872,106,alpha=1.7
3873,95,alpha=1.7
3874,112,alpha=1.7
3875,109,alpha=1.7
3876,95,alpha=1.7
3877,101,alpha=1.7
3878,104,alpha=1.7
3879,95,alpha=1.7
3880,112,alpha=1.7
3881,106,alpha=1.7
3882,107,alpha=1.7
3883,109,alpha=1.7
3884,94,alpha=1.7
3885,104,alpha=1.7
3886,115,alpha=1.7
3887,101,alpha=1.7
3888,102,alpha=1.7
3889,109,alpha=1.7
3890,95,alpha=1.7
3891,94,alpha=1.7
3892,104,alpha=1.7
3893,96,alpha=1.7
3894,105,alpha=1.7
3895,102,alpha=1.7
3896,101,alpha=1.7
3897,92,alpha=1.7
3898,70,alpha=1.7
3899,97,alpha=1.7
3900,100,alpha=1.7
3901,82,alpha=1.7
3902,96,alpha=1.7
3903,97,alpha=1.7
3904,111,alpha=1.7
3905,97,alpha=1.7
3906,94,alpha=1.7
3907,93,alpha=1.7
3908,107,alpha=1.7
3909,97,alpha=1.7
3910,106,alpha=1.7
3911,108,alpha=1.7
3912,109,alpha=1.7
3913,114,alpha=1.7
3914,107,alpha=1.7
3915,98,alpha=1.7
3916,103,alpha=1.7
3917,93,alpha=1.7
3918,89,alpha=1.7
3919,104,alpha=1.7
3920,107,alpha=1.7
3921,108,alpha=1.7
3922,103,alpha=1.7
3923,97,alpha=1.7
3924,104,alpha=1.7
3925,97,alpha=1.7
3926,95,alpha=1.7
3927,89,alpha=1.7
3928,93,alpha=1.7
3929,101,alpha=1.7
3930,85,alpha=1.7
3931,91,alpha=1.7
3932,87,alpha=1.7
3933,95,alpha=1.7
3934,102,alpha=1.7
3935,106,alpha=1.7
3936,76,alpha=1.7
3937,96,alpha=1.7
3938,95,alpha=1.7
3939,101,alpha=1.7
3940,95,alpha=1.7
3941,111,alpha=1.7
3942,93,alpha=1.7
3943,88,alpha=1.7
3944,116,alpha=1.7
3945,110,alpha=1.7
3946,95,alpha=1.7
3947,109,alpha=1.7
3948,85,alpha=1.7
3949,117,alpha=1.7
3950,95,alpha=1.7
3951,98,alpha=1.7
3952,105,alpha=1.7
3953,93,alpha=1.7
3954,104,alpha=1.7
3955,99,alpha=1.7
3956,100,alpha=1.7
3957,112,alpha=1.7
3958,77,alpha=1.7
3959,101,alpha=1.7
3960,115,alpha=1.7
3961,111,alpha=1.7
3962,92,alpha=1.7
3963,119,alpha=1.7
3964,104,alpha=1.7
3965,96,alpha=1.7
3966,105,alpha=1.7
3967,101,alpha=1.7
3968,114,alpha=1.7
3969,112,alpha=1.7
3970,121,alpha=1.7
3971,104,alpha=1.7
3972,99,alpha=1.7
3973,79,alpha=1.7
3974,102,alpha=1.7
3975,97,alpha=1.7
3976,95,alpha=1.7
3977,112,alpha=1.7
3978,96,alpha=1.7
3979,90,alpha=1.7
3980,110,alpha=1.7
3981,95,alpha=1.7
3982,83,alpha=1.7
3983,99,alpha=1.7
3984,113,alpha=1.7
3985,114,alpha=1.7
3986,95,alpha=1.7
3987,92,alpha=1.7
3988,96,alpha=1.7
3989,86,alpha=1.7
3990,100,alpha=1.7
3991,90,alpha=1.7
3992,104,alpha=1.7
3993,94,alpha=1.7
3994,102,alpha=1.7
3995,111,alpha=1.7
3996,107,alpha=1.7
3997,107,alpha=1.7
3998,107,alpha=1.7
3999,94,alpha=1.7
4000,77,alpha=1.7
4001,80,alpha=1.7
4002,100,alpha=1.7
4003,101,alpha=1.7
4004,108,alpha=1.7
4005,101,alpha=1.7
4006,81,alpha=1.7
4007,95,alpha=1.7
4008,106,alpha=1.7
4009,90,alpha=1.7
4010,120,alpha=1.7
4011,102,alpha=1.7
4012,112,alpha=1.7
4013,108,alpha=1.7
4014,105,alpha=1.7
4015,95,alpha=1.7
4016,108,alpha=1.7
4017,119,alpha=1.7
4018,114,alpha=1.7
4019,97,alpha=1.7
4020,94,alpha=1.7
4021,103,alpha=1.7
4022,97,alpha=1.7
4023,103,alpha=1.7
4024,111,alpha=1.7
4025,94,alpha=1.7
4026,89,alpha=1.7
4027,102,alpha=1.7
4028,88,alpha=1.7
4029,85,alpha=1.7
4030,108,alpha=1.7
4031,93,alpha=1.7
4032,97,alpha=1.7
4033,91,alpha=1.7
4034,94,alpha=1.7
4035,88,alpha=1.7
4036,94,alpha=1.7
4037,102,alpha=1.7
4038,128,alpha=1.7
4039,122,alpha=1.7
4040,109,alpha=1.7
4041,98,alpha=1.7
4042,75,alpha=1.7
4043,100,alpha=1.7
4044,88,alpha=1.7
4045,102,alpha=1.7
4046,110,alpha=1.7
4047,104,alpha=1.7
4048,101,alpha=1.7
4049,108,alpha=1.7
4050,100,alpha=1.7
4051,92,alpha=1.7
4052,98,alpha=1.7
4053,104,alpha=1.7
4054,122,alpha=1.7
4055,90,alpha=1.7
4056,80,alpha=1.7
4057,104,alpha=1.7
4058,95,alpha=1.7
4059,80,alpha=1.7
4060,91,alpha=1.7
4061,75,alpha=1.7
4062,96,alpha=1.7
4063,100,alpha=1.7
4064,111,alpha=1.7
4065,99,alpha=1.7
4066,90,alpha=1.7
4067,96,alpha=1.7
4068,106,alpha=1.7
4069,100,alpha=1.7
4070,117,alpha=1.7
4071,110,alpha=1.7
4072,108,alpha=1.7
4073,106,alpha=1.7
4074,112,alpha=1.7
4075,102,alpha=1.7
4076,95,alpha=1.7
4077,118,alpha=1.7
4078,103,alpha=1.7
4079,101,alpha=1.7
4080,111,alpha=1.7
4081,110,alpha=1.7
4082,95,alpha=1.7
4083,93,alpha=1.7
4084,102,alpha=1.7
4085,92,alpha=1.7
4086,95,alpha=1.7
4087,106,alpha=1.7
4088,106,alpha=1.7
4089,100,alpha=1.7
4090,97,alpha=1.7
4091,93,alpha=1.7
4092,91,alpha=1.7
4093,99,alpha=1.7
4094,100,alpha=1.7
4095,112,alpha=1.7
4096,108,alpha=1.7
4097,86,alpha=1.7
4098,101,alpha=1.7
4099,77,alpha=1.7
4100,129,alpha=1.7
4101,94,alpha=1.7
4102,107,alpha=1.7
4103,91,alpha=1.7
4104,93,alpha=1.7
4105,100,alpha=1.7
4106,112,alpha=1.7
4107,102,alpha=1.7
4108,100,alpha=1.7
4109,107,alpha=1.7
4110,106,alpha=1.7
4111,111,alpha=1.7
4112,116,alpha=1.7
4113,110,alpha=1.7
4114,101,alpha=1.7
4115,91,alpha=1.7
4116,91,alpha=1.7
4117,94,alpha=1.7
4118,118,alpha=1.7
4119,99,alpha=1.7
4120,98,alpha=1.7
4121,117,alpha=1.7
4122,108,alpha=1.7
4123,104,alpha=1.7
4124,93,alpha=1.7
4125,104,alpha=1.7
4126,95,alpha=1.7
4127,109,alpha=1.7
4128,108,alpha=1.7
4129,84,alpha=1.7
4130,91,alpha=1.7
4131,77,alpha=1.7
4132,99,alpha=1.7
4133,103,alpha=1.7
4134,79,alpha=1.7
4135,94,alpha=1.7
4136,98,alpha=1.7
4137,108,alpha=1.7
4138,95,alpha=1.7
4139,99,alpha=1.7
4140,91,alpha=1.7
4141,119,alpha=1.7
4142,114,alpha=1.7
4143,106,alpha=1.7
4144,119,alpha=1.7
4145,87,alpha=1.7
4146,102,alpha=1.7
4147,97,alpha=1.7
4148,102,alpha=1.7
4149,102,alpha=1.7
4150,101,alpha=1.7
4151,104,alpha=1.7
4152,104,alpha=1.7
4153,109,alpha=1.7
4154,103,alpha=1.7
4155,95,alpha=1.7
4156,109,alpha=1.7
4157,101,alpha=1.7
4158,96,alpha=1.7
4159,99,alpha=1.7
4160,108,alpha=1.7
4161,99,alpha=1.7
4162,82,alpha=1.7
4163,107,alpha=1.7
4164,106,alpha=1.7
4165,78,alpha=1.7
4166,84,alpha=1.7
4167,85,alpha=1.7
4168,100,alpha=1.7
4169,115,alpha=1.7
4170,79,alpha=1.7
4171,105,alpha=1.7
4172,123,alpha=1.7
4173,103,alpha=1.7
4174,85,alpha=1.7
4175,96,alpha=1.7
4176,100,alpha=1.7
4177,115,alpha=1.7
4178,90,alpha=1.7
4179,110,alpha=1.7
4180,102,alpha=1.7
4181,118,alpha=1.7
4182,109,alpha=1.7
4183,102,alpha=1.7
4184,123,alpha=1.7
4185,110,alpha=1.7
4186,89,alpha=1.7
4187,106,alpha=1.7
4188,116,alpha=1.7
4189,97,alpha=1.7
4190,102,alpha=1.7
4191,108,alpha=1.7
4192,103,alpha=1.7
4193,88,alpha=1.7
4194,82,alpha=1.7
4195,91,alpha=1.7
4196,97,alpha=1.7
4197,83,alpha=1.7
4198,91,alpha=1.7
4199,103,alpha=1.7
4200,85,alpha=1.7
4201,97,alpha=1.7
4202,80,alpha=1.7
4203,93,alpha=1.7
4204,89,alpha=1.7
4205,95,alpha=1.7
4206,99,alpha=1.7
4207,107,alpha=1.7
4208,107,alpha=1.7
4209,120,alpha=1.7
4210,94,alpha=1.7
4211,95,alpha=1.7
4212,92,alpha=1.7
4213,87,alpha=1.7
4214,97,alpha=1.7
4215,112,alpha=1.7
4216,81,alpha=1.7
4217,96,alpha=1.7
4218,100,alpha=1.7
4219,115,alpha=1.7
4220,109,alpha=1.7
4221,99,alpha=1.7
4222,73,alpha=1.7
4223,110,alpha=1.7
4224,88,alpha=1.7
4225,99,alpha=1.7
4226,106,alpha=1.7
4227,94,alpha=1.7
4228,111,alpha=1.7
4229,107,alpha=1.7
4230,84,alpha=1.7
4231,109,alpha=1.7
4232,123,alpha=1.7
4233,82,alpha=1.7
4234,96,alpha=1.7
4235,97,alpha=1.7
4236,88,alpha=1.7
4237,105,alpha=1.7
4238,109,alpha=1.7
4239,97,alpha=1.7
4240,78,alpha=1.7
4241,100,alpha=1.7
4242,89,alpha=1.7
4243,94,alpha=1.7
4244,90,alpha=1.7
4245,102,alpha=1.7
4246,111,alpha=1.7
4247,95,alpha=1.7
4248,99,alpha=1.7
4249,111,alpha=1.7
4250,105,alpha=1.7
4251,90,alpha=1.7
4252,86,alpha=1.7
4253,117,alpha=1.7
4254,90,alpha=1.7
4255,90,alpha=1.7
4256,85,alpha=1.7
4257,96,alpha=1.7
4258,119,alpha=1.7
4259,108,alpha=1.7
4260,113,alpha=1.7
4261,88,alpha=1.7
4262,102,alpha=1.7
4263,90,alpha=1.7
4264,103,alpha=1.7
4265,83,alpha=1.7
4266,93,alpha=1.7
4267,101,alpha=1.7
4268,96,alpha=1.7
4269,121,alpha=1.7
4270,100,alpha=1.7
4271,106,alpha=1.7
4272,95,alpha=1.7
4273,97,alpha=1.7
4274,95,alpha=1.7
4275,102,alpha=1.7
4276,102,alpha=1.7
4277,89,alpha=1.7
4278,110,alpha=1.7
4279,86,alpha=1.7
4280,98,alpha=1.7
4281,97,alpha=1.7
4282,105,alpha=1.7
4283,104,alpha=1.7
4284,116,alpha=1.7
4285,107,alpha=1.7
4286,97,alpha=1.7
4287,95,alpha=1.7
4288,101,alpha=1.7
4289,101,alpha=1.7
4290,99,alpha=1.7
4291,108,alpha=1.7
4292,111,alpha=1.7
4293,116,alpha=1.7
4294,105,alpha=1.7
4295,100,alpha=1.7
4296,107,alpha=1.7
4297,82,alpha=1.7
4298,94,alpha=1.7
4299,107,alpha=1.7
4300,99,alpha=1.7
4301,103,alpha=1.7
4302,92,alpha=1.7
4303,93,alpha=1.7
4304,93,alpha=1.7
4305,99,alpha=1.7
4306,97,alpha=1.7
4307,85,alpha=1.7
4308,87,alpha=1.7
4309,96,alpha=1.7
4310,109,alpha=1.7
4311,101,alpha=1.7
4312,97,alpha=1.7
4313,111,alpha=1.7
4314,108,alpha=1.7
4315,86,alpha=1.7
4316,106,alpha=1.7
4317,107,alpha=1.7
4318,99,alpha=1.7
4319,93,alpha=1.7
4320,108,alpha=1.7
4321,92,alpha=1.7
4322,111,alpha=1.7
4323,114,alpha=1.7
4324,105,alpha=1.7
4325,93,alpha=1.7
4326,106,alpha=1.7
4327,81,alpha=1.7
4328,101,alpha=1.7
4329,97,alpha=1.7
4330,95,alpha=1.7
4331,105,alpha=1.7
4332,117,alpha=1.7
4333,95,alpha=1.7
4334,92,alpha=1.7
4335,87,alpha=1.7
4336,95,alpha=1.7
4337,95,alpha=1.7
4338,98,alpha=1.7
4339,89,alpha=1.7
4340,92,alpha=1.7
4341,107,alpha=1.7
4342,94,alpha=1.7
4343,108,alpha=1.7
4344,96,alpha=1.7
4345,100,alpha=1.7
4346,101,alpha=1.7
4347,92,alpha=1.7
4348,113,alpha=1.7
4349,111,alpha=1.7
4350,116,alpha=1.7
4351,104,alpha=1.7
4352,84,alpha=1.7
4353,104,alpha=1.7
4354,108,alpha=1.7
4355,106,alpha=1.7
4356,101,alpha=1.7
4357,99,alpha=1.7
4358,121,alpha=1.7
4359,114,alpha=1.7
4360,87,alpha=1.7
4361,102,alpha=1.7
4362,111,alpha=1.7
4363,90,alpha=1.7
4364,101,alpha=1.7
4365,117,alpha=1.7
4366,105,alpha=1.7
4367,91,alpha=1.7
4368,100,alpha=1.7
4369,100,alpha=1.7
4370,109,alpha=1.7
4371,113,alpha=1.7
4372,67,alpha=1.7
4373,89,alpha=1.7
4374,111,alpha=1.7
4375,105,alpha=1.7
4376,92,alpha=1.7
4377,116,alpha=1.7
4378,98,alpha=1.7
4379,97,alpha=1.7
4380,94,alpha=1.7
4381,95,alpha=1.7
4382,105,alpha=1.7
4383,93,alpha=1.7
4384,114,alpha=1.7
4385,96,alpha=1.7
4386,114,alpha=1.7
4387,91,alpha=1.7
4388,97,alpha=1.7
4389,111,alpha=1.7
4390,102,alpha=1.7
4391,94,alpha=1.7
4392,75,alpha=1.7
4393,92,alpha=1.7
4394,111,alpha=1.7
4395,114,alpha=1.7
4396,112,alpha=1.7
4397,105,alpha=1.7
4398,106,alpha=1.7
4399,104,alpha=1.7
4400,97,alpha=1.7
4401,110,alpha=1.7
4402,93,alpha=1.7
4403,94,alpha=1.7
4404,109,alpha=1.7
4405,96,alpha=1.7
4406,108,alpha=1.7
4407,97,alpha=1.7
4408,104,alpha=1.7
4409,102,alpha=1.7
4410,103,alpha=1.7
4411,114,alpha=1.7
4412,103,alpha=1.7
4413,107,alpha=1.7
4414,93,alpha=1.7
4415,112,alpha=1.7
4416,94,alpha=1.7
4417,115,alpha=1.7
4418,97,alpha=1.7
4419,89,alpha=1.7
4420,103,alpha=1.7
4421,97,alpha=1.7
4422,95,alpha=1.7
4423,94,alpha=1.7
4424,85,alpha=1.7
4425,99,alpha=1.7
4426,86,alpha=1.7
4427,87,alpha=1.7
4428,92,alpha=1.7
4429,89,alpha=1.7
4430,112,alpha=1.7
4431,94,alpha=1.7
4432,100,alpha=1.7
4433,114,alpha=1.7
4434,125,alpha=1.7
4435,106,alpha=1.7
4436,103,alpha=1.7
4437,85,alpha=1.7
4438,100,alpha=1.7
4439,106,alpha=1.7
4440,106,alpha=1.7
4441,102,alpha=1.7
4442,114,alpha=1.7
4443,108,alpha=1.7
4444,93,alpha=1.7
4445,100,alpha=1.7
4446,108,alpha=1.7
4447,89,alpha=1.7
4448,103,alpha=1.7
4449,83,alpha=1.7
4450,118,alpha=1.7
4451,97,alpha=1.7
4452,93,alpha=1.7
4453,103,alpha=1.7
4454,121,alpha=1.7
4455,104,alpha=1.7
4456,100,alpha=1.7
4457,97,alpha=1.7
4458,87,alpha=1.7
4459,107,alpha=1.7
4460,113,alpha=1.7
4461,106,alpha=1.7
4462,107,alpha=1.7
4463,126,alpha=1.7
4464,104,alpha=1.7
4465,93,alpha=1.7
4466,100,alpha=1.7
4467,96,alpha=1.7
4468,97,alpha=1.7
4469,97,alpha=1.7
4470,111,alpha=1.7
4471,103,alpha=1.7
4472,94,alpha=1.7
4473,110,alpha=1.7
4474,91,alpha=1.7
4475,108,alpha=1.7
4476,91,alpha=1.7
4477,92,alpha=1.7
4478,96,alpha=1.7
4479,97,alpha=1.7
4480,105,alpha=1.7
4481,100,alpha=1.7
4482,83,alpha=1.7
4483,91,alpha=1.7
4484,116,alpha=1.7
4485,120,alpha=1.7
4486,101,alpha=1.7
4487,94,alpha=1.7
4488,106,alpha=1.7
4489,102,alpha=1.7
4490,110,alpha=1.7
4491,100,alpha=1.7
4492,103,alpha=1.7
4493,91,alpha=1.7
4494,100,alpha=1.7
4495,101,alpha=1.7
4496,106,alpha=1.7
4497,102,alpha=1.7
4498,112,alpha=1.7
4499,88,alpha=1.7
4500,101,alpha=1.7
4501,99,alpha=1.7
4502,108,alpha=1.7
4503,95,alpha=1.7
4504,98,alpha=1.7
4505,107,alpha=1.7
4506,83,alpha=1.7
4507,97,alpha=1.7
4508,75,alpha=1.7
4509,98,alpha=1.7
4510,93,alpha=1.7
4511,78,alpha=1.7
4512,95,alpha=1.7
4513,102,alpha=1.7
4514,93,alpha=1.7
4515,103,alpha=1.7
4516,98,alpha=1.7
4517,109,alpha=1.7
4518,82,alpha=1.7
4519,87,alpha=1.7
4520,94,alpha=1.7
4521,97,alpha=1.7
4522,92,alpha=1.7
4523,95,alpha=1.7
4524,98,alpha=1.7
4525,104,alpha=1.7
4526,96,alpha=1.7
4527,101,alpha=1.7
4528,99,alpha=1.7
4529,90,alpha=1.7
4530,107,alpha=1.7
4531,92,alpha=1.7
4532,116,alpha=1.7
4533,91,alpha=1.7
4534,96,alpha=1.7
4535,72,alpha=1.7
4536,98,alpha=1.7
4537,97,alpha=1.7
4538,101,alpha=1.7
4539,102,alpha=1.7
4540,100,alpha=1.7
4541,73,alpha=1.7
4542,115,alpha=1.7
4543,98,alpha=1.7
4544,99,alpha=1.7
4545,81,alpha=1.7
4546,107,alpha=1.7
4547,95,alpha=1.7
4548,95,alpha=1.7
4549,90,alpha=1.7
4550,116,alpha=1.7
4551,95,alpha=1.7
4552,124,alpha=1.7
4553,108,alpha=1.7
4554,112,alpha=1.7
4555,97,alpha=1.7
4556,87,alpha=1.7
4557,105,alpha=1.7
4558,104,alpha=1.7
4559,103,alpha=1.7
4560,124,alpha=1.7
4561,108,alpha=1.7
4562,100,alpha=1.7
4563,102,alpha=1.7
4564,100,alpha=1.7
4565,100,alpha=1.7
4566,101,alpha=1.7
4567,107,alpha=1.7
4568,96,alpha=1.7
4569,108,alpha=1.7
4570,98,alpha=1.7
4571,101,alpha=1.7
4572,114,alpha=1.7
4573,106,alpha=1.7
4574,99,alpha=1.7
4575,99,alpha=1.7
4576,106,alpha=1.7
4577,108,alpha=1.7
4578,96,alpha=1.7
4579,105,alpha=1.7
4580,97,alpha=1.7
4581,104,alpha=1.7
4582,98,alpha=1.7
4583,87,alpha=1.7
4584,113,alpha=1.7
4585,94,alpha=1.7
4586,104,alpha=1.7
4587,116,alpha=1.7
4588,86,alpha=1.7
4589,103,alpha=1.7
4590,105,alpha=1.7
4591,94,alpha=1.7
4592,115,alpha=1.7
4593,97,alpha=1.7
4594,109,alpha=1.7
4595,106,alpha=1.7
4596,125,alpha=1.7
4597,92,alpha=1.7
4598,104,alpha=1.7
4599,116,alpha=1.7
4600,112,alpha=1.7
4601,114,alpha=1.7
4602,104,alpha=1.7
4603,95,alpha=1.7
4604,96,alpha=1.7
4605,78,alpha=1.7
4606,77,alpha=1.7
4607,110,alpha=1.7
4608,100,alpha=1.7
4609,109,alpha=1.7
4610,109,alpha=1.7
4611,85,alpha=1.7
4612,84,alpha=1.7
4613,101,alpha=1.7
4614,87,alpha=1.7
4615,109,alpha=1.7
4616,90,alpha=1.7
4617,90,alpha=1.7
4618,103,alpha=1.7
4619,91,alpha=1.7
4620,105,alpha=1.7
4621,92,alpha=1.7
4622,94,alpha=1.7
4623,103,alpha=1.7
4624,105,alpha=1.7
4625,89,alpha=1.7
4626,108,alpha=1.7
4627,116,alpha=1.7
4628,116,alpha=1.7
4629,113,alpha=1.7
4630,87,alpha=1.7
4631,102,alpha=1.7
4632,112,alpha=1.7
4633,106,alpha=1.7
4634,80,alpha=1.7
4635,97,alpha=1.7
4636,115,alpha=1.7
4637,82,alpha=1.7
4638,100,alpha=1.7
4639,104,alpha=1.7
4640,106,alpha=1.7
4641,108,alpha=1.7
4642,119,alpha=1.7
4643,101,alpha=1.7
4644,95,alpha=1.7
4645,95,alpha=1.7
4646,103,alpha=1.7
4647,95,alpha=1.7
4648,99,alpha=1.7
4649,87,alpha=1.7
4650,105,alpha=1.7
4651,93,alpha=1.7
4652,106,alpha=1.7
4653,97,alpha=1.7
4654,95,alpha=1.7
4655,97,alpha=1.7
4656,107,alpha=1.7
4657,105,alpha=1.7
4658,101,alpha=1.7
4659,99,alpha=1.7
4660,100,alpha=1.7
4661,105,alpha=1.7
4662,87,alpha=1.7
4663,101,alpha=1.7
4664,122,alpha=1.7
4665,95,alpha=1.7
4666,87,alpha=1.7
4667,92,alpha=1.7
4668,95,alpha=1.7
4669,89,alpha=1.7
4670,83,alpha=1.7
4671,92,alpha=1.7
4672,87,alpha=1.7
4673,97,alpha=1.7
4674,88,alpha=1.7
4675,114,alpha=1.7
4676,86,alpha=1.7
4677,105,alpha=1.7
4678,96,alpha=1.7
4679,102,alpha=1.7
4680,84,alpha=1.7
4681,97,alpha=1.7
4682,95,alpha=1.7
4683,94,alpha=1.7
4684,121,alpha=1.7
4685,99,alpha=1.7
4686,98,alpha=1.7
4687,90,alpha=1.7
4688,92,alpha=1.7
4689,120,alpha=1.7
4690,120,alpha=1.7
4691,100,alpha=1.7
4692,91,alpha=1.7
4693,92,alpha=1.7
4694,94,alpha=1.7
4695,93,alpha=1.7
4696,99,alpha=1.7
4697,83,alpha=1.7
4698,109,alpha=1.7
4699,100,alpha=1.7
4700,97,alpha=1.7
4701,81,alpha=1.7
4702,99,alpha=1.7
4703,95,alpha=1.7
4704,89,alpha=1.7
4705,99,alpha=1.7
4706,95,alpha=1.7
4707,91,alpha=1.7
4708,105,alpha=1.7
4709,101,alpha=1.7
4710,105,alpha=1.7
4711,87,alpha=1.7
4712,92,alpha=1.7
4713,105,alpha=1.7
4714,95,alpha=1.7
4715,99,alpha=1.7
4716,103,alpha=1.7
4717,114,alpha=1.7
4718,91,alpha=1.7
4719,94,alpha=1.7
4720,104,alpha=1.7
4721,107,alpha=1.7
4722,100,alpha=1.7
4723,107,alpha=1.7
4724,87,alpha=1.7
4725,99,alpha=1.7
4726,92,alpha=1.7
4727,101,alpha=1.7
4728,106,alpha=1.7
4729,90,alpha=1.7
4730,99,alpha=1.7
4731,91,alpha=1.7
4732,112,alpha=1.7
4733,88,alpha=1.7
4734,101,alpha=1.7
4735,96,alpha=1.7
4736,103,alpha=1.7
4737,104,alpha=1.7
4738,100,alpha=1.7
4739,100,alpha=1.7
4740,79,alpha=1.7
4741,106,alpha=1.7
4742,88,alpha=1.7
4743,110,alpha=1.7
4744,99,alpha=1.7
4745,95,alpha=1.7
4746,106,alpha=1.7
4747,94,alpha=1.7
4748,101,alpha=1.7
4749,102,alpha=1.7
4750,104,alpha=1.7
4751,104,alpha=1.7
4752,96,alpha=1.7
4753,84,alpha=1.7
4754,94,alpha=1.7
4755,108,alpha=1.7
4756,94,alpha=1.7
4757,99,alpha=1.7
4758,102,alpha=1.7
4759,96,alpha=1.7
4760,112,alpha=1.7
4761,97,alpha=1.7
4762,95,alpha=1.7
4763,84,alpha=1.7
4764,110,alpha=1.7
4765,96,alpha=1.7
4766,103,alpha=1.7
4767,110,alpha=1.7
4768,97,alpha=1.7
4769,114,alpha=1.7
4770,94,alpha=1.7
4771,93,alpha=1.7
4772,103,alpha=1.7
4773,96,alpha=1.7
4774,107,alpha=1.7
4775,99,alpha=1.7
4776,99,alpha=1.7
4777,115,alpha=1.7
4778,124,alpha=1.7
4779,83,alpha=1.7
4780,99,alpha=1.7
4781,88,alpha=1.7
4782,104,alpha=1.7
4783,95,alpha=1.7
4784,102,alpha=1.7
4785,88,alpha=1.7
4786,91,alpha=1.7
4787,96,alpha=1.7
4788,88,alpha=1.7
4789,99,alpha=1.7
4790,99,alpha=1.7
4791,100,alpha=1.7
4792,100,alpha=1.7
4793,82,alpha=1.7
4794,96,alpha=1.7
4795,129,alpha=1.7
4796,115,alpha=1.7
4797,110,alpha=1.7
4798,100,alpha=1.7
4799,88,alpha=1.7
4800,105,alpha=1.7
4801,95,alpha=1.7
4802,115,alpha=1.7
4803,96,alpha=1.7
4804,92,alpha=1.7
4805,98,alpha=1.7
4806,98,alpha=1.7
4807,97,alpha=1.7
4808,89,alpha=1.7
4809,102,alpha=1.7
4810,109,alpha=1.7
4811,122,alpha=1.7
4812,97,alpha=1.7
4813,96,alpha=1.7
4814,117,alpha=1.7
4815,87,alpha=1.7
4816,96,alpha=1.7
4817,90,alpha=1.7
4818,86,alpha=1.7
4819,102,alpha=1.7
4820,100,alpha=1.7
4821,113,alpha=1.7
4822,123,alpha=1.7
4823,101,alpha=1.7
4824,75,alpha=1.7
4825,110,alpha=1.7
4826,99,alpha=1.7
4827,113,alpha=1.7
4828,91,alpha=1.7
4829,105,alpha=1.7
4830,89,alpha=1.7
4831,103,alpha=1.7
4832,117,alpha=1.7
4833,106,alpha=1.7
4834,97,alpha=1.7
4835,87,alpha=1.7
4836,90,alpha=1.7
4837,85,alpha=1.7
4838,85,alpha=1.7
4839,116,alpha=1.7
4840,93,alpha=1.7
4841,109,alpha=1.7
4842,107,alpha=1.7
4843,83,alpha=1.7
4844,101,alpha=1.7
4845,98,alpha=1.7
4846,112,alpha=1.7
4847,103,alpha=1.7
4848,107,alpha=1.7
4849,88,alpha=1.7
4850,104,alpha=1.7
4851,108,alpha=1.7
4852,117,alpha=1.7
4853,101,alpha=1.7
4854,92,alpha=1.7
4855,108,alpha=1.7
4856,109,alpha=1.7
4857,90,alpha=1.7
4858,92,alpha=1.7
4859,88,alpha=1.7
4860,98,alpha=1.7
4861,107,alpha=1.7
4862,97,alpha=1.7
4863,91,alpha=1.7
4864,127,alpha=1.7
4865,111,alpha=1.7
4866,100,alpha=1.7
4867,86,alpha=1.7
4868,88,alpha=1.7
4869,111,alpha=1.7
4870,95,alpha=1.7
4871,98,alpha=1.7
4872,94,alpha=1.7
4873,100,alpha=1.7
4874,128,alpha=1.7
4875,84,alpha=1.7
4876,85,alpha=1.7
4877,98,alpha=1.7
4878,96,alpha=1.7
4879,93,alpha=1.7
4880,106,alpha=1.7
4881,112,alpha=1.7
4882,115,alpha=1.7
4883,114,alpha=1.7
4884,108,alpha=1.7
4885,98,alpha=1.7
4886,95,alpha=1.7
4887,92,alpha=1.7
4888,112,alpha=1.7
4889,105,alpha=1.7
4890,91,alpha=1.7
4891,97,alpha=1.7
4892,87,alpha=1.7
4893,96,alpha=1.7
4894,101,alpha=1.7
4895,90,alpha=1.7
4896,88,alpha=1.7
4897,114,alpha=1.7
4898,100,alpha=1.7
4899,105,alpha=1.7
4900,97,alpha=1.7
4901,100,alpha=1.7
4902,93,alpha=1.7
4903,108,alpha=1.7
4904,105,alpha=1.7
4905,99,alpha=1.7
4906,103,alpha=1.7
4907,95,alpha=1.7
4908,98,alpha=1.7
4909,91,alpha=1.7
4910,98,alpha=1.7
4911,86,alpha=1.7
4912,103,alpha=1.7
4913,94,alpha=1.7
4914,111,alpha=1.7
4915,88,alpha=1.7
4916,82,alpha=1.7
4917,95,alpha=1.7
4918,102,alpha=1.7
4919,110,alpha=1.7
4920,99,alpha=1.7
4921,93,alpha=1.7
4922,104,alpha=1.7
4923,111,alpha=1.7
4924,95,alpha=1.7
4925,102,alpha=1.7
4926,83,alpha=1.7
4927,82,alpha=1.7
4928,99,alpha=1.7
4929,89,alpha=1.7
4930,95,alpha=1.7
4931,95,alpha=1.7
4932,93,alpha=1.7
4933,93,alpha=1.7
4934,106,alpha=1.7
4935,87,alpha=1.7
4936,93,alpha=1.7
4937,97,alpha=1.7
4938,88,alpha=1.7
4939,101,alpha=1.7
4940,109,alpha=1.7
4941,111,alpha=1.7
4942,92,alpha=1.7
4943,98,alpha=1.7
4944,91,alpha=1.7
4945,99,alpha=1.7
4946,89,alpha=1.7
4947,112,alpha=1.7
4948,115,alpha=1.7
4949,104,alpha=1.7
4950,110,alpha=1.7
4951,104,alpha=1.7
4952,114,alpha=1.7
4953,78,alpha=1.7
4954,102,alpha=1.7
4955,107,alpha=1.7
4956,111,alpha=1.7
4957,113,alpha=1.7
4958,103,alpha=1.7
4959,99,alpha=1.7
4960,87,alpha=1.7
4961,96,alpha=1.7
4962,105,alpha=1.7
4963,75,alpha=1.7
4964,117,alpha=1.7
4965,87,alpha=1.7
4966,102,alpha=1.7
4967,97,alpha=1.7
4968,111,alpha=1.7
4969,100,alpha=1.7
4970,104,alpha=1.7
4971,91,alpha=1.7
4972,100,alpha=1.7
4973,95,alpha=1.7
4974,95,alpha=1.7
4975,91,alpha=1.7
4976,97,alpha=1.7
4977,108,alpha=1.7
4978,96,alpha=1.7
4979,92,alpha=1.7
4980,91,alpha=1.7
4981,101,alpha=1.7
4982,101,alpha=1.7
4983,109,alpha=1.7
4984,95,alpha=1.7
4985,84,alpha=1.7
4986,95,alpha=1.7
4987,97,alpha=1.7
4988,83,alpha=1.7
4989,110,alpha=1.7
4990,107,alpha=1.7
4991,115,alpha=1.7
4992,104,alpha=1.7
4993,98,alpha=1.7
4994,92,alpha=1.7
4995,105,alpha=1.7
4996,91,alpha=1.7
4997,104,alpha=1.7
4998,101,alpha=1.7
4999,95,alpha=1.7
0,103,alpha=1.5
1,107,alpha=1.5
2,78,alpha=1.5
3,110,alpha=1.5
4,114,alpha=1.5
5,97,alpha=1.5
6,112,alpha=1.5
7,109,alpha=1.5
8,97,alpha=1.5
9,92,alpha=1.5
10,118,alpha=1.5
11,93,alpha=1.5
12,101,alpha=1.5
13,91,alpha=1.5
14,125,alpha=1.5
15,92,alpha=1.5
16,90,alpha=1.5
17,96,alpha=1.5
18,100,alpha=1.5
19,92,alpha=1.5
20,94,alpha=1.5
21,110,alpha=1.5
22,103,alpha=1.5
23,106,alpha=1.5
24,95,alpha=1.5
25,88,alpha=1.5
26,96,alpha=1.5
27,86,alpha=1.5
28,95,alpha=1.5
29,102,alpha=1.5
30,92,alpha=1.5
31,110,alpha=1.5
32,91,alpha=1.5
33,89,alpha=1.5
34,103,alpha=1.5
35,107,alpha=1.5
36,72,alpha=1.5
37,99,alpha=1.5
38,91,alpha=1.5
39,127,alpha=1.5
40,100,alpha=1.5
41,96,alpha=1.5
42,91,alpha=1.5
43,103,alpha=1.5
44,91,alpha=1.5
45,93,alpha=1.5
46,109,alpha=1.5
47,108,alpha=1.5
48,111,alpha=1.5
49,80,alpha=1.5
50,99,alpha=1.5
51,90,alpha=1.5
52,89,alpha=1.5
53,95,alpha=1.5
54,79,alpha=1.5
55,116,alpha=1.5
56,111,alpha=1.5
57,112,alpha=1.5
58,90,alpha=1.5
59,102,alpha=1.5
60,117,alpha=1.5
61,79,alpha=1.5
62,100,alpha=1.5
63,100,alpha=1.5
64,107,alpha=1.5
65,110,alpha=1.5
66,123,alpha=1.5
67,95,alpha=1.5
68,104,alpha=1.5
69,114,alpha=1.5
70,114,alpha=1.5
71,90,alpha=1.5
72,98,alpha=1.5
73,119,alpha=1.5
74,106,alpha=1.5
75,92,alpha=1.5
76,98,alpha=1.5
77,97,alpha=1.5
78,98,alpha=1.5
79,97,alpha=1.5
80,104,alpha=1.5
81,99,alpha=1.5
82,91,alpha=1.5
83,99,alpha=1.5
84,102,alpha=1.5
85,101,alpha=1.5
86,104,alpha=1.5
87,82,alpha=1.5
88,102,alpha=1.5
89,104,alpha=1.5
90,133,alpha=1.5
91,97,alpha=1.5
92,96,alpha=1.5
93,109,alpha=1.5
94,93,alpha=1.5
95,109,alpha=1.5
96,98,alpha=1.5
97,122,alpha=1.5
98,82,alpha=1.5
99,99,alpha=1.5
100,106,alpha=1.5
101,97,alpha=1.5
102,103,alpha=1.5
103,101,alpha=1.5
104,105,alpha=1.5
105,101,alpha=1.5
106,103,alpha=1.5
107,90,alpha=1.5
108,102,alpha=1.5
109,99,alpha=1.5
110,111,alpha=1.5
111,96,alpha=1.5
112,90,alpha=1.5
113,93,alpha=1.5
114,88,alpha=1.5
115,79,alpha=1.5
116,115,alpha=1.5
117,89,alpha=1.5
118,98,alpha=1.5
119,96,alpha=1.5
120,94,alpha=1.5
121,97,alpha=1.5
122,106,alpha=1.5
123,109,alpha=1.5
124,104,alpha=1.5
125,104,alpha=1.5
126,107,alpha=1.5
127,109,alpha=1.5
128,101,alpha=1.5
129,121,alpha=1.5
130,98,alpha=1.5
131,100,alpha=1.5
132,105,alpha=1.5
133,104,alpha=1.5
134,105,alpha=1.5
135,107,alpha=1.5
136,100,alpha=1.5
137,112,alpha=1.5
138,99,alpha=1.5
139,107,alpha=1.5
140,112,alpha=1.5
141,99,alpha=1.5
142,85,alpha=1.5
143,93,alpha=1.5
144,98,alpha=1.5
145,92,alpha=1.5
146,96,alpha=1.5
147,88,alpha=1.5
148,90,alpha=1.5
149,91,alpha=1.5
150,102,alpha=1.5
151,107,alpha=1.5
152,100,alpha=1.5
153,92,alpha=1.5
154,95,alpha=1.5
155,98,alpha=1.5
156,86,alpha=1.5
157,102,alpha=1.5
158,87,alpha=1.5
159,90,alpha=1.5
160,90,alpha=1.5
161,110,alpha=1.5
162,93,alpha=1.5
163,85,alpha=1.5
164,110,alpha=1.5
165,91,alpha=1.5
166,110,alpha=1.5
167,121,alpha=1.5
168,94,alpha=1.5
169,102,alpha=1.5
170,119,alpha=1.5
171,92,alpha=1.5
172,100,alpha=1.5
173,103,alpha=1.5
174,94,alpha=1.5
175,88,alpha=1.5
176,105,alpha=1.5
177,97,alpha=1.5
178,81,alpha=1.5
179,99,alpha=1.5
180,105,alpha=1.5
181,80,alpha=1.5
182,107,alpha=1.5
183,113,alpha=1.5
184,90,alpha=1.5
185,89,alpha=1.5
186,107,alpha=1.5
187,81,alpha=1.5
188,92,alpha=1.5
189,91,alpha=1.5
190,93,alpha=1.5
191,107,alpha=1.5
192,95,alpha=1.5
193,97,alpha=1.5
194,92,alpha=1.5
195,101,alpha=1.5
196,98,alpha=1.5
197,108,alpha=1.5
198,84,alpha=1.5
199,94,alpha=1.5
200,107,alpha=1.5
201,82,alpha=1.5
202,105,alpha=1.5
203,101,alpha=1.5
204,99,alpha=1.5
205,89,alpha=1.5
206,103,alpha=1.5
207,102,alpha=1.5
208,107,alpha=1.5
209,90,alpha=1.5
210,104,alpha=1.5
211,111,alpha=1.5
212,78,alpha=1.5
213,91,alpha=1.5
214,109,alpha=1.5
215,86,alpha=1.5
216,95,alpha=1.5
217,104,alpha=1.5
218,101,alpha=1.5
219,93,alpha=1.5
220,105,alpha=1.5
221,104,alpha=1.5
222,103,alpha=1.5
223,102,alpha=1.5
224,91,alpha=1.5
225,96,alpha=1.5
226,97,alpha=1.5
227,115,alpha=1.5
228,109,alpha=1.5
229,89,alpha=1.5
230,97,alpha=1.5
231,97,alpha=1.5
232,93,alpha=1.5
233,82,alpha=1.5
234,85,alpha=1.5
235,84,alpha=1.5
236,103,alpha=1.5
237,86,alpha=1.5
238,106,alpha=1.5
239,106,alpha=1.5
240,116,alpha=1.5
241,103,alpha=1.5
242,100,alpha=1.5
243,98,alpha=1.5
244,103,alpha=1.5
245,96,alpha=1.5
246,104,alpha=1.5
247,97,alpha=1.5
248,106,alpha=1.5
249,107,alpha=1.5
250,87,alpha=1.5
251,97,alpha=1.5
252,92,alpha=1.5
253,101,alpha=1.5
254,99,alpha=1.5
255,96,alpha=1.5
256,104,alpha=1.5
257,86,alpha=1.5
258,95,alpha=1.5
259,100,alpha=1.5
260,84,alpha=1.5
261,93,alpha=1.5
262,102,alpha=1.5
263,113,alpha=1.5
264,100,alpha=1.5
265,96,alpha=1.5
266,84,alpha=1.5
267,117,alpha=1.5
268,107,alpha=1.5
269,111,alpha=1.5
270,94,alpha=1.5
271,90,alpha=1.5
272,103,alpha=1.5
273,96,alpha=1.5
274,94,alpha=1.5
275,108,alpha=1.5
276,105,alpha=1.5
277,90,alpha=1.5
278,91,alpha=1.5
279,112,alpha=1.5
280,86,alpha=1.5
281,81,alpha=1.5
282,110,alpha=1.5
283,111,alpha=1.5
284,111,alpha=1.5
285,92,alpha=1.5
286,96,alpha=1.5
287,85,alpha=1.5
288,111,alpha=1.5
289,102,alpha=1.5
290,92,alpha=1.5
291,73,alpha=1.5
292,97,alpha=1.5
293,113,alpha=1.5
294,103,alpha=1.5
295,106,alpha=1.5
296,112,alpha=1.5
297,104,alpha=1.5
298,90,alpha=1.5
299,101,alpha=1.5
300,110,alpha=1.5
301,89,alpha=1.5
302,70,alpha=1.5
303,89,alpha=1.5
304,108,alpha=1.5
305,92,alpha=1.5
306,105,alpha=1.5
307,108,alpha=1.5
308,91,alpha=1.5
309,105,alpha=1.5
310,90,alpha=1.5
311,99,alpha=1.5
312,115,alpha=1.5
313,106,alpha=1.5
314,104,alpha=1.5
315,119,alpha=1.5
316,91,alpha=1.5
317,111,alpha=1.5
318,110,alpha=1.5
319,87,alpha=1.5
320,105,alpha=1.5
321,103,alpha=1.5
322,103,alpha=1.5
323,85,alpha=1.5
324,114,alpha=1.5
325,102,alpha=1.5
326,105,alpha=1.5
327,98,alpha=1.5
328,92,alpha=1.5
329,83,alpha=1.5
330,84,alpha=1.5
331,124,alpha=1.5
332,98,alpha=1.5
333,104,alpha=1.5
334,86,alpha=1.5
335,99,alpha=1.5
336,86,alpha=1.5
337,92,alpha=1.5
338,106,alpha=1.5
339,101,alpha=1.5
340,86,alpha=1.5
341,116,alpha=1.5
342,124,alpha=1.5
343,114,alpha=1.5
344,92,alpha=1.5
345,119,alpha=1.5
346,119,alpha=1.5
347,96,alpha=1.5
348,81,alpha=1.5
349,86,alpha=1.5
350,111,alpha=1.5
351,99,alpha=1.5
352,96,alpha=1.5
353,102,alpha=1.5
354,105,alpha=1.5
355,88,alpha=1.5
356,102,alpha=1.5
357,113,alpha=1.5
358,102,alpha=1.5
359,107,alpha=1.5
360,107,alpha=1.5
361,89,alpha=1.5
362,85,alpha=1.5
363,101,alpha=1.5
364,106,alpha=1.5
365,109,alpha=1.5
366,104,alpha=1.5
367,105,alpha=1.5
368,76,alpha=1.5
369,97,alpha=1.5
370,110,alpha=1.5
371,86,alpha=1.5
372,108,alpha=1.5
373,98,alpha=1.5
374,101,alpha=1.5
375,93,alpha=1.5
376,98,alpha=1.5
377,95,alpha=1.5
378,109,alpha=1.5
379,101,alpha=1.5
380,96,alpha=1.5
381,107,alpha=1.5
382,86,alpha=1.5
383,91,alpha=1.5
384,91,alpha=1.5
385,94,alpha=1.5
386,100,alpha=1.5
387,99,alpha=1.5
388,103,alpha=1.5
389,87,alpha=1.5
390,96,alpha=1.5
391,96,alpha=1.5
392,129,alpha=1.5
393,109,alpha=1.5
394,109,alpha=1.5
395,82,alpha=1.5
396,110,alpha=1.5
397,98,alpha=1.5
398,96,alpha=1.5
399,93,alpha=1.5
400,108,alpha=1.5
401,96,alpha=1.5
402,96,alpha=1.5
403,99,alpha=1.5
404,91,alpha=1.5
405,100,alpha=1.5
406,98,alpha=1.5
407,109,alpha=1.5
408,105,alpha=1.5
409,99,alpha=1.5
410,90,alpha=1.5
411,93,alpha=1.5
412,101,alpha=1.5
413,98,alpha=1.5
414,92,alpha=1.5
415,95,alpha=1.5
416,112,alpha=1.5
417,107,alpha=1.5
418,93,alpha=1.5
419,95,alpha=1.5
420,97,alpha=1.5
421,97,alpha=1.5
422,127,alpha=1.5
423,88,alpha=1.5
424,115,alpha=1.5
425,81,alpha=1.5
426,94,alpha=1.5
427,81,alpha=1.5
428,94,alpha=1.5
429,115,alpha=1.5
430,106,alpha=1.5
431,97,alpha=1.5
432,98,alpha=1.5
433,117,alpha=1.5
434,106,alpha=1.5
435,102,alpha=1.5
436,87,alpha=1.5
437,99,alpha=1.5
438,104,alpha=1.5
439,97,alpha=1.5
440,102,alpha=1.5
441,90,alpha=1.5
442,101,alpha=1.5
443,97,alpha=1.5
444,94,alpha=1.5
445,101,alpha=1.5
446,91,alpha=1.5
447,103,alpha=1.5
448,108,alpha=1.5
449,86,alpha=1.5
450,105,alpha=1.5
451,109,alpha=1.5
452,108,alpha=1.5
453,86,alpha=1.5
454,99,alpha=1.5
455,109,alpha=1.5
456,109,alpha=1.5
457,115,alpha=1.5
458,97,alpha=1.5
459,85,alpha=1.5
460,106,alpha=1.5
461,117,alpha=1.5
462,119,alpha=1.5
463,95,alpha=1.5
464,107,alpha=1.5
465,109,alpha=1.5
466,106,alpha=1.5
467,97,alpha=1.5
468,105,alpha=1.5
469,91,alpha=1.5
470,85,alpha=1.5
471,112,alpha=1.5
472,73,alpha=1.5
473,115,alpha=1.5
474,101,alpha=1.5
475,111,alpha=1.5
476,100,alpha=1.5
477,101,alpha=1.5
478,101,alpha=1.5
479,105,alpha=1.5
480,96,alpha=1.5
481,106,alpha=1.5
482,104,alpha=1.5
483,94,alpha=1.5
484,105,alpha=1.5
485,92,alpha=1.5
486,86,alpha=1.5
487,95,alpha=1.5
488,100,alpha=1.5
489,95,alpha=1.5
490,94,alpha=1.5
491,92,alpha=1.5
492,89,alpha=1.5
493,101,alpha=1.5
494,86,alpha=1.5
495,89,alpha=1.5
496,105,alpha=1.5
497,107,alpha=1.5
498,105,alpha=1.5
499,101,alpha=1.5
500,105,alpha=1.5
501,94,alpha=1.5
502,93,alpha=1.5
503,105,alpha=1.5
504,95,alpha=1.5
505,102,alpha=1.5
506,101,alpha=1.5
507,96,alpha=1.5
508,95,alpha=1.5
509,100,alpha=1.5
510,110,alpha=1.5
511,101,alpha=1.5
512,98,alpha=1.5
513,88,alpha=1.5
514,96,alpha=1.5
515,95,alpha=1.5
516,95,alpha=1.5
517,80,alpha=1.5
518,99,alpha=1.5
519,100,alpha=1.5
520,85,alpha=1.5
521,96,alpha=1.5
522,111,alpha=1.5
523,88,alpha=1.5
524,96,alpha=1.5
525,95,alpha=1.5
526,99,alpha=1.5
527,110,alpha=1.5
528,115,alpha=1.5
529,113,alpha=1.5
530,83,alpha=1.5
531,106,alpha=1.5
532,93,alpha=1.5
533,99,alpha=1.5
534,110,alpha=1.5
535,105,alpha=1.5
536,95,alpha=1.5
537,99,alpha=1.5
538,90,alpha=1.5
539,108,alpha=1.5
540,91,alpha=1.5
541,98,alpha=1.5
542,105,alpha=1.5
543,94,alpha=1.5
544,117,alpha=1.5
545,98,alpha=1.5
546,88,alpha=1.5
547,107,alpha=1.5
548,106,alpha=1.5
549,90,alpha=1.5
550,95,alpha=1.5
551,92,alpha=1.5
552,97,alpha=1.5
553,106,alpha=1.5
554,108,alpha=1.5
555,103,alpha=1.5
556,96,alpha=1.5
557,100,alpha=1.5
558,98,alpha=1.5
559,99,alpha=1.5
560,85,alpha=1.5
561,112,alpha=1.5
562,98,alpha=1.5
563,89,alpha=1.5
564,112,alpha=1.5
565,95,alpha=1.5
566,104,alpha=1.5
567,85,alpha=1.5
568,94,alpha=1.5
569,94,alpha=1.5
570,104,alpha=1.5
571,97,alpha=1.5
572,95,alpha=1.5
573,98,alpha=1.5
574,114,alpha=1.5
575,109,alpha=1.5
576,118,alpha=1.5
577,94,alpha=1.5
578,96,alpha=1.5
579,98,alpha=1.5
580,104,alpha=1.5
581,100,alpha=1.5
582,115,alpha=1.5
583,105,alpha=1.5
584,122,alpha=1.5
585,109,alpha=1.5
586,103,alpha=1.5
587,99,alpha=1.5
588,96,alpha=1.5
589,108,alpha=1.5
590,97,alpha=1.5
591,94,alpha=1.5
592,93,alpha=1.5
593,106,alpha=1.5
594,97,alpha=1.5
595,109,alpha=1.5
596,96,alpha=1.5
597,100,alpha=1.5
598,109,alpha=1.5
599,87,alpha=1.5
600,85,alpha=1.5
601,88,alpha=1.5
602,92,alpha=1.5
603,92,alpha=1.5
604,96,alpha=1.5
605,80,alpha=1.5
606,101,alpha=1.5
607,105,alpha=1.5
608,95,alpha=1.5
609,87,alpha=1.5
610,82,alpha=1.5
611,101,alpha=1.5
612,89,alpha=1.5
613,103,alpha=1.5
614,100,alpha=1.5
615,104,alpha=1.5
616,105,alpha=1.5
617,111,alpha=1.5
618,89,alpha=1.5
619,120,alpha=1.5
620,96,alpha=1.5
621,103,alpha=1.5
622,102,alpha=1.5
623,109,alpha=1.5
624,91,alpha=1.5
625,107,alpha=1.5
626,109,alpha=1.5
627,99,alpha=1.5
628,92,alpha=1.5
629,108,alpha=1.5
630,109,alpha=1.5
631,115,alpha=1.5
632,105,alpha=1.5
633,102,alpha=1.5
634,111,alpha=1.5
635,94,alpha=1.5
636,88,alpha=1.5
637,102,alpha=1.5
638,99,alpha=1.5
639,109,alpha=1.5
640,107,alpha=1.5
641,105,alpha=1.5
642,115,alpha=1.5
643,101,alpha=1.5
644,105,alpha=1.5
645,113,alpha=1.5
646,101,alpha=1.5
647,85,alpha=1.5
648,94,alpha=1.5
649,84,alpha=1.5
650,97,alpha=1.5
651,83,alpha=1.5
652,102,alpha=1.5
653,100,alpha=1.5
654,106,alpha=1.5
655,91,alpha=1.5
656,103,alpha=1.5
657,95,alpha=1.5
658,116,alpha=1.5
659,104,alpha=1.5
660,99,alpha=1.5
661,94,alpha=1.5
662,111,alpha=1.5
663,95,alpha=1.5
664,115,alpha=1.5
665,91,alpha=1.5
666,97,alpha=1.5
667,110,alpha=1.5
668,101,alpha=1.5
669,98,alpha=1.5
670,98,alpha=1.5
671,100,alpha=1.5
672,116,alpha=1.5
673,103,alpha=1.5
674,107,alpha=1.5
675,116,alpha=1.5
676,111,alpha=1.5
677,89,alpha=1.5
678,98,alpha=1.5
679,93,alpha=1.5
680,107,alpha=1.5
681,85,alpha=1.5
682,118,alpha=1.5
683,92,alpha=1.5
684,95,alpha=1.5
685,110,alpha=1.5
686,91,alpha=1.5
687,115,alpha=1.5
688,94,alpha=1.5
689,90,alpha=1.5
690,86,alpha=1.5
691,94,alpha=1.5
692,109,alpha=1.5
693,97,alpha=1.5
694,102,alpha=1.5
695,117,alpha=1.5
696,110,alpha=1.5
697,102,alpha=1.5
698,98,alpha=1.5
699,103,alpha=1.5
700,105,alpha=1.5
701,94,alpha=1.5
702,110,alpha=1.5
703,105,alpha=1.5
704,99,alpha=1.5
705,112,alpha=1.5
706,121,alpha=1.5
707,96,alpha=1.5
708,96,alpha=1.5
709,103,alpha=1.5
710,94,alpha=1.5
711,105,alpha=1.5
712,104,alpha=1.5
713,103,alpha=1.5
714,103,alpha=1.5
715,89,alpha=1.5
716,101,alpha=1.5
717,112,alpha=1.5
718,105,alpha=1.5
719,99,alpha=1.5
720,85,alpha=1.5
721,85,alpha=1.5
722,114,alpha=1.5
723,90,alpha=1.5
724,97,alpha=1.5
725,102,alpha=1.5
726,100,alpha=1.5
727,102,alpha=1.5
728,99,alpha=1.5
729,97,alpha=1.5
730,102,alpha=1.5
731,95,alpha=1.5
732,110,alpha=1.5
733,89,alpha=1.5
734,107,alpha=1.5
735,104,alpha=1.5
736,107,alpha=1.5
737,101,alpha=1.5
738,103,alpha=1.5
739,110,alpha=1.5
740,95,alpha=1.5
741,105,alpha=1.5
742,104,alpha=1.5
743,97,alpha=1.5
744,120,alpha=1.5
745,95,alpha=1.5
746,88,alpha=1.5
747,102,alpha=1.5
748,91,alpha=1.5
749,85,alpha=1.5
750,104,alpha=1.5
751,100,alpha=1.5
752,118,alpha=1.5
753,124,alpha=1.5
754,90,alpha=1.5
755,89,alpha=1.5
756,97,alpha=1.5
757,100,alpha=1.5
758,111,alpha=1.5
759,105,alpha=1.5
760,97,alpha=1.5
761,92,alpha=1.5
762,104,alpha=1.5
763,95,alpha=1.5
764,102,alpha=1.5
765,118,alpha=1.5
766,96,alpha=1.5
767,110,alpha=1.5
768,100,alpha=1.5
769,92,alpha=1.5
770,86,alpha=1.5
771,102,alpha=1.5
772,113,alpha=1.5
773,89,alpha=1.5
774,103,alpha=1.5
775,82,alpha=1.5
776,99,alpha=1.5
777,101,alpha=1.5
778,103,alpha=1.5
779,109,alpha=1.5
780,116,alpha=1.5
781,92,alpha=1.5
782,106,alpha=1.5
783,89,alpha=1.5
784,104,alpha=1.5
785,97,alpha=1.5
786,91,alpha=1.5
787,117,alpha=1.5
788,100,alpha=1.5
789,90,alpha=1.5
790,96,alpha=1.5
791,85,alpha=1.5
792,108,alpha=1.5
793,108,alpha=1.5
794,110,alpha=1.5
795,117,alpha=1.5
796,108,alpha=1.5
797,99,alpha=1.5
798,108,alpha=1.5
799,99,alpha=1.5
800,103,alpha=1.5
801,108,alpha=1.5
802,87,alpha=1.5
803,99,alpha=1.5
804,91,alpha=1.5
805,102,alpha=1.5
806,101,alpha=1.5
807,91,alpha=1.5
808,114,alpha=1.5
809,89,alpha=1.5
810,78,alpha=1.5
811,107,alpha=1.5
812,102,alpha=1.5
813,98,alpha=1.5
814,97,alpha=1.5
815,92,alpha=1.5
816,102,alpha=1.5
817,90,alpha=1.5
818,101,alpha=1.5
819,84,alpha=1.5
820,100,alpha=1.5
821,99,alpha=1.5
822,101,alpha=1.5
823,117,alpha=1.5
824,80,alpha=1.5
825,98,alpha=1.5
826,99,alpha=1.5
827,95,alpha=1.5
828,82,alpha=1.5
829,130,alpha=1.5
830,90,alpha=1.5
831,119,alpha=1.5
832,87,alpha=1.5
833,97,alpha=1.5
834,101,alpha=1.5
835,124,alpha=1.5
836,110,alpha=1.5
837,102,alpha=1.5
838,98,alpha=1.5
839,109,alpha=1.5
840,72,alpha=1.5
841,99,alpha=1.5
842,94,alpha=1.5
843,108,alpha=1.5
844,95,alpha=1.5
845,105,alpha=1.5
846,113,alpha=1.5
847,89,alpha=1.5
848,89,alpha=1.5
849,116,alpha=1.5
850,87,alpha=1.5
851,106,alpha=1.5
852,112,alpha=1.5
853,93,alpha=1.5
854,111,alpha=1.5
855,89,alpha=1.5
856,97,alpha=1.5
857,97,alpha=1.5
858,118,alpha=1.5
859,97,alpha=1.5
860,92,alpha=1.5
861,92,alpha=1.5
862,107,alpha=1.5
863,106,alpha=1.5
864,103,alpha=1.5
865,95,alpha=1.5
866,90,alpha=1.5
867,110,alpha=1.5
868,103,alpha=1.5
869,97,alpha=1.5
870,91,alpha=1.5
871,87,alpha=1.5
872,91,alpha=1.5
873,104,alpha=1.5
874,96,alpha=1.5
875,104,alpha=1.5
876,121,alpha=1.5
877,101,alpha=1.5
878,106,alpha=1.5
879,100,alpha=1.5
880,113,alpha=1.5
881,113,alpha=1.5
882,120,alpha=1.5
883,103,alpha=1.5
884,103,alpha=1.5
885,114,alpha=1.5
886,108,alpha=1.5
887,106,alpha=1.5
888,107,alpha=1.5
889,101,alpha=1.5
890,97,alpha=1.5
891,79,alpha=1.5
892,127,alpha=1.5
893,98,alpha=1.5
894,104,alpha=1.5
895,106,alpha=1.5
896,89,alpha=1.5
897,88,alpha=1.5
898,111,alpha=1.5
899,106,alpha=1.5
900,108,alpha=1.5
901,93,alpha=1.5
902,116,alpha=1.5
903,112,alpha=1.5
904,108,alpha=1.5
905,99,alpha=1.5
906,94,alpha=1.5
907,110,alpha=1.5
908,98,alpha=1.5
909,91,alpha=1.5
910,102,alpha=1.5
911,103,alpha=1.5
912,109,alpha=1.5
913,105,alpha=1.5
914,90,alpha=1.5
915,96,alpha=1.5
916,108,alpha=1.5
917,92,alpha=1.5
918,106,alpha=1.5
919,102,alpha=1.5
920,92,alpha=1.5
921,95,alpha=1.5
922,108,alpha=1.5
923,113,alpha=1.5
924,99,alpha=1.5
925,115,alpha=1.5
926,100,alpha=1.5
927,109,alpha=1.5
928,112,alpha=1.5
929,100,alpha=1.5
930,107,alpha=1.5
931,89,alpha=1.5
932,80,alpha=1.5
933,105,alpha=1.5
934,110,alpha=1.5
935,106,alpha=1.5
936,127,alpha=1.5
937,115,alpha=1.5
938,98,alpha=1.5
939,100,alpha=1.5
940,107,alpha=1.5
941,98,alpha=1.5
942,98,alpha=1.5
943,97,alpha=1.5
944,84,alpha=1.5
945,96,alpha=1.5
946,107,alpha=1.5
947,104,alpha=1.5
948,101,alpha=1.5
949,96,alpha=1.5
950,120,alpha=1.5
951,92,alpha=1.5
952,101,alpha=1.5
953,105,alpha=1.5
954,96,alpha=1.5
955,129,alpha=1.5
956,97,alpha=1.5
957,86,alpha=1.5
958,119,alpha=1.5
959,103,alpha=1.5
960,122,alpha=1.5
961,81,alpha=1.5
962,93,alpha=1.5
963,103,alpha=1.5
964,90,alpha=1.5
965,106,alpha=1.5
966,112,alpha=1.5
967,99,alpha=1.5
968,117,alpha=1.5
969,88,alpha=1.5
970,99,alpha=1.5
971,113,alpha=1.5
972,95,alpha=1.5
973,78,alpha=1.5
974,93,alpha=1.5
975,101,alpha=1.5
976,90,alpha=1.5
977,94,alpha=1.5
978,91,alpha=1.5
979,90,alpha=1.5
980,96,alpha=1.5
981,109,alpha=1.5
982,101,alpha=1.5
983,93,alpha=1.5
984,97,alpha=1.5
985,106,alpha=1.5
986,93,alpha=1.5
987,78,alpha=1.5
988,81,alpha=1.5
989,105,alpha=1.5
990,88,alpha=1.5
991,111,alpha=1.5
992,94,alpha=1.5
993,103,alpha=1.5
994,109,alpha=1.5
995,115,alpha=1.5
996,113,alpha=1.5
997,107,alpha=1.5
998,97,alpha=1.5
999,92,alpha=1.5
1000,94,alpha=1.5
1001,96,alpha=1.5
1002,98,alpha=1.5
1003,107,alpha=1.5
1004,109,alpha=1.5
1005,105,alpha=1.5
1006,96,alpha=1.5
1007,125,alpha=1.5
1008,109,alpha=1.5
1009,121,alpha=1.5
1010,105,alpha=1.5
1011,104,alpha=1.5
1012,88,alpha=1.5
1013,111,alpha=1.5
1014,101,alpha=1.5
1015,113,alpha=1.5
1016,104,alpha=1.5
1017,99,alpha=1.5
1018,102,alpha=1.5
1019,96,alpha=1.5
1020,104,alpha=1.5
1021,95,alpha=1.5
1022,107,alpha=1.5
1023,82,alpha=1.5
1024,111,alpha=1.5
1025,108,alpha=1.5
1026,121,alpha=1.5
1027,108,alpha=1.5
1028,92,alpha=1.5
1029,94,alpha=1.5
1030,93,alpha=1.5
1031,116,alpha=1.5
1032,85,alpha=1.5
1033,83,alpha=1.5
1034,94,alpha=1.5
1035,112,alpha=1.5
1036,110,alpha=1.5
1037,87,alpha=1.5
1038,96,alpha=1.5
1039,97,alpha=1.5
1040,90,alpha=1.5
1041,118,alpha=1.5
1042,98,alpha=1.5
1043,114,alpha=1.5
1044,112,alpha=1.5
1045,114,alpha=1.5
1046,112,alpha=1.5
1047,102,alpha=1.5
1048,75,alpha=1.5
1049,101,alpha=1.5
1050,90,alpha=1.5
1051,123,alpha=1.5
1052,126,alpha=1.5
1053,114,alpha=1.5
1054,108,alpha=1.5
1055,91,alpha=1.5
1056,82,alpha=1.5
1057,99,alpha=1.5
1058,104,alpha=1.5
1059,120,alpha=1.5
1060,91,alpha=1.5
1061,109,alpha=1.5
1062,110,alpha=1.5
1063,104,alpha=1.5
1064,92,alpha=1.5
1065,111,alpha=1.5
1066,91,alpha=1.5
1067,109,alpha=1.5
1068,83,alpha=1.5
1069,84,alpha=1.5
1070,83,alpha=1.5
1071,102,alpha=1.5
1072,97,alpha=1.5
1073,108,alpha=1.5
1074,97,alpha=1.5
1075,88,alpha=1.5
1076,112,alpha=1.5
1077,118,alpha=1.5
1078,107,alpha=1.5
1079,82,alpha=1.5
1080,119,alpha=1.5
1081,94,alpha=1.5
1082,106,alpha=1.5
1083,102,alpha=1.5
1084,93,alpha=1.5
1085,99,alpha=1.5
1086,109,alpha=1.5
1087,98,alpha=1.5
1088,91,alpha=1.5
1089,105,alpha=1.5
1090,101,alpha=1.5
1091,95,alpha=1.5
1092,108,alpha=1.5
1093,123,alpha=1.5
1094,110,alpha=1.5
1095,89,alpha=1.5
1096,82,alpha=1.5
1097,109,alpha=1.5
1098,99,alpha=1.5
1099,114,alpha=1.5
1100,94,alpha=1.5
1101,98,alpha=1.5
1102,105,alpha=1.5
1103,105,alpha=1.5
1104,104,alpha=1.5
1105,97,alpha=1.5
1106,104,alpha=1.5
1107,103,alpha=1.5
1108,98,alpha=1.5
1109,86,alpha=1.5
1110,96,alpha=1.5
1111,96,alpha=1.5
1112,110,alpha=1.5
1113,112,alpha=1.5
1114,104,alpha=1.5
1115,120,alpha=1.5
1116,113,alpha=1.5
1117,111,alpha=1.5
1118,99,alpha=1.5
1119,100,alpha=1.5
1120,96,alpha=1.5
1121,106,alpha=1.5
1122,102,alpha=1.5
1123,107,alpha=1.5
1124,106,alpha=1.5
1125,108,alpha=1.5
1126,94,alpha=1.5
1127,100,alpha=1.5
1128,91,alpha=1.5
1129,106,alpha=1.5
1130,80,alpha=1.5
1131,106,alpha=1.5
1132,99,alpha=1.5
1133,92,alpha=1.5
1134,116,alpha=1.5
1135,87,alpha=1.5
1136,100,alpha=1.5
1137,80,alpha=1.5
1138,117,alpha=1.5
1139,112,alpha=1.5
1140,108,alpha=1.5
1141,109,alpha=1.5
1142,102,alpha=1.5
1143,90,alpha=1.5
1144,112,alpha=1.5
1145,98,alpha=1.5
1146,102,alpha=1.5
1147,106,alpha=1.5
1148,84,alpha=1.5
1149,95,alpha=1.5
1150,112,alpha=1.5
1151,87,alpha=1.5
1152,114,alpha=1.5
1153,92,alpha=1.5
1154,108,alpha=1.5
1155,106,alpha=1.5
1156,111,alpha=1.5
1157,113,alpha=1.5
1158,100,alpha=1.5
1159,88,alpha=1.5
1160,97,alpha=1.5
1161,98,alpha=1.5
1162,101,alpha=1.5
1163,115,alpha=1.5
1164,89,alpha=1.5
1165,103,alpha=1.5
1166,103,alpha=1.5
1167,99,alpha=1.5
1168,96,alpha=1.5
1169,103,alpha=1.5
1170,105,alpha=1.5
1171,105,alpha=1.5
1172,95,alpha=1.5
1173,111,alpha=1.5
1174,96,alpha=1.5
1175,128,alpha=1.5
1176,104,alpha=1.5
1177,104,alpha=1.5
1178,106,alpha=1.5
1179,97,alpha=1.5
1180,103,alpha=1.5
1181,106,alpha=1.5
1182,114,alpha=1.5
1183,105,alpha=1.5
1184,89,alpha=1.5
1185,100,alpha=1.5
1186,106,alpha=1.5
1187,105,alpha=1.5
1188,102,alpha=1.5
1189,99,alpha=1.5
1190,85,alpha=1.5
1191,97,alpha=1.5
1192,85,alpha=1.5
1193,99,alpha=1.5
1194,101,alpha=1.5
1195,96,alpha=1.5
1196,119,alpha=1.5
1197,105,alpha=1.5
1198,108,alpha=1.5
1199,88,alpha=1.5
1200,74,alpha=1.5
1201,110,alpha=1.5
1202,112,alpha=1.5
1203,91,alpha=1.5
1204,103,alpha=1.5
1205,101,alpha=1.5
1206,94,alpha=1.5
1207,92,alpha=1.5
1208,93,alpha=1.5
1209,107,alpha=1.5
1210,106,alpha=1.5
1211,106,alpha=1.5
1212,103,alpha=1.5
1213,90,alpha=1.5
1214,97,alpha=1.5
1215,98,alpha=1.5
1216,115,alpha=1.5
1217,114,alpha=1.5
1218,114,alpha=1.5
1219,98,alpha=1.5
1220,106,alpha=1.5
1221,82,alpha=1.5
1222,75,alpha=1.5
1223,111,alpha=1.5
1224,96,alpha=1.5
1225,119,alpha=1.5
1226,91,alpha=1.5
1227,108,alpha=1.5
1228,93,alpha=1.5
1229,104,alpha=1.5
1230,110,alpha=1.5
1231,87,alpha=1.5
1232,98,alpha=1.5
1233,110,alpha=1.5
1234,108,alpha=1.5
1235,100,alpha=1.5
1236,106,alpha=1.5
1237,76,alpha=1.5
1238,115,alpha=1.5
1239,92,alpha=1.5
1240,96,alpha=1.5
1241,83,alpha=1.5
1242,110,alpha=1.5
1243,98,alpha=1.5
1244,95,alpha=1.5
1245,83,alpha=1.5
1246,105,alpha=1.5
1247,96,alpha=1.5
1248,89,alpha=1.5
1249,104,alpha=1.5
1250,122,alpha=1.5
1251,117,alpha=1.5
1252,108,alpha=1.5
1253,102,alpha=1.5
1254,104,alpha=1.5
1255,97,alpha=1.5
1256,99,alpha=1.5
1257,95,alpha=1.5
1258,115,alpha=1.5
1259,92,alpha=1.5
1260,94,alpha=1.5
1261,124,alpha=1.5
1262,98,alpha=1.5
1263,101,alpha=1.5
1264,92,alpha=1.5
1265,103,alpha=1.5
1266,123,alpha=1.5
1267,104,alpha=1.5
1268,94,alpha=1.5
1269,92,alpha=1.5
1270,111,alpha=1.5
1271,90,alpha=1.5
1272,103,alpha=1.5
1273,100,alpha=1.5
1274,101,alpha=1.5
1275,102,alpha=1.5
1276,97,alpha=1.5
1277,110,alpha=1.5
1278,86,alpha=1.5
1279,93,alpha=1.5
1280,104,alpha=1.5
1281,100,alpha=1.5
1282,101,alpha=1.5
1283,79,alpha=1.5
1284,99,alpha=1.5
1285,100,alpha=1.5
1286,96,alpha=1.5
1287,95,alpha=1.5
1288,111,alpha=1.5
1289,94,alpha=1.5
1290,112,alpha=1.5
1291,95,alpha=1.5
1292,108,alpha=1.5
1293,104,alpha=1.5
1294,111,alpha=1.5
1295,117,alpha=1.5
1296,99,alpha=1.5
1297,105,alpha=1.5
1298,82,alpha=1.5
1299,108,alpha=1.5
1300,91,alpha=1.5
1301,110,alpha=1.5
1302,143,alpha=1.5
1303,97,alpha=1.5
1304,98,alpha=1.5
1305,94,alpha=1.5
1306,99,alpha=1.5
1307,99,alpha=1.5
1308,89,alpha=1.5
1309,87,alpha=1.5
1310,111,alpha=1.5
1311,102,alpha=1.5
1312,110,alpha=1.5
1313,96,alpha=1.5
1314,97,alpha=1.5
1315,95,alpha=1.5
1316,83,alpha=1.5
1317,105,alpha=1.5
1318,89,alpha=1.5
1319,105,alpha=1.5
1320,94,alpha=1.5
1321,86,alpha=1.5
1322,110,alpha=1.5
1323,98,alpha=1.5
1324,109,alpha=1.5
1325,86,alpha=1.5
1326,102,alpha=1.5
1327,109,alpha=1.5
1328,90,alpha=1.5
1329,129,alpha=1.5
1330,101,alpha=1.5
1331,88,alpha=1.5
1332,88,alpha=1.5
1333,105,alpha=1.5
1334,123,alpha=1.5
1335,84,alpha=1.5
1336,97,alpha=1.5
1337,113,alpha=1.5
1338,113,alpha=1.5
1339,85,alpha=1.5
1340,93,alpha=1.5
1341,105,alpha=1.5
1342,99,alpha=1.5
1343,101,alpha=1.5
1344,102,alpha=1.5
1345,114,alpha=1.5
1346,80,alpha=1.5
1347,107,alpha=1.5
1348,117,alpha=1.5
1349,108,alpha=1.5
1350,105,alpha=1.5
1351,111,alpha=1.5
1352,111,alpha=1.5
1353,117,alpha=1.5
1354,110,alpha=1.5
1355,91,alpha=1.5
1356,92,alpha=1.5
1357,85,alpha=1.5
1358,105,alpha=1.5
1359,97,alpha=1.5
1360,112,alpha=1.5
1361,100,alpha=1.5
1362,97,alpha=1.5
1363,91,alpha=1.5
1364,105,alpha=1.5
1365,105,alpha=1.5
1366,96,alpha=1.5
1367,96,alpha=1.5
1368,93,alpha=1.5
1369,100,alpha=1.5
1370,119,alpha=1.5
1371,89,alpha=1.5
1372,97,alpha=1.5
1373,72,alpha=1.5
1374,120,alpha=1.5
1375,103,alpha=1.5
1376,104,alpha=1.5
1377,99,alpha=1.5
1378,103,alpha=1.5
1379,118,alpha=1.5
1380,108,alpha=1.5
1381,102,alpha=1.5
1382,98,alpha=1.5
1383,98,alpha=1.5
1384,113,alpha=1.5
1385,83,alpha=1.5
1386,100,alpha=1.5
1387,107,alpha=1.5
1388,91,alpha=1.5
1389,108,alpha=1.5
1390,84,alpha=1.5
1391,91,alpha=1.5
1392,103,alpha=1.5
1393,114,alpha=1.5
1394,117,alpha=1.5
1395,100,alpha=1.5
1396,89,alpha=1.5
1397,99,alpha=1.5
1398,79,alpha=1.5
1399,96,alpha=1.5
1400,95,alpha=1.5
1401,89,alpha=1.5
1402,101,alpha=1.5
1403,97,alpha=1.5
1404,108,alpha=1.5
1405,100,alpha=1.5
1406,108,alpha=1.5
1407,102,alpha=1.5
1408,79,alpha=1.5
1409,79,alpha=1.5
1410,108,alpha=1.5
1411,98,alpha=1.5
1412,116,alpha=1.5
1413,92,alpha=1.5
1414,91,alpha=1.5
1415,127,alpha=1.5
1416,100,alpha=1.5
1417,91,alpha=1.5
1418,101,alpha=1.5
1419,84,alpha=1.5
1420,89,alpha=1.5
1421,97,alpha=1.5
1422,86,alpha=1.5
1423,95,alpha=1.5
1424,94,alpha=1.5
1425,95,alpha=1.5
1426,121,alpha=1.5
1427,85,alpha=1.5
1428,101,alpha=1.5
1429,103,alpha=1.5
1430,100,alpha=1.5
1431,88,alpha=1.5
1432,97,alpha=1.5
1433,98,alpha=1.5
1434,94,alpha=1.5
1435,107,alpha=1.5
1436,96,alpha=1.5
1437,105,alpha=1.5
1438,102,alpha=1.5
1439,92,alpha=1.5
1440,101,alpha=1.5
1441,105,alpha=1.5
1442,95,alpha=1.5
1443,102,alpha=1.5
1444,97,alpha=1.5
1445,87,alpha=1.5
1446,106,alpha=1.5
1447,91,alpha=1.5
1448,107,alpha=1.5
1449,116,alpha=1.5
1450,92,alpha=1.5
1451,100,alpha=1.5
1452,112,alpha=1.5
1453,110,alpha=1.5
1454,101,alpha=1.5
1455,95,alpha=1.5
1456,98,alpha=1.5
1457,81,alpha=1.5
1458,95,alpha=1.5
1459,104,alpha=1.5
1460,104,alpha=1.5
1461,109,alpha=1.5
1462,108,alpha=1.5
1463,112,alpha=1.5
1464,99,alpha=1.5
1465,94,alpha=1.5
1466,111,alpha=1.5
1467,94,alpha=1.5
1468,93,alpha=1.5
1469,103,alpha=1.5
1470,107,alpha=1.5
1471,94,alpha=1.5
1472,100,alpha=1.5
1473,94,alpha=1.5
1474,110,alpha=1.5
1475,105,alpha=1.5
1476,100,alpha=1.5
1477,95,alpha=1.5
1478,93,alpha=1.5
1479,108,alpha=1.5
1480,91,alpha=1.5
1481,116,alpha=1.5
1482,84,alpha=1.5
1483,94,alpha=1.5
1484,97,alpha=1.5
1485,98,alpha=1.5
1486,104,alpha=1.5
1487,87,alpha=1.5
1488,95,alpha=1.5
1489,105,alpha=1.5
1490,94,alpha=1.5
1491,104,alpha=1.5
1492,89,alpha=1.5
1493,106,alpha=1.5
1494,87,alpha=1.5
1495,92,alpha=1.5
1496,105,alpha=1.5
1497,100,alpha=1.5
1498,115,alpha=1.5
1499,122,alpha=1.5
1500,111,alpha=1.5
1501,107,alpha=1.5
1502,97,alpha=1.5
1503,97,alpha=1.5
1504,110,alpha=1.5
1505,104,alpha=1.5
1506,94,alpha=1.5
1507,82,alpha=1.5
1508,97,alpha=1.5
1509,98,alpha=1.5
1510,116,alpha=1.5
1511,110,alpha=1.5
1512,107,alpha=1.5
1513,97,alpha=1.5
1514,91,alpha=1.5
1515,89,alpha=1.5
1516,96,alpha=1.5
1517,81,alpha=1.5
1518,103,alpha=1.5
1519,101,alpha=1.5
1520,98,alpha=1.5
1521,103,alpha=1.5
1522,112,alpha=1.5
1523,106,alpha=1.5
1524,94,alpha=1.5
1525,98,alpha=1.5
1526,103,alpha=1.5
1527,94,alpha=1.5
1528,98,alpha=1.5
1529,114,alpha=1.5
1530,114,alpha=1.5
1531,90,alpha=1.5
1532,85,alpha=1.5
1533,112,alpha=1.5
1534,107,alpha=1.5
1535,98,alpha=1.5
1536,105,alpha=1.5
1537,107,alpha=1.5
1538,102,alpha=1.5
1539,93,alpha=1.5
1540,107,alpha=1.5
1541,99,alpha=1.5
1542,106,alpha=1.5
1543,82,alpha=1.5
1544,99,alpha=1.5
1545,92,alpha=1.5
1546,122,alpha=1.5
1547,102,alpha=1.5
1548,130,alpha=1.5
1549,100,alpha=1.5
1550,101,alpha=1.5
1551,87,alpha=1.5
1552,89,alpha=1.5
1553,100,alpha=1.5
1554,90,alpha=1.5
1555,114,alpha=1.5
1556,105,alpha=1.5
1557,128,alpha=1.5
1558,84,alpha=1.5
1559,102,alpha=1.5
1560,91,alpha=1.5
1561,106,alpha=1.5
1562,92,alpha=1.5
1563,99,alpha=1.5
1564,110,alpha=1.5
1565,100,alpha=1.5
1566,103,alpha=1.5
1567,91,alpha=1.5
1568,92,alpha=1.5
1569,107,alpha=1.5
1570,100,alpha=1.5
1571,106,alpha=1.5
1572,105,alpha=1.5
1573,107,alpha=1.5
1574,73,alpha=1.5
1575,88,alpha=1.5
1576,79,alpha=1.5
1577,86,alpha=1.5
1578,102,alpha=1.5
1579,97,alpha=1.5
1580,95,alpha=1.5
1581,96,alpha=1.5
1582,90,alpha=1.5
1583,97,alpha=1.5
1584,87,alpha=1.5
1585,104,alpha=1.5
1586,113,alpha=1.5
1587,93,alpha=1.5
1588,95,alpha=1.5
1589,99,alpha=1.5
1590,97,alpha=1.5
1591,106,alpha=1.5
1592,90,alpha=1.5
1593,97,alpha=1.5
1594,101,alpha=1.5
1595,95,alpha=1.5
1596,95,alpha=1.5
1597,108,alpha=1.5
1598,78,alpha=1.5
1599,105,alpha=1.5
1600,96,alpha=1.5
1601,97,alpha=1.5
1602,109,alpha=1.5
1603,87,alpha=1.5
1604,109,alpha=1.5
1605,108,alpha=1.5
1606,112,alpha=1.5
1607,82,alpha=1.5
1608,102,alpha=1.5
1609,87,alpha=1.5
1610,112,alpha=1.5
1611,102,alpha=1.5
1612,82,alpha=1.5
1613,100,alpha=1.5
1614,96,alpha=1.5
1615,87,alpha=1.5
1616,100,alpha=1.5
1617,114,alpha=1.5
1618,95,alpha=1.5
1619,117,alpha=1.5
1620,104,alpha=1.5
1621,105,alpha=1.5
1622,103,alpha=1.5
1623,102,alpha=1.5
1624,107,alpha=1.5
1625,98,alpha=1.5
1626,114,alpha=1.5
1627,120,alpha=1.5
1628,104,alpha=1.5
1629,97,alpha=1.5
1630,87,alpha=1.5
1631,114,alpha=1.5
1632,92,alpha=1.5
1633,98,alpha=1.5
1634,83,alpha=1.5
1635,103,alpha=1.5
1636,108,alpha=1.5
1637,93,alpha=1.5
1638,111,alpha=1.5
1639,115,alpha=1.5
1640,96,alpha=1.5
1641,110,alpha=1.5
1642,101,alpha=1.5
1643,94,alpha=1.5
1644,103,alpha=1.5
1645,99,alpha=1.5
1646,109,alpha=1.5
1647,99,alpha=1.5
1648,93,alpha=1.5
1649,117,alpha=1.5
1650,107,alpha=1.5
1651,113,alpha=1.5
1652,100,alpha=1.5
1653,95,alpha=1.5
1654,84,alpha=1.5
1655,96,alpha=1.5
1656,103,alpha=1.5
1657,105,alpha=1.5
1658,98,alpha=1.5
1659,111,alpha=1.5
1660,100,alpha=1.5
1661,120,alpha=1.5
1662,95,alpha=1.5
1663,112,alpha=1.5
1664,91,alpha=1.5
1665,91,alpha=1.5
1666,105,alpha=1.5
1667,81,alpha=1.5
1668,108,alpha=1.5
1669,123,alpha=1.5
1670,95,alpha=1.5
1671,92,alpha=1.5
1672,103,alpha=1.5
1673,111,alpha=1.5
1674,92,alpha=1.5
1675,103,alpha=1.5
1676,90,alpha=1.5
1677,102,alpha=1.5
1678,123,alpha=1.5
1679,84,alpha=1.5
1680,97,alpha=1.5
1681,108,alpha=1.5
1682,97,alpha=1.5
1683,87,alpha=1.5
1684,99,alpha=1.5
1685,108,alpha=1.5
1686,102,alpha=1.5
1687,109,alpha=1.5
1688,84,alpha=1.5
1689,100,alpha=1.5
1690,98,alpha=1.5
1691,97,alpha=1.5
1692,97,alpha=1.5
1693,102,alpha=1.5
1694,109,alpha=1.5
1695,115,alpha=1.5
1696,114,alpha=1.5
1697,97,alpha=1.5
1698,100,alpha=1.5
1699,96,alpha=1.5
1700,118,alpha=1.5
1701,113,alpha=1.5
1702,91,alpha=1.5
1703,116,alpha=1.5
1704,106,alpha=1.5
1705,97,alpha=1.5
1706,113,alpha=1.5
1707,90,alpha=1.5
1708,86,alpha=1.5
1709,107,alpha=1.5
1710,115,alpha=1.5
1711,105,alpha=1.5
1712,83,alpha=1.5
1713,101,alpha=1.5
1714,84,alpha=1.5
1715,106,alpha=1.5
1716,96,alpha=1.5
1717,93,alpha=1.5
1718,99,alpha=1.5
1719,110,alpha=1.5
1720,95,alpha=1.5
1721,93,alpha=1.5
1722,106,alpha=1.5
1723,104,alpha=1.5
1724,82,alpha=1.5
1725,113,alpha=1.5
1726,101,alpha=1.5
1727,86,alpha=1.5
1728,109,alpha=1.5
1729,107,alpha=1.5
1730,99,alpha=1.5
1731,96,alpha=1.5
1732,100,alpha=1.5
1733,115,alpha=1.5
1734,94,alpha=1.5
1735,94,alpha=1.5
1736,104,alpha=1.5
1737,98,alpha=1.5
1738,102,alpha=1.5
1739,99,alpha=1.5
1740,96,alpha=1.5
1741,99,alpha=1.5
1742,102,alpha=1.5
1743,99,alpha=1.5
1744,116,alpha=1.5
1745,94,alpha=1.5
1746,108,alpha=1.5
1747,88,alpha=1.5
1748,104,alpha=1.5
1749,92,alpha=1.5
1750,86,alpha=1.5
1751,87,alpha=1.5
1752,114,alpha=1.5
1753,109,alpha=1.5
1754,87,alpha=1.5
1755,106,alpha=1.5
1756,106,alpha=1.5
1757,93,alpha=1.5
1758,103,alpha=1.5
1759,98,alpha=1.5
1760,116,alpha=1.5
1761,104,alpha=1.5
1762,103,alpha=1.5
1763,100,alpha=1.5
1764,100,alpha=1.5
1765,98,alpha=1.5
1766,107,alpha=1.5
1767,88,alpha=1.5
1768,84,alpha=1.5
1769,89,alpha=1.5
1770,86,alpha=1.5
1771,114,alpha=1.5
1772,94,alpha=1.5
1773,100,alpha=1.5
1774,103,alpha=1.5
1775,86,alpha=1.5
1776,111,alpha=1.5
1777,109,alpha=1.5
1778,96,alpha=1.5
1779,89,alpha=1.5
1780,96,alpha=1.5
1781,95,alpha=1.5
1782,85,alpha=1.5
1783,114,alpha=1.5
1784,94,alpha=1.5
1785,101,alpha=1.5
1786,108,alpha=1.5
1787,88,alpha=1.5
1788,110,alpha=1.5
1789,98,alpha=1.5
1790,91,alpha=1.5
1791,92,alpha=1.5
1792,107,alpha=1.5
1793,90,alpha=1.5
1794,87,alpha=1.5
1795,112,alpha=1.5
1796,99,alpha=1.5
1797,106,alpha=1.5
1798,84,alpha=1.5
1799,104,alpha=1.5
1800,101,alpha=1.5
1801,104,alpha=1.5
1802,87,alpha=1.5
1803,104,alpha=1.5
1804,101,alpha=1.5
1805,88,alpha=1.5
1806,110,alpha=1.5
1807,87,alpha=1.5
1808,85,alpha=1.5
1809,101,alpha=1.5
1810,102,alpha=1.5
1811,99,alpha=1.5
1812,95,alpha=1.5
1813,99,alpha=1.5
1814,95,alpha=1.5
1815,112,alpha=1.5
1816,86,alpha=1.5
1817,95,alpha=1.5
1818,70,alpha=1.5
1819,101,alpha=1.5
1820,109,alpha=1.5
1821,79,alpha=1.5
1822,98,alpha=1.5
1823,103,alpha=1.5
1824,96,alpha=1.5
1825,112,alpha=1.5
1826,91,alpha=1.5
1827,87,alpha=1.5
1828,88,alpha=1.5
1829,105,alpha=1.5
1830,98,alpha=1.5
1831,91,alpha=1.5
1832,101,alpha=1.5
1833,80,alpha=1.5
1834,85,alpha=1.5
1835,96,alpha=1.5
1836,96,alpha=1.5
1837,93,alpha=1.5
1838,99,alpha=1.5
1839,118,alpha=1.5
1840,95,alpha=1.5
1841,122,alpha=1.5
1842,97,alpha=1.5
1843,115,alpha=1.5
1844,89,alpha=1.5
1845,81,alpha=1.5
1846,107,alpha=1.5
1847,92,alpha=1.5
1848,101,alpha=1.5
1849,113,alpha=1.5
1850,108,alpha=1.5
1851,96,alpha=1.5
1852,109,alpha=1.5
1853,92,alpha=1.5
1854,116,alpha=1.5
1855,101,alpha=1.5
1856,112,alpha=1.5
1857,115,alpha=1.5
1858,88,alpha=1.5
1859,106,alpha=1.5
1860,108,alpha=1.5
1861,94,alpha=1.5
1862,100,alpha=1.5
1863,110,alpha=1.5
1864,92,alpha=1.5
1865,104,alpha=1.5
1866,87,alpha=1.5
1867,99,alpha=1.5
1868,115,alpha=1.5
1869,113,alpha=1.5
1870,88,alpha=1.5
1871,98,alpha=1.5
1872,98,alpha=1.5
1873,98,alpha=1.5
1874,86,alpha=1.5
1875,106,alpha=1.5
1876,95,alpha=1.5
1877,94,alpha=1.5
1878,95,alpha=1.5
1879,86,alpha=1.5
1880,105,alpha=1.5
1881,106,alpha=1.5
1882,93,alpha=1.5
1883,101,alpha=1.5
1884,88,alpha=1.5
1885,105,alpha=1.5
1886,108,alpha=1.5
1887,102,alpha=1.5
1888,96,alpha=1.5
1889,107,alpha=1.5
1890,105,alpha=1.5
1891,79,alpha=1.5
1892,106,alpha=1.5
1893,96,alpha=1.5
1894,106,alpha=1.5
1895,101,alpha=1.5
1896,112,alpha=1.5
1897,105,alpha=1.5
1898,95,alpha=1.5
1899,88,alpha=1.5
1900,103,alpha=1.5
1901,80,alpha=1.5
1902,112,alpha=1.5
1903,83,alpha=1.5
1904,86,alpha=1.5
1905,104,alpha=1.5
1906,101,alpha=1.5
1907,107,alpha=1.5
1908,105,alpha=1.5
1909,113,alpha=1.5
1910,120,alpha=1.5
1911,110,alpha=1.5
1912,112,alpha=1.5
1913,99,alpha=1.5
1914,100,alpha=1.5
1915,98,alpha=1.5
1916,114,alpha=1.5
1917,108,alpha=1.5
1918,120,alpha=1.5
1919,100,alpha=1.5
1920,112,alpha=1.5
1921,103,alpha=1.5
1922,91,alpha=1.5
1923,106,alpha=1.5
1924,103,alpha=1.5
1925,89,alpha=1.5
1926,124,alpha=1.5
1927,97,alpha=1.5
1928,100,alpha=1.5
1929,92,alpha=1.5
1930,89,alpha=1.5
1931,116,alpha=1.5
1932,101,alpha=1.5
1933,106,alpha=1.5
1934,109,alpha=1.5
1935,119,alpha=1.5
1936,99,alpha=1.5
1937,97,alpha=1.5
1938,109,alpha=1.5
1939,91,alpha=1.5
1940,107,alpha=1.5
1941,109,alpha=1.5
1942,121,alpha=1.5
1943,101,alpha=1.5
1944,90,alpha=1.5
1945,112,alpha=1.5
1946,126,alpha=1.5
1947,113,alpha=1.5
1948,109,alpha=1.5
1949,98,alpha=1.5
1950,99,alpha=1.5
1951,96,alpha=1.5
1952,103,alpha=1.5
1953,100,alpha=1.5
1954,124,alpha=1.5
1955,86,alpha=1.5
1956,99,alpha=1.5
1957,96,alpha=1.5
1958,94,alpha=1.5
1959,82,alpha=1.5
1960,76,alpha=1.5
1961,105,alpha=1.5
1962,97,alpha=1.5
1963,106,alpha=1.5
1964,120,alpha=1.5
1965,86,alpha=1.5
1966,93,alpha=1.5
1967,102,alpha=1.5
1968,97,alpha=1.5
1969,78,alpha=1.5
1970,95,alpha=1.5
1971,99,alpha=1.5
1972,109,alpha=1.5
1973,87,alpha=1.5
1974,102,alpha=1.5
1975,103,alpha=1.5
1976,99,alpha=1.5
1977,100,alpha=1.5
1978,95,alpha=1.5
1979,116,alpha=1.5
1980,84,alpha=1.5
1981,110,alpha=1.5
1982,95,alpha=1.5
1983,94,alpha=1.5
1984,106,alpha=1.5
1985,87,alpha=1.5
1986,92,alpha=1.5
1987,105,alpha=1.5
1988,109,alpha=1.5
1989,114,alpha=1.5
1990,99,alpha=1.5
1991,100,alpha=1.5
1992,96,alpha=1.5
1993,105,alpha=1.5
1994,86,alpha=1.5
1995,107,alpha=1.5
1996,107,alpha=1.5
1997,93,alpha=1.5
1998,104,alpha=1.5
1999,84,alpha=1.5
2000,110,alpha=1.5
2001,109,alpha=1.5
2002,109,alpha=1.5
2003,112,alpha=1.5
2004,95,alpha=1.5
2005,100,alpha=1.5
2006,89,alpha=1.5
2007,98,alpha=1.5
2008,106,alpha=1.5
2009,107,alpha=1.5
2010,85,alpha=1.5
2011,114,alpha=1.5
2012,97,alpha=1.5
2013,101,alpha=1.5
2014,95,alpha=1.5
2015,110,alpha=1.5
2016,116,alpha=1.5
2017,104,alpha=1.5
2018,97,alpha=1.5
2019,98,alpha=1.5
2020,101,alpha=1.5
2021,113,alpha=1.5
2022,102,alpha=1.5
2023,115,alpha=1.5
2024,80,alpha=1.5
2025,91,alpha=1.5
2026,86,alpha=1.5
2027,85,alpha=1.5
2028,99,alpha=1.5
2029,94,alpha=1.5
2030,96,alpha=1.5
2031,109,alpha=1.5
2032,93,alpha=1.5
2033,94,alpha=1.5
2034,102,alpha=1.5
2035,98,alpha=1.5
2036,95,alpha=1.5
2037,93,alpha=1.5
2038,113,alpha=1.5
2039,91,alpha=1.5
2040,124,alpha=1.5
2041,117,alpha=1.5
2042,92,alpha=1.5
2043,99,alpha=1.5
2044,97,alpha=1.5
2045,110,alpha=1.5
2046,91,alpha=1.5
2047,105,alpha=1.5
2048,115,alpha=1.5
2049,105,alpha=1.5
2050,101,alpha=1.5
2051,96,alpha=1.5
2052,83,alpha=1.5
2053,81,alpha=1.5
2054,99,alpha=1.5
2055,97,alpha=1.5
2056,85,alpha=1.5
2057,94,alpha=1.5
2058,103,alpha=1.5
2059,87,alpha=1.5
2060,106,alpha=1.5
2061,96,alpha=1.5
2062,112,alpha=1.5
2063,120,alpha=1.5
2064,98,alpha=1.5
2065,101,alpha=1.5
2066,107,alpha=1.5
2067,104,alpha=1.5
2068,96,alpha=1.5
2069,83,alpha=1.5
2070,96,alpha=1.5
2071,108,alpha=1.5
2072,85,alpha=1.5
2073,107,alpha=1.5
2074,103,alpha=1.5
2075,118,alpha=1.5
2076,82,alpha=1.5
2077,81,alpha=1.5
2078,103,alpha=1.5
2079,100,alpha=1.5
2080,104,alpha=1.5
2081,92,alpha=1.5
2082,85,alpha=1.5
2083,75,alpha=1.5
2084,100,alpha=1.5
2085,98,alpha=1.5
2086,95,alpha=1.5
2087,101,alpha=1.5
2088,85,alpha=1.5
2089,97,alpha=1.5
2090,91,alpha=1.5
2091,80,alpha=1.5
2092,101,alpha=1.5
2093,106,alpha=1.5
2094,98,alpha=1.5
2095,101,alpha=1.5
2096,86,alpha=1.5
2097,94,alpha=1.5
2098,98,alpha=1.5
2099,90,alpha=1.5
2100,100,alpha=1.5
2101,102,alpha=1.5
2102,117,alpha=1.5
2103,107,alpha=1.5
2104,85,alpha=1.5
2105,95,alpha=1.5
2106,103,alpha=1.5
2107,105,alpha=1.5
2108,97,alpha=1.5
2109,99,alpha=1.5
2110,88,alpha=1.5
2111,112,alpha=1.5
2112,100,alpha=1.5
2113,102,alpha=1.5
2114,103,alpha=1.5
2115,94,alpha=1.5
2116,99,alpha=1.5
2117,92,alpha=1.5
2118,106,alpha=1.5
2119,73,alpha=1.5
2120,114,alpha=1.5
2121,99,alpha=1.5
2122,94,alpha=1.5
2123,100,alpha=1.5
2124,111,alpha=1.5
2125,100,alpha=1.5
2126,104,alpha=1.5
2127,107,alpha=1.5
2128,97,alpha=1.5
2129,111,alpha=1.5
2130,114,alpha=1.5
2131,119,alpha=1.5
2132,104,alpha=1.5
2133,95,alpha=1.5
2134,87,alpha=1.5
2135,96,alpha=1.5
2136,99,alpha=1.5
2137,99,alpha=1.5
2138,83,alpha=1.5
2139,104,alpha=1.5
2140,91,alpha=1.5
2141,100,alpha=1.5
2142,103,alpha=1.5
2143,114,alpha=1.5
2144,121,alpha=1.5
2145,114,alpha=1.5
2146,98,alpha=1.5
2147,98,alpha=1.5
2148,104,alpha=1.5
2149,94,alpha=1.5
2150,104,alpha=1.5
2151,105,alpha=1.5
2152,120,alpha=1.5
2153,99,alpha=1.5
2154,82,alpha=1.5
2155,114,alpha=1.5
2156,96,alpha=1.5
2157,108,alpha=1.5
2158,97,alpha=1.5
2159,115,alpha=1.5
2160,91,alpha=1.5
2161,103,alpha=1.5
2162,104,alpha=1.5
2163,104,alpha=1.5
2164,121,alpha=1.5
2165,91,alpha=1.5
2166,97,alpha=1.5
2167,116,alpha=1.5
2168,103,alpha=1.5
2169,99,alpha=1.5
2170,118,alpha=1.5
2171,91,alpha=1.5
2172,97,alpha=1.5
2173,104,alpha=1.5
2174,90,alpha=1.5
2175,107,alpha=1.5
2176,82,alpha=1.5
2177,97,alpha=1.5
2178,101,alpha=1.5
2179,126,alpha=1.5
2180,113,alpha=1.5
2181,93,alpha=1.5
2182,98,alpha=1.5
2183,108,alpha=1.5
2184,103,alpha=1.5
2185,102,alpha=1.5
2186,105,alpha=1.5
2187,103,alpha=1.5
2188,98,alpha=1.5
2189,100,alpha=1.5
2190,86,alpha=1.5
2191,104,alpha=1.5
2192,93,alpha=1.5
2193,88,alpha=1.5
2194,86,alpha=1.5
2195,82,alpha=1.5
2196,110,alpha=1.5
2197,114,alpha=1.5
2198,102,alpha=1.5
2199,95,alpha=1.5
2200,80,alpha=1.5
2201,98,alpha=1.5
2202,100,alpha=1.5
2203,85,alpha=1.5
2204,97,alpha=1.5
2205,94,alpha=1.5
2206,102,alpha=1.5
2207,83,alpha=1.5
2208,106,alpha=1.5
2209,88,alpha=1.5
2210,98,alpha=1.5
2211,86,alpha=1.5
2212,88,alpha=1.5
2213,94,alpha=1.5
2214,108,alpha=1.5
2215,92,alpha=1.5
2216,97,alpha=1.5
2217,99,alpha=1.5
2218,91,alpha=1.5
2219,127,alpha=1.5
2220,93,alpha=1.5
2221,87,alpha=1.5
2222,103,alpha=1.5
2223,109,alpha=1.5
2224,111,alpha=1.5
2225,96,alpha=1.5
2226,85,alpha=1.5
2227,89,alpha=1.5
2228,107,alpha=1.5
2229,90,alpha=1.5
2230,110,alpha=1.5
2231,106,alpha=1.5
2232,89,alpha=1.5
2233,119,alpha=1.5
2234,127,alpha=1.5
2235,109,alpha=1.5
2236,96,alpha=1.5
2237,101,alpha=1.5
2238,107,alpha=1.5
2239,91,alpha=1.5
2240,107,alpha=1.5
2241,92,alpha=1.5
2242,105,alpha=1.5
2243,112,alpha=1.5
2244,121,alpha=1.5
2245,79,alpha=1.5
2246,107,alpha=1.5
2247,105,alpha=1.5
2248,100,alpha=1.5
2249,75,alpha=1.5
2250,101,alpha=1.5
2251,108,alpha=1.5
2252,119,alpha=1.5
2253,107,alpha=1.5
2254,117,alpha=1.5
2255,89,alpha=1.5
2256,108,alpha=1.5
2257,112,alpha=1.5
2258,109,alpha=1.5
2259,127,alpha=1.5
2260,110,alpha=1.5
2261,98,alpha=1.5
2262,86,alpha=1.5
2263,88,alpha=1.5
2264,106,alpha=1.5
2265,88,alpha=1.5
2266,103,alpha=1.5
2267,103,alpha=1.5
2268,98,alpha=1.5
2269,91,alpha=1.5
2270,74,alpha=1.5
2271,104,alpha=1.5
2272,101,alpha=1.5
2273,102,alpha=1.5
2274,92,alpha=1.5
2275,111,alpha=1.5
2276,79,alpha=1.5
2277,119,alpha=1.5
2278,93,alpha=1.5
2279,96,alpha=1.5
2280,82,alpha=1.5
2281,104,alpha=1.5
2282,96,alpha=1.5
2283,98,alpha=1.5
2284,116,alpha=1.5
2285,112,alpha=1.5
2286,111,alpha=1.5
2287,89,alpha=1.5
2288,105,alpha=1.5
2289,113,alpha=1.5
2290,85,alpha=1.5
2291,98,alpha=1.5
2292,107,alpha=1.5
2293,89,alpha=1.5
2294,107,alpha=1.5
2295,97,alpha=1.5
2296,103,alpha=1.5
2297,104,alpha=1.5
2298,89,alpha=1.5
2299,98,alpha=1.5
2300,106,alpha=1.5
2301,82,alpha=1.5
2302,107,alpha=1.5
2303,90,alpha=1.5
2304,95,alpha=1.5
2305,113,alpha=1.5
2306,108,alpha=1.5
2307,107,alpha=1.5
2308,82,alpha=1.5
2309,110,alpha=1.5
2310,94,alpha=1.5
2311,97,alpha=1.5
2312,97,alpha=1.5
2313,93,alpha=1.5
2314,96,alpha=1.5
2315,97,alpha=1.5
2316,97,alpha=1.5
2317,88,alpha=1.5
2318,102,alpha=1.5
2319,85,alpha=1.5
2320,103,alpha=1.5
2321,103,alpha=1.5
2322,88,alpha=1.5
2323,113,alpha=1.5
2324,98,alpha=1.5
2325,101,alpha=1.5
2326,110,alpha=1.5
2327,106,alpha=1.5
2328,111,alpha=1.5
2329,114,alpha=1.5
2330,97,alpha=1.5
2331,105,alpha=1.5
2332,87,alpha=1.5
2333,91,alpha=1.5
2334,96,alpha=1.5
2335,102,alpha=1.5
2336,101,alpha=1.5
2337,98,alpha=1.5
2338,104,alpha=1.5
2339,103,alpha=1.5
2340,113,alpha=1.5
2341,70,alpha=1.5
2342,90,alpha=1.5
2343,96,alpha=1.5
2344,87,alpha=1.5
2345,118,alpha=1.5
2346,105,alpha=1.5
2347,98,alpha=1.5
2348,89,alpha=1.5
2349,123,alpha=1.5
2350,104,alpha=1.5
2351,103,alpha=1.5
2352,94,alpha=1.5
2353,114,alpha=1.5
2354,116,alpha=1.5
2355,110,alpha=1.5
2356,100,alpha=1.5
2357,87,alpha=1.5
2358,106,alpha=1.5
2359,108,alpha=1.5
2360,96,alpha=1.5
2361,101,alpha=1.5
2362,95,alpha=1.5
2363,108,alpha=1.5
2364,113,alpha=1.5
2365,105,alpha=1.5
2366,113,alpha=1.5
2367,90,alpha=1.5
2368,83,alpha=1.5
2369,111,alpha=1.5
2370,103,alpha=1.5
2371,99,alpha=1.5
2372,116,alpha=1.5
2373,89,alpha=1.5
2374,98,alpha=1.5
2375,107,alpha=1.5
2376,102,alpha=1.5
2377,119,alpha=1.5
2378,89,alpha=1.5
2379,122,alpha=1.5
2380,102,alpha=1.5
2381,98,alpha=1.5
2382,119,alpha=1.5
2383,90,alpha=1.5
2384,122,alpha=1.5
2385,91,alpha=1.5
2386,87,alpha=1.5
2387,100,alpha=1.5
2388,96,alpha=1.5
2389,118,alpha=1.5
2390,117,alpha=1.5
2391,114,alpha=1.5
2392,105,alpha=1.5
2393,98,alpha=1.5
2394,104,alpha=1.5
2395,110,alpha=1.5
2396,98,alpha=1.5
2397,92,alpha=1.5
2398,106,alpha=1.5
2399,103,alpha=1.5
2400,93,alpha=1.5
2401,79,alpha=1.5
2402,89,alpha=1.5
2403,118,alpha=1.5
2404,119,alpha=1.5
2405,103,alpha=1.5
2406,90,alpha=1.5
2407,110,alpha=1.5
2408,111,alpha=1.5
2409,92,alpha=1.5
2410,102,alpha=1.5
2411,95,alpha=1.5
2412,96,alpha=1.5
2413,107,alpha=1.5
2414,106,alpha=1.5
2415,100,alpha=1.5
2416,109,alpha=1.5
2417,94,alpha=1.5
2418,109,alpha=1.5
2419,107,alpha=1.5
2420,101,alpha=1.5
2421,95,alpha=1.5
2422,83,alpha=1.5
2423,105,alpha=1.5
2424,97,alpha=1.5
2425,93,alpha=1.5
2426,79,alpha=1.5
2427,96,alpha=1.5
2428,99,alpha=1.5
2429,110,alpha=1.5
2430,111,alpha=1.5
2431,103,alpha=1.5
2432,101,alpha=1.5
2433,101,alpha=1.5
2434,88,alpha=1.5
2435,109,alpha=1.5
2436,116,alpha=1.5
2437,102,alpha=1.5
2438,99,alpha=1.5
2439,111,alpha=1.5
2440,92,alpha=1.5
2441,94,alpha=1.5
2442,112,alpha=1.5
2443,101,alpha=1.5
2444,97,alpha=1.5
2445,109,alpha=1.5
2446,104,alpha=1.5
2447,89,alpha=1.5
2448,103,alpha=1.5
2449,95,alpha=1.5
2450,107,alpha=1.5
2451,99,alpha=1.5
2452,87,alpha=1.5
2453,104,alpha=1.5
2454,98,alpha=1.5
2455,87,alpha=1.5
2456,122,alpha=1.5
2457,94,alpha=1.5
2458,101,alpha=1.5
2459,112,alpha=1.5
2460,103,alpha=1.5
2461,81,alpha=1.5
2462,110,alpha=1.5
2463,90,alpha=1.5
2464,109,alpha=1.5
2465,91,alpha=1.5
2466,108,alpha=1.5
2467,97,alpha=1.5
2468,114,alpha=1.5
2469,95,alpha=1.5
2470,94,alpha=1.5
2471,96,alpha=1.5
2472,111,alpha=1.5
2473,107,alpha=1.5
2474,87,alpha=1.5
2475,91,alpha=1.5
2476,102,alpha=1.5
2477,88,alpha=1.5
2478,97,alpha=1.5
2479,91,alpha=1.5
2480,89,alpha=1.5
2481,109,alpha=1.5
2482,103,alpha=1.5
2483,92,alpha=1.5
2484,102,alpha=1.5
2485,96,alpha=1.5
2486,86,alpha=1.5
2487,104,alpha=1.5
2488,92,alpha=1.5
2489,116,alpha=1.5
2490,110,alpha=1.5
2491,122,alpha=1.5
2492,94,alpha=1.5
2493,109,alpha=1.5
2494,97,alpha=1.5
2495,98,alpha=1.5
2496,89,alpha=1.5
2497,93,alpha=1.5
2498,99,alpha=1.5
2499,109,alpha=1.5
2500,100,alpha=1.5
2501,94,alpha=1.5
2502,110,alpha=1.5
2503,113,alpha=1.5
2504,97,alpha=1.5
2505,88,alpha=1.5
2506,102,alpha=1.5
2507,96,alpha=1.5
2508,91,alpha=1.5
2509,78,alpha=1.5
2510,101,alpha=1.5
2511,92,alpha=1.5
2512,93,alpha=1.5
2513,88,alpha=1.5
2514,94,alpha=1.5
2515,86,alpha=1.5
2516,102,alpha=1.5
2517,110,alpha=1.5
2518,101,alpha=1.5
2519,97,alpha=1.5
2520,85,alpha=1.5
2521,88,alpha=1.5
2522,113,alpha=1.5
2523,109,alpha=1.5
2524,93,alpha=1.5
2525,123,alpha=1.5
2526,90,alpha=1.5
2527,98,alpha=1.5
2528,114,alpha=1.5
2529,98,alpha=1.5
2530,104,alpha=1.5
2531,102,alpha=1.5
2532,105,alpha=1.5
2533,107,alpha=1.5
2534,96,alpha=1.5
2535,104,alpha=1.5
2536,104,alpha=1.5
2537,108,alpha=1.5
2538,100,alpha=1.5
2539,84,alpha=1.5
2540,107,alpha=1.5
2541,108,alpha=1.5
2542,91,alpha=1.5
2543,104,alpha=1.5
2544,86,alpha=1.5
2545,93,alpha=1.5
2546,106,alpha=1.5
2547,111,alpha=1.5
2548,101,alpha=1.5
2549,110,alpha=1.5
2550,88,alpha=1.5
2551,96,alpha=1.5
2552,102,alpha=1.5
2553,102,alpha=1.5
2554,92,alpha=1.5
2555,91,alpha=1.5
2556,90,alpha=1.5
2557,111,alpha=1.5
2558,112,alpha=1.5
2559,117,alpha=1.5
2560,95,alpha=1.5
2561,123,alpha=1.5
2562,94,alpha=1.5
2563,93,alpha=1.5
2564,96,alpha=1.5
2565,94,alpha=1.5
2566,90,alpha=1.5
2567,94,alpha=1.5
2568,97,alpha=1.5
2569,102,alpha=1.5
2570,104,alpha=1.5
2571,89,alpha=1.5
2572,100,alpha=1.5
2573,96,alpha=1.5
2574,102,alpha=1.5
2575,89,alpha=1.5
2576,86,alpha=1.5
2577,93,alpha=1.5
2578,109,alpha=1.5
2579,115,alpha=1.5
2580,107,alpha=1.5
2581,87,alpha=1.5
2582,97,alpha=1.5
2583,112,alpha=1.5
2584,100,alpha=1.5
2585,96,alpha=1.5
2586,98,alpha=1.5
2587,108,alpha=1.5
2588,90,alpha=1.5
2589,100,alpha=1.5
2590,106,alpha=1.5
2591,83,alpha=1.5
2592,107,alpha=1.5
2593,108,alpha=1.5
2594,95,alpha=1.5
2595,118,alpha=1.5
2596,102,alpha=1.5
2597,111,alpha=1.5
2598,115,alpha=1.5
2599,102,alpha=1.5
2600,96,alpha=1.5
2601,102,alpha=1.5
2602,97,alpha=1.5
2603,91,alpha=1.5
2604,107,alpha=1.5
2605,95,alpha=1.5
2606,102,alpha=1.5
2607,107,alpha=1.5
2608,98,alpha=1.5
2609,101,alpha=1.5
2610,99,alpha=1.5
2611,109,alpha=1.5
2612,92,alpha=1.5
2613,80,alpha=1.5
2614,105,alpha=1.5
2615,95,alpha=1.5
2616,105,alpha=1.5
2617,86,alpha=1.5
2618,99,alpha=1.5
2619,84,alpha=1.5
2620,101,alpha=1.5
2621,95,alpha=1.5
2622,99,alpha=1.5
2623,97,alpha=1.5
2624,98,alpha=1.5
2625,81,alpha=1.5
2626,108,alpha=1.5
2627,108,alpha=1.5
2628,110,alpha=1.5
2629,95,alpha=1.5
2630,98,alpha=1.5
2631,95,alpha=1.5
2632,98,alpha=1.5
2633,100,alpha=1.5
2634,99,alpha=1.5
2635,102,alpha=1.5
2636,80,alpha=1.5
2637,93,alpha=1.5
2638,93,alpha=1.5
2639,112,alpha=1.5
2640,101,alpha=1.5
2641,85,alpha=1.5
2642,122,alpha=1.5
2643,86,alpha=1.5
2644,112,alpha=1.5
2645,83,alpha=1.5
2646,93,alpha=1.5
2647,106,alpha=1.5
2648,105,alpha=1.5
2649,121,alpha=1.5
2650,99,alpha=1.5
2651,108,alpha=1.5
2652,101,alpha=1.5
2653,94,alpha=1.5
2654,84,alpha=1.5
2655,98,alpha=1.5
2656,86,alpha=1.5
2657,119,alpha=1.5
2658,87,alpha=1.5
2659,98,alpha=1.5
2660,105,alpha=1.5
2661,84,alpha=1.5
2662,100,alpha=1.5
2663,106,alpha=1.5
2664,81,alpha=1.5
2665,91,alpha=1.5
2666,82,alpha=1.5
2667,109,alpha=1.5
2668,103,alpha=1.5
2669,90,alpha=1.5
2670,96,alpha=1.5
2671,112,alpha=1.5
2672,109,alpha=1.5
2673,77,alpha=1.5
2674,82,alpha=1.5
2675,87,alpha=1.5
2676,81,alpha=1.5
2677,97,alpha=1.5
2678,86,alpha=1.5
2679,103,alpha=1.5
2680,114,alpha=1.5
2681,121,alpha=1.5
2682,106,alpha=1.5
2683,99,alpha=1.5
2684,107,alpha=1.5
2685,98,alpha=1.5
2686,102,alpha=1.5
2687,76,alpha=1.5
2688,83,alpha=1.5
2689,104,alpha=1.5
2690,102,alpha=1.5
2691,97,alpha=1.5
2692,91,alpha=1.5
2693,106,alpha=1.5
2694,99,alpha=1.5
2695,89,alpha=1.5
2696,105,alpha=1.5
2697,102,alpha=1.5
2698,119,alpha=1.5
2699,101,alpha=1.5
2700,119,alpha=1.5
2701,107,alpha=1.5
2702,93,alpha=1.5
2703,104,alpha=1.5
2704,93,alpha=1.5
2705,96,alpha=1.5
2706,94,alpha=1.5
2707,115,alpha=1.5
2708,103,alpha=1.5
2709,106,alpha=1.5
2710,101,alpha=1.5
2711,100,alpha=1.5
2712,92,alpha=1.5
2713,96,alpha=1.5
2714,103,alpha=1.5
2715,108,alpha=1.5
2716,91,alpha=1.5
2717,94,alpha=1.5
2718,98,alpha=1.5
2719,114,alpha=1.5
2720,96,alpha=1.5
2721,96,alpha=1.5
2722,105,alpha=1.5
2723,92,alpha=1.5
2724,115,alpha=1.5
2725,96,alpha=1.5
2726,92,alpha=1.5
2727,126,alpha=1.5
2728,93,alpha=1.5
2729,106,alpha=1.5
2730,99,alpha=1.5
2731,82,alpha=1.5
2732,90,alpha=1.5
2733,97,alpha=1.5
2734,106,alpha=1.5
2735,110,alpha=1.5
2736,101,alpha=1.5
2737,98,alpha=1.5
2738,98,alpha=1.5
2739,100,alpha=1.5
2740,99,alpha=1.5
2741,112,alpha=1.5
2742,87,alpha=1.5
2743,92,alpha=1.5
2744,105,alpha=1.5
2745,104,alpha=1.5
2746,114,alpha=1.5
2747,93,alpha=1.5
2748,94,alpha=1.5
2749,109,alpha=1.5
2750,93,alpha=1.5
2751,105,alpha=1.5
2752,88,alpha=1.5
2753,105,alpha=1.5
2754,98,alpha=1.5
2755,114,alpha=1.5
2756,106,alpha=1.5
2757,73,alpha=1.5
2758,91,alpha=1.5
2759,112,alpha=1.5
2760,101,alpha=1.5
2761,102,alpha=1.5
2762,75,alpha=1.5
2763,92,alpha=1.5
2764,86,alpha=1.5
2765,102,alpha=1.5
2766,95,alpha=1.5
2767,90,alpha=1.5
2768,89,alpha=1.5
2769,104,alpha=1.5
2770,104,alpha=1.5
2771,104,alpha=1.5
2772,98,alpha=1.5
2773,106,alpha=1.5
2774,103,alpha=1.5
2775,103,alpha=1.5
2776,88,alpha=1.5
2777,101,alpha=1.5
2778,88,alpha=1.5
2779,105,alpha=1.5
2780,106,alpha=1.5
2781,91,alpha=1.5
2782,107,alpha=1.5
2783,88,alpha=1.5
2784,95,alpha=1.5
2785,96,alpha=1.5
2786,86,alpha=1.5
2787,98,alpha=1.5
2788,94,alpha=1.5
2789,92,alpha=1.5
2790,116,alpha=1.5
2791,100,alpha=1.5
2792,83,alpha=1.5
2793,79,alpha=1.5
2794,108,alpha=1.5
2795,91,alpha=1.5
2796,125,alpha=1.5
2797,90,alpha=1.5
2798,115,alpha=1.5
2799,100,alpha=1.5
2800,90,alpha=1.5
2801,105,alpha=1.5
2802,90,alpha=1.5
2803,86,alpha=1.5
2804,89,alpha=1.5
2805,93,alpha=1.5
2806,98,alpha=1.5
2807,91,alpha=1.5
2808,112,alpha=1.5
2809,111,alpha=1.5
2810,107,alpha=1.5
2811,119,alpha=1.5
2812,84,alpha=1.5
2813,85,alpha=1.5
2814,119,alpha=1.5
2815,100,alpha=1.5
2816,96,alpha=1.5
2817,84,alpha=1.5
2818,119,alpha=1.5
2819,109,alpha=1.5
2820,105,alpha=1.5
2821,108,alpha=1.5
2822,114,alpha=1.5
2823,101,alpha=1.5
2824,96,alpha=1.5
2825,99,alpha=1.5
2826,85,alpha=1.5
2827,110,alpha=1.5
2828,105,alpha=1.5
2829,105,alpha=1.5
2830,85,alpha=1.5
2831,98,alpha=1.5
2832,116,alpha=1.5
2833,90,alpha=1.5
2834,119,alpha=1.5
2835,97,alpha=1.5
2836,85,alpha=1.5
2837,88,alpha=1.5
2838,102,alpha=1.5
2839,111,alpha=1.5
2840,105,alpha=1.5
2841,100,alpha=1.5
2842,107,alpha=1.5
2843,91,alpha=1.5
2844,99,alpha=1.5
2845,98,alpha=1.5
2846,122,alpha=1.5
2847,103,alpha=1.5
2848,87,alpha=1.5
2849,124,alpha=1.5
2850,112,alpha=1.5
2851,97,alpha=1.5
2852,103,alpha=1.5
2853,86,alpha=1.5
2854,89,alpha=1.5
2855,89,alpha=1.5
2856,96,alpha=1.5
2857,96,alpha=1.5
2858,93,alpha=1.5
2859,88,alpha=1.5
2860,85,alpha=1.5
2861,101,alpha=1.5
2862,97,alpha=1.5
2863,93,alpha=1.5
2864,98,alpha=1.5
2865,97,alpha=1.5
2866,91,alpha=1.5
2867,95,alpha=1.5
2868,86,alpha=1.5
2869,104,alpha=1.5
2870,91,alpha=1.5
2871,111,alpha=1.5
2872,96,alpha=1.5
2873,88,alpha=1.5
2874,107,alpha=1.5
2875,109,alpha=1.5
2876,111,alpha=1.5
2877,94,alpha=1.5
2878,122,alpha=1.5
2879,98,alpha=1.5
2880,88,alpha=1.5
2881,125,alpha=1.5
2882,97,alpha=1.5
2883,113,alpha=1.5
2884,110,alpha=1.5
2885,98,alpha=1.5
2886,101,alpha=1.5
2887,96,alpha=1.5
2888,112,alpha=1.5
2889,97,alpha=1.5
2890,90,alpha=1.5
2891,91,alpha=1.5
2892,83,alpha=1.5
2893,104,alpha=1.5
2894,95,alpha=1.5
2895,105,alpha=1.5
2896,97,alpha=1.5
2897,114,alpha=1.5
2898,95,alpha=1.5
2899,101,alpha=1.5
2900,96,alpha=1.5
2901,119,alpha=1.5
2902,127,alpha=1.5
2903,98,alpha=1.5
2904,98,alpha=1.5
2905,117,alpha=1.5
2906,106,alpha=1.5
2907,107,alpha=1.5
2908,108,alpha=1.5
2909,109,alpha=1.5
2910,114,alpha=1.5
2911,110,alpha=1.5
2912,104,alpha=1.5
2913,105,alpha=1.5
2914,103,alpha=1.5
2915,99,alpha=1.5
2916,103,alpha=1.5
2917,95,alpha=1.5
2918,102,alpha=1.5
2919,99,alpha=1.5
2920,104,alpha=1.5
2921,97,alpha=1.5
2922,100,alpha=1.5
2923,102,alpha=1.5
2924,112,alpha=1.5
2925,100,alpha=1.5
2926,95,alpha=1.5
2927,103,alpha=1.5
2928,99,alpha=1.5
2929,95,alpha=1.5
2930,110,alpha=1.5
2931,93,alpha=1.5
2932,88,alpha=1.5
2933,93,alpha=1.5
2934,113,alpha=1.5
2935,98,alpha=1.5
2936,103,alpha=1.5
2937,87,alpha=1.5
2938,110,alpha=1.5
2939,83,alpha=1.5
2940,90,alpha=1.5
2941,86,alpha=1.5
2942,101,alpha=1.5
2943,96,alpha=1.5
2944,91,alpha=1.5
2945,107,alpha=1.5
2946,112,alpha=1.5
2947,97,alpha=1.5
2948,106,alpha=1.5
2949,100,alpha=1.5
2950,103,alpha=1.5
2951,105,alpha=1.5
2952,100,alpha=1.5
2953,108,alpha=1.5
2954,98,alpha=1.5
2955,102,alpha=1.5
2956,97,alpha=1.5
2957,104,alpha=1.5
2958,110,alpha=1.5
2959,93,alpha=1.5
2960,111,alpha=1.5
2961,100,alpha=1.5
2962,107,alpha=1.5
2963,109,alpha=1.5
2964,87,alpha=1.5
2965,106,alpha=1.5
2966,86,alpha=1.5
2967,90,alpha=1.5
2968,97,alpha=1.5
2969,104,alpha=1.5
2970,99,alpha=1.5
2971,106,alpha=1.5
2972,100,alpha=1.5
2973,114,alpha=1.5
2974,114,alpha=1.5
2975,90,alpha=1.5
2976,98,alpha=1.5
2977,82,alpha=1.5
2978,84,alpha=1.5
2979,96,alpha=1.5
2980,92,alpha=1.5
2981,100,alpha=1.5
2982,98,alpha=1.5
2983,107,alpha=1.5
2984,108,alpha=1.5
2985,98,alpha=1.5
2986,84,alpha=1.5
2987,104,alpha=1.5
2988,113,alpha=1.5
2989,107,alpha=1.5
2990,121,alpha=1.5
2991,75,alpha=1.5
2992,114,alpha=1.5
2993,103,alpha=1.5
2994,89,alpha=1.5
2995,94,alpha=1.5
2996,98,alpha=1.5
2997,106,alpha=1.5
2998,108,alpha=1.5
2999,114,alpha=1.5
3000,86,alpha=1.5
3001,89,alpha=1.5
3002,104,alpha=1.5
3003,124,alpha=1.5
3004,128,alpha=1.5
3005,91,alpha=1.5
3006,99,alpha=1.5
3007,94,alpha=1.5
3008,92,alpha=1.5
3009,109,alpha=1.5
3010,99,alpha=1.5
3011,97,alpha=1.5
3012,100,alpha=1.5
3013,100,alpha=1.5
3014,99,alpha=1.5
3015,102,alpha=1.5
3016,94,alpha=1.5
3017,100,alpha=1.5
3018,104,alpha=1.5
3019,85,alpha=1.5
3020,99,alpha=1.5
3021,88,alpha=1.5
3022,109,alpha=1.5
3023,100,alpha=1.5
3024,89,alpha=1.5
3025,103,alpha=1.5
3026,116,alpha=1.5
3027,100,alpha=1.5
3028,90,alpha=1.5
3029,99,alpha=1.5
3030,91,alpha=1.5
3031,110,alpha=1.5
3032,97,alpha=1.5
3033,88,alpha=1.5
3034,100,alpha=1.5
3035,81,alpha=1.5
3036,100,alpha=1.5
3037,85,alpha=1.5
3038,80,alpha=1.5
3039,98,alpha=1.5
3040,95,alpha=1.5
3041,117,alpha=1.5
3042,85,alpha=1.5
3043,93,alpha=1.5
3044,94,alpha=1.5
3045,89,alpha=1.5
3046,87,alpha=1.5
3047,112,alpha=1.5
3048,99,alpha=1.5
3049,109,alpha=1.5
3050,100,alpha=1.5
3051,103,alpha=1.5
3052,114,alpha=1.5
3053,105,alpha=1.5
3054,94,alpha=1.5
3055,89,alpha=1.5
3056,104,alpha=1.5
3057,92,alpha=1.5
3058,100,alpha=1.5
3059,81,alpha=1.5
3060,108,alpha=1.5
3061,99,alpha=1.5
3062,106,alpha=1.5
3063,98,alpha=1.5
3064,93,alpha=1.5
3065,99,alpha=1.5
3066,104,alpha=1.5
3067,97,alpha=1.5
3068,105,alpha=1.5
3069,97,alpha=1.5
3070,120,alpha=1.5
3071,92,alpha=1.5
3072,101,alpha=1.5
3073,96,alpha=1.5
3074,81,alpha=1.5
3075,87,alpha=1.5
3076,95,alpha=1.5
3077,88,alpha=1.5
3078,106,alpha=1.5
3079,89,alpha=1.5
3080,124,alpha=1.5
3081,115,alpha=1.5
3082,128,alpha=1.5
3083,94,alpha=1.5
3084,119,alpha=1.5
3085,104,alpha=1.5
3086,93,alpha=1.5
3087,100,alpha=1.5
3088,89,alpha=1.5
3089,98,alpha=1.5
3090,82,alpha=1.5
3091,111,alpha=1.5
3092,107,alpha=1.5
3093,91,alpha=1.5
3094,109,alpha=1.5
3095,111,alpha=1.5
3096,90,alpha=1.5
3097,96,alpha=1.5
3098,113,alpha=1.5
3099,104,alpha=1.5
3100,107,alpha=1.5
3101,101,alpha=1.5
3102,97,alpha=1.5
3103,104,alpha=1.5
3104,121,alpha=1.5
3105,93,alpha=1.5
3106,123,alpha=1.5
3107,108,alpha=1.5
3108,100,alpha=1.5
3109,108,alpha=1.5
3110,88,alpha=1.5
3111,108,alpha=1.5
3112,97,alpha=1.5
3113,93,alpha=1.5
3114,102,alpha=1.5
3115,92,alpha=1.5
3116,112,alpha=1.5
3117,104,alpha=1.5
3118,93,alpha=1.5
3119,90,alpha=1.5
3120,102,alpha=1.5
3121,110,alpha=1.5
3122,107,alpha=1.5
3123,95,alpha=1.5
3124,116,alpha=1.5
3125,102,alpha=1.5
3126,86,alpha=1.5
3127,95,alpha=1.5
3128,113,alpha=1.5
3129,91,alpha=1.5
3130,102,alpha=1.5
3131,89,alpha=1.5
3132,104,alpha=1.5
3133,109,alpha=1.5
3134,102,alpha=1.5
3135,93,alpha=1.5
3136,100,alpha=1.5
3137,98,alpha=1.5
3138,106,alpha=1.5
3139,103,alpha=1.5
3140,105,alpha=1.5
3141,107,alpha=1.5
3142,106,alpha=1.5
3143,110,alpha=1.5
3144,92,alpha=1.5
3145,84,alpha=1.5
3146,99,alpha=1.5
3147,104,alpha=1.5
3148,106,alpha=1.5
3149,86,alpha=1.5
3150,93,alpha=1.5
3151,96,alpha=1.5
3152,115,alpha=1.5
3153,108,alpha=1.5
3154,96,alpha=1.5
3155,92,alpha=1.5
3156,94,alpha=1.5
3157,94,alpha=1.5
3158,105,alpha=1.5
3159,100,alpha=1.5
3160,81,alpha=1.5
3161,86,alpha=1.5
3162,87,alpha=1.5
3163,107,alpha=1.5
3164,86,alpha=1.5
3165,96,alpha=1.5
3166,98,alpha=1.5
3167,108,alpha=1.5
3168,92,alpha=1.5
3169,91,alpha=1.5
3170,97,alpha=1.5
3171,89,alpha=1.5
3172,106,alpha=1.5
3173,119,alpha=1.5
3174,130,alpha=1.5
3175,116,alpha=1.5
3176,124,alpha=1.5
3177,89,alpha=1.5
3178,120,alpha=1.5
3179,94,alpha=1.5
3180,97,alpha=1.5
3181,101,alpha=1.5
3182,98,alpha=1.5
3183,104,alpha=1.5
3184,102,alpha=1.5
3185,85,alpha=1.5
3186,122,alpha=1.5
3187,98,alpha=1.5
3188,96,alpha=1.5
3189,105,alpha=1.5
3190,110,alpha=1.5
3191,96,alpha=1.5
3192,104,alpha=1.5
3193,109,alpha=1.5
3194,86,alpha=1.5
3195,108,alpha=1.5
3196,112,alpha=1.5
3197,88,alpha=1.5
3198,87,alpha=1.5
3199,105,alpha=1.5
3200,104,alpha=1.5
3201,91,alpha=1.5
3202,121,alpha=1.5
3203,99,alpha=1.5
3204,100,alpha=1.5
3205,107,alpha=1.5
3206,89,alpha=1.5
3207,93,alpha=1.5
3208,97,alpha=1.5
3209,98,alpha=1.5
3210,99,alpha=1.5
3211,91,alpha=1.5
3212,107,alpha=1.5
3213,96,alpha=1.5
3214,82,alpha=1.5
3215,110,alpha=1.5
3216,108,alpha=1.5
3217,103,alpha=1.5
3218,90,alpha=1.5
3219,96,alpha=1.5
3220,99,alpha=1.5
3221,102,alpha=1.5
3222,105,alpha=1.5
3223,108,alpha=1.5
3224,106,alpha=1.5
3225,102,alpha=1.5
3226,87,alpha=1.5
3227,109,alpha=1.5
3228,95,alpha=1.5
3229,115,alpha=1.5
3230,99,alpha=1.5
3231,83,alpha=1.5
3232,116,alpha=1.5
3233,79,alpha=1.5
3234,105,alpha=1.5
3235,96,alpha=1.5
3236,118,alpha=1.5
3237,112,alpha=1.5
3238,85,alpha=1.5
3239,116,alpha=1.5
3240,95,alpha=1.5
3241,99,alpha=1.5
3242,114,alpha=1.5
3243,115,alpha=1.5
3244,84,alpha=1.5
3245,105,alpha=1.5
3246,90,alpha=1.5
3247,109,alpha=1.5
3248,102,alpha=1.5
3249,100,alpha=1.5
3250,93,alpha=1.5
3251,104,alpha=1.5
3252,100,alpha=1.5
3253,94,alpha=1.5
3254,97,alpha=1.5
3255,113,alpha=1.5
3256,106,alpha=1.5
3257,102,alpha=1.5
3258,105,alpha=1.5
3259,82,alpha=1.5
3260,105,alpha=1.5
3261,105,alpha=1.5
3262,105,alpha=1.5
3263,105,alpha=1.5
3264,99,alpha=1.5
3265,98,alpha=1.5
3266,98,alpha=1.5
3267,121,alpha=1.5
3268,118,alpha=1.5
3269,90,alpha=1.5
3270,115,alpha=1.5
3271,91,alpha=1.5
3272,85,alpha=1.5
3273,84,alpha=1.5
3274,95,alpha=1.5
3275,95,alpha=1.5
3276,93,alpha=1.5
3277,114,alpha=1.5
3278,108,alpha=1.5
3279,96,alpha=1.5
3280,89,alpha=1.5
3281,103,alpha=1.5
3282,101,alpha=1.5
3283,99,alpha=1.5
3284,113,alpha=1.5
3285,97,alpha=1.5
3286,90,alpha=1.5
3287,103,alpha=1.5
3288,79,alpha=1.5
3289,87,alpha=1.5
3290,106,alpha=1.5
3291,97,alpha=1.5
3292,97,alpha=1.5
3293,108,alpha=1.5
3294,113,alpha=1.5
3295,111,alpha=1.5
3296,121,alpha=1.5
3297,100,alpha=1.5
3298,106,alpha=1.5
3299,104,alpha=1.5
3300,108,alpha=1.5
3301,103,alpha=1.5
3302,94,alpha=1.5
3303,99,alpha=1.5
3304,97,alpha=1.5
3305,96,alpha=1.5
3306,99,alpha=1.5
3307,88,alpha=1.5
3308,108,alpha=1.5
3309,94,alpha=1.5
3310,103,alpha=1.5
3311,94,alpha=1.5
3312,99,alpha=1.5
3313,88,alpha=1.5
3314,102,alpha=1.5
3315,92,alpha=1.5
3316,117,alpha=1.5
3317,97,alpha=1.5
3318,98,alpha=1.5
3319,99,alpha=1.5
3320,99,alpha=1.5
3321,94,alpha=1.5
3322,97,alpha=1.5
3323,95,alpha=1.5
3324,96,alpha=1.5
3325,96,alpha=1.5
3326,97,alpha=1.5
3327,102,alpha=1.5
3328,103,alpha=1.5
3329,102,alpha=1.5
3330,85,alpha=1.5
3331,92,alpha=1.5
3332,111,alpha=1.5
3333,90,alpha=1.5
3334,114,alpha=1.5
3335,103,alpha=1.5
3336,80,alpha=1.5
3337,98,alpha=1.5
3338,105,alpha=1.5
3339,110,alpha=1.5
3340,102,alpha=1.5
3341,97,alpha=1.5
3342,106,alpha=1.5
3343,89,alpha=1.5
3344,110,alpha=1.5
3345,89,alpha=1.5
3346,101,alpha=1.5
3347,113,alpha=1.5
3348,87,alpha=1.5
3349,112,alpha=1.5
3350,96,alpha=1.5
3351,101,alpha=1.5
3352,79,alpha=1.5
3353,108,alpha=1.5
3354,103,alpha=1.5
3355,84,alpha=1.5
3356,100,alpha=1.5
3357,85,alpha=1.5
3358,110,alpha=1.5
3359,110,alpha=1.5
3360,83,alpha=1.5
3361,99,alpha=1.5
3362,92,alpha=1.5
3363,109,alpha=1.5
3364,106,alpha=1.5
3365,82,alpha=1.5
3366,98,alpha=1.5
3367,91,alpha=1.5
3368,95,alpha=1.5
3369,82,alpha=1.5
3370,83,alpha=1.5
3371,84,alpha=1.5
3372,97,alpha=1.5
3373,100,alpha=1.5
3374,111,alpha=1.5
3375,92,alpha=1.5
3376,122,alpha=1.5
3377,85,alpha=1.5
3378,115,alpha=1.5
3379,96,alpha=1.5
3380,91,alpha=1.5
3381,89,alpha=1.5
3382,117,alpha=1.5
3383,105,alpha=1.5
3384,86,alpha=1.5
3385,97,alpha=1.5
3386,106,alpha=1.5
3387,94,alpha=1.5
3388,109,alpha=1.5
3389,85,alpha=1.5
3390,115,alpha=1.5
3391,94,alpha=1.5
3392,101,alpha=1.5
3393,122,alpha=1.5
3394,102,alpha=1.5
3395,102,alpha=1.5
3396,104,alpha=1.5
3397,99,alpha=1.5
3398,104,alpha=1.5
3399,97,alpha=1.5
3400,91,alpha=1.5
3401,102,alpha=1.5
3402,95,alpha=1.5
3403,113,alpha=1.5
3404,84,alpha=1.5
3405,104,alpha=1.5
3406,116,alpha=1.5
3407,94,alpha=1.5
3408,101,alpha=1.5
3409,112,alpha=1.5
3410,103,alpha=1.5
3411,123,alpha=1.5
3412,102,alpha=1.5
3413,119,alpha=1.5
3414,103,alpha=1.5
3415,76,alpha=1.5
3416,100,alpha=1.5
3417,103,alpha=1.5
3418,117,alpha=1.5
3419,98,alpha=1.5
3420,96,alpha=1.5
3421,95,alpha=1.5
3422,89,alpha=1.5
3423,98,alpha=1.5
3424,99,alpha=1.5
3425,103,alpha=1.5
3426,94,alpha=1.5
3427,98,alpha=1.5
3428,82,alpha=1.5
3429,93,alpha=1.5
3430,109,alpha=1.5
3431,96,alpha=1.5
3432,94,alpha=1.5
3433,102,alpha=1.5
3434,109,alpha=1.5
3435,92,alpha=1.5
3436,102,alpha=1.5
3437,111,alpha=1.5
3438,117,alpha=1.5
3439,105,alpha=1.5
3440,99,alpha=1.5
3441,102,alpha=1.5
3442,90,alpha=1.5
3443,101,alpha=1.5
3444,91,alpha=1.5
3445,101,alpha=1.5
3446,109,alpha=1.5
3447,97,alpha=1.5
3448,95,alpha=1.5
3449,93,alpha=1.5
3450,87,alpha=1.5
3451,80,alpha=1.5
3452,108,alpha=1.5
3453,82,alpha=1.5
3454,82,alpha=1.5
3455,116,alpha=1.5
3456,91,alpha=1.5
3457,102,alpha=1.5
3458,91,alpha=1.5
3459,86,alpha=1.5
3460,85,alpha=1.5
3461,104,alpha=1.5
3462,89,alpha=1.5
3463,114,alpha=1.5
3464,99,alpha=1.5
3465,95,alpha=1.5
3466,105,alpha=1.5
3467,98,alpha=1.5
3468,89,alpha=1.5
3469,108,alpha=1.5
3470,86,alpha=1.5
3471,114,alpha=1.5
3472,106,alpha=1.5
3473,97,alpha=1.5
3474,100,alpha=1.5
3475,105,alpha=1.5
3476,93,alpha=1.5
3477,85,alpha=1.5
3478,114,alpha=1.5
3479,96,alpha=1.5
3480,100,alpha=1.5
3481,125,alpha=1.5
3482,88,alpha=1.5
3483,113,alpha=1.5
3484,100,alpha=1.5
3485,100,alpha=1.5
3486,102,alpha=1.5
3487,105,alpha=1.5
3488,113,alpha=1.5
3489,93,alpha=1.5
3490,101,alpha=1.5
3491,96,alpha=1.5
3492,102,alpha=1.5
3493,89,alpha=1.5
3494,80,alpha=1.5
3495,91,alpha=1.5
3496,117,alpha=1.5
3497,104,alpha=1.5
3498,108,alpha=1.5
3499,92,alpha=1.5
3500,88,alpha=1.5
3501,100,alpha=1.5
3502,98,alpha=1.5
3503,104,alpha=1.5
3504,101,alpha=1.5
3505,96,alpha=1.5
3506,101,alpha=1.5
3507,122,alpha=1.5
3508,107,alpha=1.5
3509,93,alpha=1.5
3510,93,alpha=1.5
3511,114,alpha=1.5
3512,98,alpha=1.5
3513,83,alpha=1.5
3514,106,alpha=1.5
3515,137,alpha=1.5
3516,88,alpha=1.5
3517,97,alpha=1.5
3518,98,alpha=1.5
3519,95,alpha=1.5
3520,96,alpha=1.5
3521,102,alpha=1.5
3522,103,alpha=1.5
3523,91,alpha=1.5
3524,100,alpha=1.5
3525,109,alpha=1.5
3526,102,alpha=1.5
3527,97,alpha=1.5
3528,94,alpha=1.5
3529,100,alpha=1.5
3530,84,alpha=1.5
3531,92,alpha=1.5
3532,100,alpha=1.5
3533,108,alpha=1.5
3534,102,alpha=1.5
3535,109,alpha=1.5
3536,104,alpha=1.5
3537,91,alpha=1.5
3538,121,alpha=1.5
3539,112,alpha=1.5
3540,79,alpha=1.5
3541,93,alpha=1.5
3542,106,alpha=1.5
3543,86,alpha=1.5
3544,82,alpha=1.5
3545,106,alpha=1.5
3546,98,alpha=1.5
3547,83,alpha=1.5
3548,94,alpha=1.5
3549,86,alpha=1.5
3550,94,alpha=1.5
3551,99,alpha=1.5
3552,103,alpha=1.5
3553,96,alpha=1.5
3554,97,alpha=1.5
3555,94,alpha=1.5
3556,86,alpha=1.5
3557,126,alpha=1.5
3558,99,alpha=1.5
3559,131,alpha=1.5
3560,113,alpha=1.5
3561,101,alpha=1.5
3562,95,alpha=1.5
3563,91,alpha=1.5
3564,99,alpha=1.5
3565,88,alpha=1.5
3566,85,alpha=1.5
3567,89,alpha=1.5
3568,98,alpha=1.5
3569,99,alpha=1.5
3570,88,alpha=1.5
3571,94,alpha=1.5
3572,105,alpha=1.5
3573,96,alpha=1.5
3574,110,alpha=1.5
3575,94,alpha=1.5
3576,92,alpha=1.5
3577,93,alpha=1.5
3578,99,alpha=1.5
3579,105,alpha=1.5
3580,115,alpha=1.5
3581,95,alpha=1.5
3582,102,alpha=1.5
3583,121,alpha=1.5
3584,106,alpha=1.5
3585,97,alpha=1.5
3586,98,alpha=1.5
3587,102,alpha=1.5
3588,79,alpha=1.5
3589,112,alpha=1.5
3590,107,alpha=1.5
3591,103,alpha=1.5
3592,100,alpha=1.5
3593,87,alpha=1.5
3594,93,alpha=1.5
3595,98,alpha=1.5
3596,100,alpha=1.5
3597,82,alpha=1.5
3598,104,alpha=1.5
3599,111,alpha=1.5
3600,99,alpha=1.5
3601,103,alpha=1.5
3602,93,alpha=1.5
3603,92,alpha=1.5
3604,96,alpha=1.5
3605,99,alpha=1.5
3606,111,alpha=1.5
3607,119,alpha=1.5
3608,83,alpha=1.5
3609,101,alpha=1.5
3610,102,alpha=1.5
3611,86,alpha=1.5
3612,107,alpha=1.5
3613,96,alpha=1.5
3614,98,alpha=1.5
3615,97,alpha=1.5
3616,95,alpha=1.5
3617,83,alpha=1.5
3618,112,alpha=1.5
3619,104,alpha=1.5
3620,114,alpha=1.5
3621,83,alpha=1.5
3622,106,alpha=1.5
3623,114,alpha=1.5
3624,101,alpha=1.5
3625,104,alpha=1.5
3626,104,alpha=1.5
3627,105,alpha=1.5
3628,87,alpha=1.5
3629,85,alpha=1.5
3630,97,alpha=1.5
3631,95,alpha=1.5
3632,99,alpha=1.5
3633,102,alpha=1.5
3634,106,alpha=1.5
3635,108,alpha=1.5
3636,92,alpha=1.5
3637,95,alpha=1.5
3638,97,alpha=1.5
3639,109,alpha=1.5
3640,121,alpha=1.5
3641,103,alpha=1.5
3642,95,alpha=1.5
3643,113,alpha=1.5
3644,93,alpha=1.5
3645,91,alpha=1.5
3646,93,alpha=1.5
3647,108,alpha=1.5
3648,97,alpha=1.5
3649,89,alpha=1.5
3650,112,alpha=1.5
3651,112,alpha=1.5
3652,102,alpha=1.5
3653,102,alpha=1.5
3654,117,alpha=1.5
3655,106,alpha=1.5
3656,101,alpha=1.5
3657,95,alpha=1.5
3658,98,alpha=1.5
3659,107,alpha=1.5
3660,106,alpha=1.5
3661,104,alpha=1.5
3662,98,alpha=1.5
3663,90,alpha=1.5
3664,108,alpha=1.5
3665,102,alpha=1.5
3666,101,alpha=1.5
3667,89,alpha=1.5
3668,95,alpha=1.5
3669,112,alpha=1.5
3670,100,alpha=1.5
3671,87,alpha=1.5
3672,103,alpha=1.5
3673,102,alpha=1.5
3674,95,alpha=1.5
3675,94,alpha=1.5
3676,96,alpha=1.5
3677,100,alpha=1.5
3678,101,alpha=1.5
3679,102,alpha=1.5
3680,96,alpha=1.5
3681,105,alpha=1.5
3682,98,alpha=1.5
3683,95,alpha=1.5
3684,85,alpha=1.5
3685,119,alpha=1.5
3686,95,alpha=1.5
3687,105,alpha=1.5
3688,99,alpha=1.5
3689,105,alpha=1.5
3690,89,alpha=1.5
3691,119,alpha=1.5
3692,95,alpha=1.5
3693,108,alpha=1.5
3694,104,alpha=1.5
3695,102,alpha=1.5
3696,121,alpha=1.5
3697,119,alpha=1.5
3698,84,alpha=1.5
3699,90,alpha=1.5
3700,95,alpha=1.5
3701,97,alpha=1.5
3702,99,alpha=1.5
3703,111,alpha=1.5
3704,108,alpha=1.5
3705,104,alpha=1.5
3706,93,alpha=1.5
3707,87,alpha=1.5
3708,114,alpha=1.5
3709,97,alpha=1.5
3710,101,alpha=1.5
3711,94,alpha=1.5
3712,98,alpha=1.5
3713,90,alpha=1.5
3714,101,alpha=1.5
3715,105,alpha=1.5
3716,102,alpha=1.5
3717,85,alpha=1.5
3718,95,alpha=1.5
3719,111,alpha=1.5
3720,109,alpha=1.5
3721,120,alpha=1.5
3722,97,alpha=1.5
3723,101,alpha=1.5
3724,90,alpha=1.5
3725,108,alpha=1.5
3726,100,alpha=1.5
3727,109,alpha=1.5
3728,110,alpha=1.5
3729,121,alpha=1.5
3730,95,alpha=1.5
3731,95,alpha=1.5
3732,102,alpha=1.5
3733,88,alpha=1.5
3734,111,alpha=1.5
3735,103,alpha=1.5
3736,102,alpha=1.5
3737,104,alpha=1.5
3738,89,alpha=1.5
3739,116,alpha=1.5
3740,126,alpha=1.5
3741,91,alpha=1.5
3742,101,alpha=1.5
3743,91,alpha=1.5
3744,88,alpha=1.5
3745,96,alpha=1.5
3746,90,alpha=1.5
3747,120,alpha=1.5
3748,94,alpha=1.5
3749,106,alpha=1.5
3750,96,alpha=1.5
3751,90,alpha=1.5
3752,89,alpha=1.5
3753,90,alpha=1.5
3754,107,alpha=1.5
3755,102,alpha=1.5
3756,104,alpha=1.5
3757,119,alpha=1.5
3758,118,alpha=1.5
3759,96,alpha=1.5
3760,109,alpha=1.5
3761,104,alpha=1.5
3762,92,alpha=1.5
3763,91,alpha=1.5
3764,92,alpha=1.5
3765,92,alpha=1.5
3766,106,alpha=1.5
3767,102,alpha=1.5
3768,93,alpha=1.5
3769,111,alpha=1.5
3770,103,alpha=1.5
3771,116,alpha=1.5
3772,96,alpha=1.5
3773,112,alpha=1.5
3774,106,alpha=1.5
3775,95,alpha=1.5
3776,105,alpha=1.5
3777,106,alpha=1.5
3778,117,alpha=1.5
3779,103,alpha=1.5
3780,109,alpha=1.5
3781,106,alpha=1.5
3782,85,alpha=1.5
3783,107,alpha=1.5
3784,118,alpha=1.5
3785,115,alpha=1.5
3786,94,alpha=1.5
3787,108,alpha=1.5
3788,98,alpha=1.5
3789,117,alpha=1.5
3790,99,alpha=1.5
3791,79,alpha=1.5
3792,82,alpha=1.5
3793,114,alpha=1.5
3794,119,alpha=1.5
3795,105,alpha=1.5
3796,94,alpha=1.5
3797,96,alpha=1.5
3798,103,alpha=1.5
3799,112,alpha=1.5
3800,89,alpha=1.5
3801,102,alpha=1.5
3802,80,alpha=1.5
3803,122,alpha=1.5
3804,113,alpha=1.5
3805,99,alpha=1.5
3806,83,alpha=1.5
3807,96,alpha=1.5
3808,97,alpha=1.5
3809,88,alpha=1.5
3810,107,alpha=1.5
3811,106,alpha=1.5
3812,92,alpha=1.5
3813,126,alpha=1.5
3814,98,alpha=1.5
3815,93,alpha=1.5
3816,129,alpha=1.5
3817,105,alpha=1.5
3818,108,alpha=1.5
3819,96,alpha=1.5
3820,95,alpha=1.5
3821,85,alpha=1.5
3822,117,alpha=1.5
3823,99,alpha=1.5
3824,107,alpha=1.5
3825,103,alpha=1.5
3826,79,alpha=1.5
3827,102,alpha=1.5
3828,105,alpha=1.5
3829,105,alpha=1.5
3830,91,alpha=1.5
3831,108,alpha=1.5
3832,89,alpha=1.5
3833,110,alpha=1.5
3834,84,alpha=1.5
3835,78,alpha=1.5
3836,112,alpha=1.5
3837,87,alpha=1.5
3838,103,alpha=1.5
3839,93,alpha=1.5
3840,98,alpha=1.5
3841,108,alpha=1.5
3842,108,alpha=1.5
3843,99,alpha=1.5
3844,95,alpha=1.5
3845,111,alpha=1.5
3846,101,alpha=1.5
3847,101,alpha=1.5
3848,90,alpha=1.5
3849,95,alpha=1.5
3850,108,alpha=1.5
3851,86,alpha=1.5
3852,112,alpha=1.5
3853,91,alpha=1.5
3854,106,alpha=1.5
3855,103,alpha=1.5
3856,101,alpha=1.5
3857,100,alpha=1.5
3858,105,alpha=1.5
3859,103,alpha=1.5
3860,121,alpha=1.5
3861,106,alpha=1.5
3862,83,alpha=1.5
3863,97,alpha=1.5
3864,109,alpha=1.5
3865,99,alpha=1.5
3866,94,alpha=1.5
3867,99,alpha=1.5
3868,111,alpha=1.5
3869,106,alpha=1.5
3870,107,alpha=1.5
3871,103,alpha=1.5
3872,108,alpha=1.5
3873,96,alpha=1.5
3874,105,alpha=1.5
3875,92,alpha=1.5
3876,105,alpha=1.5
3877,90,alpha=1.5
3878,109,alpha=1.5
3879,93,alpha=1.5
3880,106,alpha=1.5
3881,103,alpha=1.5
3882,99,alpha=1.5
3883,106,alpha=1.5
3884,89,alpha=1.5
3885,93,alpha=1.5
3886,112,alpha=1.5
3887,114,alpha=1.5
3888,95,alpha=1.5
3889,97,alpha=1.5
3890,106,alpha=1.5
3891,106,alpha=1.5
3892,97,alpha=1.5
3893,121,alpha=1.5
3894,89,alpha=1.5
3895,99,alpha=1.5
3896,96,alpha=1.5
3897,95,alpha=1.5
3898,99,alpha=1.5
3899,108,alpha=1.5
3900,115,alpha=1.5
3901,106,alpha=1.5
3902,110,alpha=1.5
3903,96,alpha=1.5
3904,101,alpha=1.5
3905,103,alpha=1.5
3906,116,alpha=1.5
3907,105,alpha=1.5
3908,109,alpha=1.5
3909,114,alpha=1.5
3910,93,alpha=1.5
3911,116,alpha=1.5
3912,108,alpha=1.5
3913,117,alpha=1.5
3914,86,alpha=1.5
3915,112,alpha=1.5
3916,110,alpha=1.5
3917,103,alpha=1.5
3918,105,alpha=1.5
3919,105,alpha=1.5
3920,99,alpha=1.5
3921,100,alpha=1.5
3922,101,alpha=1.5
3923,109,alpha=1.5
3924,116,alpha=1.5
3925,95,alpha=1.5
3926,108,alpha=1.5
3927,103,alpha=1.5
3928,93,alpha=1.5
3929,98,alpha=1.5
3930,91,alpha=1.5
3931,98,alpha=1.5
3932,94,alpha=1.5
3933,95,alpha=1.5
3934,97,alpha=1.5
3935,96,alpha=1.5
3936,101,alpha=1.5
3937,92,alpha=1.5
3938,101,alpha=1.5
3939,115,alpha=1.5
3940,100,alpha=1.5
3941,103,alpha=1.5
3942,95,alpha=1.5
3943,96,alpha=1.5
3944,102,alpha=1.5
3945,94,alpha=1.5
3946,102,alpha=1.5
3947,93,alpha=1.5
3948,105,alpha=1.5
3949,108,alpha=1.5
3950,93,alpha=1.5
3951,114,alpha=1.5
3952,119,alpha=1.5
3953,105,alpha=1.5
3954,105,alpha=1.5
3955,90,alpha=1.5
3956,95,alpha=1.5
3957,101,alpha=1.5
3958,96,alpha=1.5
3959,112,alpha=1.5
3960,98,alpha=1.5
3961,94,alpha=1.5
3962,105,alpha=1.5
3963,94,alpha=1.5
3964,83,alpha=1.5
3965,91,alpha=1.5
3966,128,alpha=1.5
3967,111,alpha=1.5
3968,108,alpha=1.5
3969,96,alpha=1.5
3970,116,alpha=1.5
3971,112,alpha=1.5
3972,105,alpha=1.5
3973,95,alpha=1.5
3974,113,alpha=1.5
3975,86,alpha=1.5
3976,98,alpha=1.5
3977,88,alpha=1.5
3978,97,alpha=1.5
3979,89,alpha=1.5
3980,130,alpha=1.5
3981,112,alpha=1.5
3982,105,alpha=1.5
3983,102,alpha=1.5
3984,100,alpha=1.5
3985,96,alpha=1.5
3986,90,alpha=1.5
3987,101,alpha=1.5
3988,109,alpha=1.5
3989,93,alpha=1.5
3990,116,alpha=1.5
3991,93,alpha=1.5
3992,87,alpha=1.5
3993,109,alpha=1.5
3994,91,alpha=1.5
3995,84,alpha=1.5
3996,98,alpha=1.5
3997,99,alpha=1.5
3998,86,alpha=1.5
3999,130,alpha=1.5
4000,94,alpha=1.5
4001,100,alpha=1.5
4002,95,alpha=1.5
4003,110,alpha=1.5
4004,114,alpha=1.5
4005,101,alpha=1.5
4006,103,alpha=1.5
4007,106,alpha=1.5
4008,103,alpha=1.5
4009,113,alpha=1.5
4010,108,alpha=1.5
4011,106,alpha=1.5
4012,99,alpha=1.5
4013,80,alpha=1.5
4014,99,alpha=1.5
4015,98,alpha=1.5
4016,98,alpha=1.5
4017,100,alpha=1.5
4018,110,alpha=1.5
4019,103,alpha=1.5
4020,87,alpha=1.5
4021,92,alpha=1.5
4022,100,alpha=1.5
4023,106,alpha=1.5
4024,107,alpha=1.5
4025,92,alpha=1.5
4026,113,alpha=1.5
4027,84,alpha=1.5
4028,97,alpha=1.5
4029,85,alpha=1.5
4030,107,alpha=1.5
4031,97,alpha=1.5
4032,99,alpha=1.5
4033,81,alpha=1.5
4034,81,alpha=1.5
4035,88,alpha=1.5
4036,121,alpha=1.5
4037,92,alpha=1.5
4038,110,alpha=1.5
4039,121,alpha=1.5
4040,98,alpha=1.5
4041,96,alpha=1.5
4042,107,alpha=1.5
4043,94,alpha=1.5
4044,93,alpha=1.5
4045,102,alpha=1.5
4046,103,alpha=1.5
4047,86,alpha=1.5
4048,98,alpha=1.5
4049,103,alpha=1.5
4050,115,alpha=1.5
4051,93,alpha=1.5
4052,90,alpha=1.5
4053,95,alpha=1.5
4054,121,alpha=1.5
4055,96,alpha=1.5
4056,91,alpha=1.5
4057,123,alpha=1.5
4058,101,alpha=1.5
4059,79,alpha=1.5
4060,76,alpha=1.5
4061,93,alpha=1.5
4062,95,alpha=1.5
4063,95,alpha=1.5
4064,89,alpha=1.5
4065,108,alpha=1.5
4066,117,alpha=1.5
4067,109,alpha=1.5
4068,78,alpha=1.5
4069,93,alpha=1.5
4070,100,alpha=1.5
4071,88,alpha=1.5
4072,101,alpha=1.5
4073,91,alpha=1.5
4074,96,alpha=1.5
4075,95,alpha=1.5
4076,102,alpha=1.5
4077,111,alpha=1.5
4078,99,alpha=1.5
4079,97,alpha=1.5
4080,99,alpha=1.5
4081,113,alpha=1.5
4082,92,alpha=1.5
4083,97,alpha=1.5
4084,94,alpha=1.5
4085,106,alpha=1.5
4086,109,alpha=1.5
4087,104,alpha=1.5
4088,103,alpha=1.5
4089,94,alpha=1.5
4090,94,alpha=1.5
4091,103,alpha=1.5
4092,109,alpha=1.5
4093,82,alpha=1.5
4094,90,alpha=1.5
4095,99,alpha=1.5
4096,108,alpha=1.5
4097,104,alpha=1.5
4098,104,alpha=1.5
4099,97,alpha=1.5
4100,89,alpha=1.5
4101,106,alpha=1.5
4102,89,alpha=1.5
4103,92,alpha=1.5
4104,112,alpha=1.5
4105,104,alpha=1.5
4106,102,alpha=1.5
4107,101,alpha=1.5
4108,95,alpha=1.5
4109,87,alpha=1.5
4110,107,alpha=1.5
4111,95,alpha=1.5
4112,102,alpha=1.5
4113,100,alpha=1.5
4114,110,alpha=1.5
4115,101,alpha=1.5
4116,107,alpha=1.5
4117,97,alpha=1.5
4118,107,alpha=1.5
4119,83,alpha=1.5
4120,103,alpha=1.5
4121,98,alpha=1.5
4122,98,alpha=1.5
4123,105,alpha=1.5
4124,106,alpha=1.5
4125,102,alpha=1.5
4126,103,alpha=1.5
4127,104,alpha=1.5
4128,98,alpha=1.5
4129,117,alpha=1.5
4130,102,alpha=1.5
4131,106,alpha=1.5
4132,112,alpha=1.5
4133,98,alpha=1.5
4134,93,alpha=1.5
4135,91,alpha=1.5
4136,96,alpha=1.5
4137,103,alpha=1.5
4138,76,alpha=1.5
4139,90,alpha=1.5
4140,104,alpha=1.5
4141,120,alpha=1.5
4142,105,alpha=1.5
4143,91,alpha=1.5
4144,108,alpha=1.5
4145,99,alpha=1.5
4146,103,alpha=1.5
4147,93,alpha=1.5
4148,92,alpha=1.5
4149,86,alpha=1.5
4150,77,alpha=1.5
4151,106,alpha=1.5
4152,108,alpha=1.5
4153,92,alpha=1.5
4154,109,alpha=1.5
4155,94,alpha=1.5
4156,104,alpha=1.5
4157,106,alpha=1.5
4158,84,alpha=1.5
4159,90,alpha=1.5
4160,97,alpha=1.5
4161,77,alpha=1.5
4162,80,alpha=1.5
4163,99,alpha=1.5
4164,78,alpha=1.5
4165,102,alpha=1.5
4166,109,alpha=1.5
4167,119,alpha=1.5
4168,99,alpha=1.5
4169,108,alpha=1.5
4170,110,alpha=1.5
4171,102,alpha=1.5
4172,116,alpha=1.5
4173,104,alpha=1.5
4174,96,alpha=1.5
4175,89,alpha=1.5
4176,102,alpha=1.5
4177,92,alpha=1.5
4178,112,alpha=1.5
4179,115,alpha=1.5
4180,108,alpha=1.5
4181,82,alpha=1.5
4182,107,alpha=1.5
4183,107,alpha=1.5
4184,95,alpha=1.5
4185,107,alpha=1.5
4186,102,alpha=1.5
4187,91,alpha=1.5
4188,100,alpha=1.5
4189,107,alpha=1.5
4190,91,alpha=1.5
4191,99,alpha=1.5
4192,98,alpha=1.5
4193,96,alpha=1.5
4194,96,alpha=1.5
4195,93,alpha=1.5
4196,96,alpha=1.5
4197,102,alpha=1.5
4198,109,alpha=1.5
4199,94,alpha=1.5
4200,124,alpha=1.5
4201,103,alpha=1.5
4202,87,alpha=1.5
4203,118,alpha=1.5
4204,92,alpha=1.5
4205,115,alpha=1.5
4206,89,alpha=1.5
4207,99,alpha=1.5
4208,88,alpha=1.5
4209,105,alpha=1.5
4210,113,alpha=1.5
4211,93,alpha=1.5
4212,103,alpha=1.5
4213,104,alpha=1.5
4214,94,alpha=1.5
4215,88,alpha=1.5
4216,110,alpha=1.5
4217,93,alpha=1.5
4218,120,alpha=1.5
4219,99,alpha=1.5
4220,120,alpha=1.5
4221,118,alpha=1.5
4222,102,alpha=1.5
4223,84,alpha=1.5
4224,100,alpha=1.5
4225,85,alpha=1.5
4226,99,alpha=1.5
4227,94,alpha=1.5
4228,95,alpha=1.5
4229,108,alpha=1.5
4230,88,alpha=1.5
4231,98,alpha=1.5
4232,97,alpha=1.5
4233,98,alpha=1.5
4234,92,alpha=1.5
4235,116,alpha=1.5
4236,90,alpha=1.5
4237,79,alpha=1.5
4238,83,alpha=1.5
4239,107,alpha=1.5
4240,94,alpha=1.5
4241,104,alpha=1.5
4242,124,alpha=1.5
4243,100,alpha=1.5
4244,98,alpha=1.5
4245,97,alpha=1.5
4246,106,alpha=1.5
4247,97,alpha=1.5
4248,85,alpha=1.5
4249,97,alpha=1.5
4250,113,alpha=1.5
4251,82,alpha=1.5
4252,108,alpha=1.5
4253,102,alpha=1.5
4254,92,alpha=1.5
4255,102,alpha=1.5
4256,93,alpha=1.5
4257,97,alpha=1.5
4258,115,alpha=1.5
4259,81,alpha=1.5
4260,108,alpha=1.5
4261,107,alpha=1.5
4262,85,alpha=1.5
4263,112,alpha=1.5
4264,83,alpha=1.5
4265,87,alpha=1.5
4266,82,alpha=1.5
4267,98,alpha=1.5
4268,84,alpha=1.5
4269,98,alpha=1.5
4270,101,alpha=1.5
4271,81,alpha=1.5
4272,117,alpha=1.5
4273,96,alpha=1.5
4274,84,alpha=1.5
4275,107,alpha=1.5
4276,125,alpha=1.5
4277,95,alpha=1.5
4278,88,alpha=1.5
4279,101,alpha=1.5
4280,104,alpha=1.5
4281,91,alpha=1.5
4282,94,alpha=1.5
4283,100,alpha=1.5
4284,120,alpha=1.5
4285,88,alpha=1.5
4286,96,alpha=1.5
4287,115,alpha=1.5
4288,85,alpha=1.5
4289,122,alpha=1.5
4290,104,alpha=1.5
4291,98,alpha=1.5
4292,89,alpha=1.5
4293,92,alpha=1.5
4294,99,alpha=1.5
4295,88,alpha=1.5
4296,96,alpha=1.5
4297,91,alpha=1.5
4298,108,alpha=1.5
4299,87,alpha=1.5
4300,86,alpha=1.5
4301,98,alpha=1.5
4302,105,alpha=1.5
4303,101,alpha=1.5
4304,109,alpha=1.5
4305,94,alpha=1.5
4306,107,alpha=1.5
4307,122,alpha=1.5
4308,121,alpha=1.5
4309,102,alpha=1.5
4310,84,alpha=1.5
4311,134,alpha=1.5
4312,82,alpha=1.5
4313,131,alpha=1.5
4314,112,alpha=1.5
4315,103,alpha=1.5
4316,113,alpha=1.5
4317,100,alpha=1.5
4318,107,alpha=1.5
4319,96,alpha=1.5
4320,94,alpha=1.5
4321,90,alpha=1.5
4322,100,alpha=1.5
4323,83,alpha=1.5
4324,113,alpha=1.5
4325,110,alpha=1.5
4326,90,alpha=1.5
4327,96,alpha=1.5
4328,104,alpha=1.5
4329,111,alpha=1.5
4330,107,alpha=1.5
4331,94,alpha=1.5
4332,100,alpha=1.5
4333,103,alpha=1.5
4334,88,alpha=1.5
4335,105,alpha=1.5
4336,98,alpha=1.5
4337,105,alpha=1.5
4338,100,alpha=1.5
4339,81,alpha=1.5
4340,100,alpha=1.5
4341,99,alpha=1.5
4342,106,alpha=1.5
4343,94,alpha=1.5
4344,102,alpha=1.5
4345,103,alpha=1.5
4346,98,alpha=1.5
4347,130,alpha=1.5
4348,91,alpha=1.5
4349,100,alpha=1.5
4350,113,alpha=1.5
4351,86,alpha=1.5
4352,102,alpha=1.5
4353,93,alpha=1.5
4354,88,alpha=1.5
4355,107,alpha=1.5
4356,107,alpha=1.5
4357,112,alpha=1.5
4358,104,alpha=1.5
4359,90,alpha=1.5
4360,90,alpha=1.5
4361,101,alpha=1.5
4362,98,alpha=1.5
4363,101,alpha=1.5
4364,104,alpha=1.5
4365,98,alpha=1.5
4366,86,alpha=1.5
4367,101,alpha=1.5
4368,88,alpha=1.5
4369,117,alpha=1.5
4370,94,alpha=1.5
4371,94,alpha=1.5
4372,81,alpha=1.5
4373,94,alpha=1.5
4374,102,alpha=1.5
4375,102,alpha=1.5
4376,91,alpha=1.5
4377,101,alpha=1.5
4378,99,alpha=1.5
4379,127,alpha=1.5
4380,104,alpha=1.5
4381,104,alpha=1.5
4382,84,alpha=1.5
4383,112,alpha=1.5
4384,85,alpha=1.5
4385,96,alpha=1.5
4386,106,alpha=1.5
4387,92,alpha=1.5
4388,87,alpha=1.5
4389,100,alpha=1.5
4390,96,alpha=1.5
4391,94,alpha=1.5
4392,101,alpha=1.5
4393,95,alpha=1.5
4394,86,alpha=1.5
4395,89,alpha=1.5
4396,93,alpha=1.5
4397,103,alpha=1.5
4398,85,alpha=1.5
4399,84,alpha=1.5
4400,96,alpha=1.5
4401,111,alpha=1.5
4402,96,alpha=1.5
4403,101,alpha=1.5
4404,114,alpha=1.5
4405,81,alpha=1.5
4406,112,alpha=1.5
4407,97,alpha=1.5
4408,102,alpha=1.5
4409,100,alpha=1.5
4410,105,alpha=1.5
4411,78,alpha=1.5
4412,94,alpha=1.5
4413,93,alpha=1.5
4414,86,alpha=1.5
4415,102,alpha=1.5
4416,96,alpha=1.5
4417,89,alpha=1.5
4418,104,alpha=1.5
4419,98,alpha=1.5
4420,100,alpha=1.5
4421,101,alpha=1.5
4422,109,alpha=1.5
4423,96,alpha=1.5
4424,88,alpha=1.5
4425,101,alpha=1.5
4426,90,alpha=1.5
4427,108,alpha=1.5
4428,98,alpha=1.5
4429,105,alpha=1.5
4430,92,alpha=1.5
4431,93,alpha=1.5
4432,115,alpha=1.5
4433,96,alpha=1.5
4434,104,alpha=1.5
4435,85,alpha=1.5
4436,96,alpha=1.5
4437,109,alpha=1.5
4438,112,alpha=1.5
4439,114,alpha=1.5
4440,92,alpha=1.5
4441,96,alpha=1.5
4442,98,alpha=1.5
4443,110,alpha=1.5
4444,98,alpha=1.5
4445,94,alpha=1.5
4446,118,alpha=1.5
4447,101,alpha=1.5
4448,108,alpha=1.5
4449,81,alpha=1.5
4450,86,alpha=1.5
4451,103,alpha=1.5
4452,95,alpha=1.5
4453,89,alpha=1.5
4454,105,alpha=1.5
4455,103,alpha=1.5
4456,112,alpha=1.5
4457,92,alpha=1.5
4458,86,alpha=1.5
4459,118,alpha=1.5
4460,106,alpha=1.5
4461,101,alpha=1.5
4462,107,alpha=1.5
4463,109,alpha=1.5
4464,94,alpha=1.5
4465,93,alpha=1.5
4466,75,alpha=1.5
4467,87,alpha=1.5
4468,103,alpha=1.5
4469,104,alpha=1.5
4470,104,alpha=1.5
4471,95,alpha=1.5
4472,86,alpha=1.5
4473,108,alpha=1.5
4474,100,alpha=1.5
4475,96,alpha=1.5
4476,98,alpha=1.5
4477,100,alpha=1.5
4478,95,alpha=1.5
4479,103,alpha=1.5
4480,92,alpha=1.5
4481,102,alpha=1.5
4482,96,alpha=1.5
4483,88,alpha=1.5
4484,103,alpha=1.5
4485,119,alpha=1.5
4486,102,alpha=1.5
4487,92,alpha=1.5
4488,93,alpha=1.5
4489,91,alpha=1.5
4490,83,alpha=1.5
4491,104,alpha=1.5
4492,85,alpha=1.5
4493,93,alpha=1.5
4494,96,alpha=1.5
4495,94,alpha=1.5
4496,82,alpha=1.5
4497,110,alpha=1.5
4498,89,alpha=1.5
4499,103,alpha=1.5
4500,109,alpha=1.5
4501,102,alpha=1.5
4502,101,alpha=1.5
4503,103,alpha=1.5
4504,86,alpha=1.5
4505,82,alpha=1.5
4506,100,alpha=1.5
4507,105,alpha=1.5
4508,93,alpha=1.5
4509,108,alpha=1.5
4510,108,alpha=1.5
4511,100,alpha=1.5
4512,111,alpha=1.5
4513,111,alpha=1.5
4514,116,alpha=1.5
4515,103,alpha=1.5
4516,109,alpha=1.5
4517,103,alpha=1.5
4518,101,alpha=1.5
4519,107,alpha=1.5
4520,108,alpha=1.5
4521,96,alpha=1.5
4522,89,alpha=1.5
4523,90,alpha=1.5
4524,89,alpha=1.5
4525,100,alpha=1.5
4526,106,alpha=1.5
4527,117,alpha=1.5
4528,94,alpha=1.5
4529,99,alpha=1.5
4530,99,alpha=1.5
4531,93,alpha=1.5
4532,114,alpha=1.5
4533,103,alpha=1.5
4534,116,alpha=1.5
4535,108,alpha=1.5
4536,97,alpha=1.5
4537,97,alpha=1.5
4538,97,alpha=1.5
4539,87,alpha=1.5
4540,82,alpha=1.5
4541,99,alpha=1.5
4542,102,alpha=1.5
4543,108,alpha=1.5
4544,89,alpha=1.5
4545,88,alpha=1.5
4546,90,alpha=1.5
4547,116,alpha=1.5
4548,92,alpha=1.5
4549,102,alpha=1.5
4550,94,alpha=1.5
4551,105,alpha=1.5
4552,87,alpha=1.5
4553,85,alpha=1.5
4554,109,alpha=1.5
4555,94,alpha=1.5
4556,116,alpha=1.5
4557,93,alpha=1.5
4558,103,alpha=1.5
4559,121,alpha=1.5
4560,125,alpha=1.5
4561,119,alpha=1.5
4562,105,alpha=1.5
4563,82,alpha=1.5
4564,95,alpha=1.5
4565,99,alpha=1.5
4566,100,alpha=1.5
4567,96,alpha=1.5
4568,106,alpha=1.5
4569,99,alpha=1.5
4570,102,alpha=1.5
4571,94,alpha=1.5
4572,105,alpha=1.5
4573,111,alpha=1.5
4574,98,alpha=1.5
4575,103,alpha=1.5
4576,80,alpha=1.5
4577,112,alpha=1.5
4578,118,alpha=1.5
4579,99,alpha=1.5
4580,118,alpha=1.5
4581,106,alpha=1.5
4582,91,alpha=1.5
4583,91,alpha=1.5
4584,98,alpha=1.5
4585,86,alpha=1.5
4586,79,alpha=1.5
4587,80,alpha=1.5
4588,122,alpha=1.5
4589,91,alpha=1.5
4590,98,alpha=1.5
4591,96,alpha=1.5
4592,91,alpha=1.5
4593,101,alpha=1.5
4594,101,alpha=1.5
4595,96,alpha=1.5
4596,96,alpha=1.5
4597,103,alpha=1.5
4598,119,alpha=1.5
4599,94,alpha=1.5
4600,89,alpha=1.5
4601,126,alpha=1.5
4602,105,alpha=1.5
4603,103,alpha=1.5
4604,82,alpha=1.5
4605,103,alpha=1.5
4606,94,alpha=1.5
4607,108,alpha=1.5
4608,94,alpha=1.5
4609,99,alpha=1.5
4610,101,alpha=1.5
4611,114,alpha=1.5
4612,99,alpha=1.5
4613,89,alpha=1.5
4614,91,alpha=1.5
4615,96,alpha=1.5
4616,92,alpha=1.5
4617,102,alpha=1.5
4618,95,alpha=1.5
4619,86,alpha=1.5
4620,102,alpha=1.5
4621,97,alpha=1.5
4622,102,alpha=1.5
4623,96,alpha=1.5
4624,88,alpha=1.5
4625,86,alpha=1.5
4626,101,alpha=1.5
4627,96,alpha=1.5
4628,115,alpha=1.5
4629,102,alpha=1.5
4630,98,alpha=1.5
4631,105,alpha=1.5
4632,89,alpha=1.5
4633,83,alpha=1.5
4634,91,alpha=1.5
4635,104,alpha=1.5
4636,104,alpha=1.5
4637,131,alpha=1.5
4638,103,alpha=1.5
4639,103,alpha=1.5
4640,95,alpha=1.5
4641,101,alpha=1.5
4642,102,alpha=1.5
4643,94,alpha=1.5
4644,112,alpha=1.5
4645,96,alpha=1.5
4646,95,alpha=1.5
4647,95,alpha=1.5
4648,105,alpha=1.5
4649,94,alpha=1.5
4650,94,alpha=1.5
4651,88,alpha=1.5
4652,114,alpha=1.5
4653,113,alpha=1.5
4654,108,alpha=1.5
4655,97,alpha=1.5
4656,111,alpha=1.5
4657,105,alpha=1.5
4658,109,alpha=1.5
4659,117,alpha=1.5
4660,107,alpha=1.5
4661,92,alpha=1.5
4662,119,alpha=1.5
4663,112,alpha=1.5
4664,86,alpha=1.5
4665,104,alpha=1.5
4666,100,alpha=1.5
4667,107,alpha=1.5
4668,88,alpha=1.5
4669,92,alpha=1.5
4670,89,alpha=1.5
4671,81,alpha=1.5
4672,90,alpha=1.5
4673,108,alpha=1.5
4674,109,alpha=1.5
4675,96,alpha=1.5
4676,91,alpha=1.5
4677,97,alpha=1.5
4678,101,alpha=1.5
4679,75,alpha=1.5
4680,92,alpha=1.5
4681,100,alpha=1.5
4682,111,alpha=1.5
4683,121,alpha=1.5
4684,93,alpha=1.5
4685,87,alpha=1.5
4686,107,alpha=1.5
4687,96,alpha=1.5
4688,94,alpha=1.5
4689,104,alpha=1.5
4690,94,alpha=1.5
4691,100,alpha=1.5
4692,91,alpha=1.5
4693,110,alpha=1.5
4694,107,alpha=1.5
4695,101,alpha=1.5
4696,113,alpha=1.5
4697,93,alpha=1.5
4698,98,alpha=1.5
4699,67,alpha=1.5
4700,89,alpha=1.5
4701,93,alpha=1.5
4702,117,alpha=1.5
4703,87,alpha=1.5
4704,101,alpha=1.5
4705,79,alpha=1.5
4706,85,alpha=1.5
4707,102,alpha=1.5
4708,92,alpha=1.5
4709,108,alpha=1.5
4710,111,alpha=1.5
4711,102,alpha=1.5
4712,100,alpha=1.5
4713,114,alpha=1.5
4714,95,alpha=1.5
4715,91,alpha=1.5
4716,85,alpha=1.5
4717,90,alpha=1.5
4718,96,alpha=1.5
4719,99,alpha=1.5
4720,125,alpha=1.5
4721,113,alpha=1.5
4722,97,alpha=1.5
4723,98,alpha=1.5
4724,111,alpha=1.5
4725,98,alpha=1.5
4726,88,alpha=1.5
4727,118,alpha=1.5
4728,114,alpha=1.5
4729,102,alpha=1.5
4730,92,alpha=1.5
4731,101,alpha=1.5
4732,90,alpha=1.5
4733,100,alpha=1.5
4734,87,alpha=1.5
4735,111,alpha=1.5
4736,99,alpha=1.5
4737,116,alpha=1.5
4738,96,alpha=1.5
4739,97,alpha=1.5
4740,116,alpha=1.5
4741,97,alpha=1.5
4742,98,alpha=1.5
4743,97,alpha=1.5
4744,88,alpha=1.5
4745,108,alpha=1.5
4746,108,alpha=1.5
4747,102,alpha=1.5
4748,108,alpha=1.5
4749,104,alpha=1.5
4750,100,alpha=1.5
4751,95,alpha=1.5
4752,97,alpha=1.5
4753,94,alpha=1.5
4754,89,alpha=1.5
4755,93,alpha=1.5
4756,103,alpha=1.5
4757,100,alpha=1.5
4758,103,alpha=1.5
4759,93,alpha=1.5
4760,103,alpha=1.5
4761,109,alpha=1.5
4762,71,alpha=1.5
4763,115,alpha=1.5
4764,78,alpha=1.5
4765,80,alpha=1.5
4766,97,alpha=1.5
4767,97,alpha=1.5
4768,105,alpha=1.5
4769,113,alpha=1.5
4770,104,alpha=1.5
4771,89,alpha=1.5
4772,100,alpha=1.5
4773,104,alpha=1.5
4774,113,alpha=1.5
4775,104,alpha=1.5
4776,123,alpha=1.5
4777,85,alpha=1.5
4778,96,alpha=1.5
4779,121,alpha=1.5
4780,88,alpha=1.5
4781,102,alpha=1.5
4782,104,alpha=1.5
4783,104,alpha=1.5
4784,103,alpha=1.5
4785,95,alpha=1.5
4786,76,alpha=1.5
4787,120,alpha=1.5
4788,98,alpha=1.5
4789,106,alpha=1.5
4790,74,alpha=1.5
4791,113,alpha=1.5
4792,111,alpha=1.5
4793,102,alpha=1.5
4794,110,alpha=1.5
4795,101,alpha=1.5
4796,104,alpha=1.5
4797,119,alpha=1.5
4798,111,alpha=1.5
4799,94,alpha=1.5
4800,104,alpha=1.5
4801,95,alpha=1.5
4802,86,alpha=1.5
4803,111,alpha=1.5
4804,97,alpha=1.5
4805,109,alpha=1.5
4806,91,alpha=1.5
4807,84,alpha=1.5
4808,82,alpha=1.5
4809,105,alpha=1.5
4810,97,alpha=1.5
4811,108,alpha=1.5
4812,105,alpha=1.5
4813,100,alpha=1.5
4814,86,alpha=1.5
4815,93,alpha=1.5
4816,108,alpha=1.5
4817,81,alpha=1.5
4818,91,alpha=1.5
4819,71,alpha=1.5
4820,97,alpha=1.5
4821,118,alpha=1.5
4822,101,alpha=1.5
4823,108,alpha=1.5
4824,82,alpha=1.5
4825,105,alpha=1.5
4826,90,alpha=1.5
4827,91,alpha=1.5
4828,91,alpha=1.5
4829,103,alpha=1.5
4830,99,alpha=1.5
4831,109,alpha=1.5
4832,110,alpha=1.5
4833,101,alpha=1.5
4834,104,alpha=1.5
4835,91,alpha=1.5
4836,109,alpha=1.5
4837,95,alpha=1.5
4838,92,alpha=1.5
4839,105,alpha=1.5
4840,103,alpha=1.5
4841,104,alpha=1.5
4842,102,alpha=1.5
4843,107,alpha=1.5
4844,95,alpha=1.5
4845,103,alpha=1.5
4846,124,alpha=1.5
4847,102,alpha=1.5
4848,98,alpha=1.5
4849,112,alpha=1.5
4850,91,alpha=1.5
4851,112,alpha=1.5
4852,119,alpha=1.5
4853,86,alpha=1.5
4854,89,alpha=1.5
4855,95,alpha=1.5
4856,94,alpha=1.5
4857,88,alpha=1.5
4858,100,alpha=1.5
4859,93,alpha=1.5
4860,118,alpha=1.5
4861,87,alpha=1.5
4862,90,alpha=1.5
4863,92,alpha=1.5
4864,119,alpha=1.5
4865,85,alpha=1.5
4866,111,alpha=1.5
4867,111,alpha=1.5
4868,90,alpha=1.5
4869,88,alpha=1.5
4870,106,alpha=1.5
4871,89,alpha=1.5
4872,93,alpha=1.5
4873,90,alpha=1.5
4874,105,alpha=1.5
4875,88,alpha=1.5
4876,89,alpha=1.5
4877,127,alpha=1.5
4878,93,alpha=1.5
4879,99,alpha=1.5
4880,96,alpha=1.5
4881,112,alpha=1.5
4882,101,alpha=1.5
4883,84,alpha=1.5
4884,113,alpha=1.5
4885,99,alpha=1.5
4886,96,alpha=1.5
4887,119,alpha=1.5
4888,95,alpha=1.5
4889,93,alpha=1.5
4890,92,alpha=1.5
4891,105,alpha=1.5
4892,102,alpha=1.5
4893,122,alpha=1.5
4894,110,alpha=1.5
4895,84,alpha=1.5
4896,95,alpha=1.5
4897,101,alpha=1.5
4898,92,alpha=1.5
4899,102,alpha=1.5
4900,108,alpha=1.5
4901,106,alpha=1.5
4902,88,alpha=1.5
4903,97,alpha=1.5
4904,109,alpha=1.5
4905,106,alpha=1.5
4906,105,alpha=1.5
4907,91,alpha=1.5
4908,98,alpha=1.5
4909,102,alpha=1.5
4910,114,alpha=1.5
4911,112,alpha=1.5
4912,110,alpha=1.5
4913,108,alpha=1.5
4914,102,alpha=1.5
4915,95,alpha=1.5
4916,96,alpha=1.5
4917,112,alpha=1.5
4918,89,alpha=1.5
4919,103,alpha=1.5
4920,101,alpha=1.5
4921,90,alpha=1.5
4922,85,alpha=1.5
4923,97,alpha=1.5
4924,90,alpha=1.5
4925,110,alpha=1.5
4926,117,alpha=1.5
4927,90,alpha=1.5
4928,92,alpha=1.5
4929,84,alpha=1.5
4930,104,alpha=1.5
4931,79,alpha=1.5
4932,99,alpha=1.5
4933,108,alpha=1.5
4934,103,alpha=1.5
4935,104,alpha=1.5
4936,102,alpha=1.5
4937,84,alpha=1.5
4938,95,alpha=1.5
4939,107,alpha=1.5
4940,97,alpha=1.5
4941,95,alpha=1.5
4942,91,alpha=1.5
4943,91,alpha=1.5
4944,99,alpha=1.5
4945,84,alpha=1.5
4946,104,alpha=1.5
4947,115,alpha=1.5
4948,80,alpha=1.5
4949,121,alpha=1.5
4950,90,alpha=1.5
4951,103,alpha=1.5
4952,118,alpha=1.5
4953,96,alpha=1.5
4954,113,alpha=1.5
4955,93,alpha=1.5
4956,99,alpha=1.5
4957,116,alpha=1.5
4958,89,alpha=1.5
4959,106,alpha=1.5
4960,106,alpha=1.5
4961,102,alpha=1.5
4962,98,alpha=1.5
4963,109,alpha=1.5
4964,93,alpha=1.5
4965,124,alpha=1.5
4966,119,alpha=1.5
4967,85,alpha=1.5
4968,109,alpha=1.5
4969,87,alpha=1.5
4970,95,alpha=1.5
4971,100,alpha=1.5
4972,96,alpha=1.5
4973,99,alpha=1.5
4974,92,alpha=1.5
4975,110,alpha=1.5
4976,105,alpha=1.5
4977,104,alpha=1.5
4978,87,alpha=1.5
4979,117,alpha=1.5
4980,101,alpha=1.5
4981,87,alpha=1.5
4982,103,alpha=1.5
4983,92,alpha=1.5
4984,94,alpha=1.5
4985,106,alpha=1.5
4986,97,alpha=1.5
4987,106,alpha=1.5
4988,94,alpha=1.5
4989,100,alpha=1.5
4990,98,alpha=1.5
4991,104,alpha=1.5
4992,95,alpha=1.5
4993,102,alpha=1.5
4994,100,alpha=1.5
4995,89,alpha=1.5
4996,97,alpha=1.5
4997,111,alpha=1.5
4998,98,alpha=1.5
4999,110,alpha=1.5
0,108,alpha=1.3
1,101,alpha=1.3
2,102,alpha=1.3
3,93,alpha=1.3
4,123,alpha=1.3
5,102,alpha=1.3
6,109,alpha=1.3
7,99,alpha=1.3
8,115,alpha=1.3
9,121,alpha=1.3
10,104,alpha=1.3
11,87,alpha=1.3
12,92,alpha=1.3
13,101,alpha=1.3
14,114,alpha=1.3
15,88,alpha=1.3
16,117,alpha=1.3
17,103,alpha=1.3
18,110,alpha=1.3
19,117,alpha=1.3
20,91,alpha=1.3
21,97,alpha=1.3
22,110,alpha=1.3
23,95,alpha=1.3
24,95,alpha=1.3
25,97,alpha=1.3
26,101,alpha=1.3
27,89,alpha=1.3
28,115,alpha=1.3
29,96,alpha=1.3
30,106,alpha=1.3
31,92,alpha=1.3
32,92,alpha=1.3
33,86,alpha=1.3
34,102,alpha=1.3
35,84,alpha=1.3
36,102,alpha=1.3
37,101,alpha=1.3
38,93,alpha=1.3
39,85,alpha=1.3
40,91,alpha=1.3
41,99,alpha=1.3
42,113,alpha=1.3
43,129,alpha=1.3
44,93,alpha=1.3
45,103,alpha=1.3
46,100,alpha=1.3
47,103,alpha=1.3
48,106,alpha=1.3
49,105,alpha=1.3
50,96,alpha=1.3
51,96,alpha=1.3
52,111,alpha=1.3
53,101,alpha=1.3
54,98,alpha=1.3
55,90,alpha=1.3
56,112,alpha=1.3
57,104,alpha=1.3
58,107,alpha=1.3
59,99,alpha=1.3
60,109,alpha=1.3
61,98,alpha=1.3
62,91,alpha=1.3
63,106,alpha=1.3
64,124,alpha=1.3
65,93,alpha=1.3
66,106,alpha=1.3
67,100,alpha=1.3
68,101,alpha=1.3
69,103,alpha=1.3
70,82,alpha=1.3
71,90,alpha=1.3
72,101,alpha=1.3
73,81,alpha=1.3
74,99,alpha=1.3
75,85,alpha=1.3
76,96,alpha=1.3
77,82,alpha=1.3
78,106,alpha=1.3
79,95,alpha=1.3
80,87,alpha=1.3
81,94,alpha=1.3
82,101,alpha=1.3
83,83,alpha=1.3
84,104,alpha=1.3
85,118,alpha=1.3
86,94,alpha=1.3
87,109,alpha=1.3
88,106,alpha=1.3
89,118,alpha=1.3
90,104,alpha=1.3
91,100,alpha=1.3
92,101,alpha=1.3
93,116,alpha=1.3
94,94,alpha=1.3
95,93,alpha=1.3
96,100,alpha=1.3
97,98,alpha=1.3
98,109,alpha=1.3
99,98,alpha=1.3
100,101,alpha=1.3
101,106,alpha=1.3
102,95,alpha=1.3
103,93,alpha=1.3
104,116,alpha=1.3
105,109,alpha=1.3
106,95,alpha=1.3
107,94,alpha=1.3
108,87,alpha=1.3
109,106,alpha=1.3
110,84,alpha=1.3
111,95,alpha=1.3
112,83,alpha=1.3
113,103,alpha=1.3
114,89,alpha=1.3
115,107,alpha=1.3
116,117,alpha=1.3
117,109,alpha=1.3
118,87,alpha=1.3
119,84,alpha=1.3
120,118,alpha=1.3
121,103,alpha=1.3
122,109,alpha=1.3
123,94,alpha=1.3
124,104,alpha=1.3
125,102,alpha=1.3
126,104,alpha=1.3
127,106,alpha=1.3
128,121,alpha=1.3
129,109,alpha=1.3
130,107,alpha=1.3
131,95,alpha=1.3
132,92,alpha=1.3
133,97,alpha=1.3
134,82,alpha=1.3
135,114,alpha=1.3
136,79,alpha=1.3
137,104,alpha=1.3
138,118,alpha=1.3
139,123,alpha=1.3
140,107,alpha=1.3
141,101,alpha=1.3
142,95,alpha=1.3
143,96,alpha=1.3
144,99,alpha=1.3
145,105,alpha=1.3
146,111,alpha=1.3
147,92,alpha=1.3
148,91,alpha=1.3
149,92,alpha=1.3
150,94,alpha=1.3
151,95,alpha=1.3
152,105,alpha=1.3
153,118,alpha=1.3
154,111,alpha=1.3
155,92,alpha=1.3
156,97,alpha=1.3
157,92,alpha=1.3
158,112,alpha=1.3
159,93,alpha=1.3
160,97,alpha=1.3
161,104,alpha=1.3
162,95,alpha=1.3
163,108,alpha=1.3
164,100,alpha=1.3
165,119,alpha=1.3
166,109,alpha=1.3
167,89,alpha=1.3
168,92,alpha=1.3
169,106,alpha=1.3
170,97,alpha=1.3
171,103,alpha=1.3
172,96,alpha=1.3
173,92,alpha=1.3
174,104,alpha=1.3
175,103,alpha=1.3
176,105,alpha=1.3
177,101,alpha=1.3
178,90,alpha=1.3
179,111,alpha=1.3
180,99,alpha=1.3
181,85,alpha=1.3
182,113,alpha=1.3
183,110,alpha=1.3
184,107,alpha=1.3
185,117,alpha=1.3
186,101,alpha=1.3
187,95,alpha=1.3
188,110,alpha=1.3
189,104,alpha=1.3
190,99,alpha=1.3
191,101,alpha=1.3
192,91,alpha=1.3
193,95,alpha=1.3
194,105,alpha=1.3
195,91,alpha=1.3
196,109,alpha=1.3
197,101,alpha=1.3
198,101,alpha=1.3
199,117,alpha=1.3
200,107,alpha=1.3
201,115,alpha=1.3
202,119,alpha=1.3
203,98,alpha=1.3
204,99,alpha=1.3
205,94,alpha=1.3
206,88,alpha=1.3
207,94,alpha=1.3
208,106,alpha=1.3
209,91,alpha=1.3
210,103,alpha=1.3
211,103,alpha=1.3
212,85,alpha=1.3
213,94,alpha=1.3
214,110,alpha=1.3
215,104,alpha=1.3
216,107,alpha=1.3
217,114,alpha=1.3
218,113,alpha=1.3
219,94,alpha=1.3
220,96,alpha=1.3
221,104,alpha=1.3
222,100,alpha=1.3
223,100,alpha=1.3
224,104,alpha=1.3
225,100,alpha=1.3
226,100,alpha=1.3
227,87,alpha=1.3
228,98,alpha=1.3
229,99,alpha=1.3
230,103,alpha=1.3
231,91,alpha=1.3
232,82,alpha=1.3
233,96,alpha=1.3
234,110,alpha=1.3
235,131,alpha=1.3
236,110,alpha=1.3
237,112,alpha=1.3
238,88,alpha=1.3
239,113,alpha=1.3
240,114,alpha=1.3
241,100,alpha=1.3
242,103,alpha=1.3
243,109,alpha=1.3
244,90,alpha=1.3
245,112,alpha=1.3
246,89,alpha=1.3
247,99,alpha=1.3
248,90,alpha=1.3
249,113,alpha=1.3
250,95,alpha=1.3
251,81,alpha=1.3
252,91,alpha=1.3
253,112,alpha=1.3
254,89,alpha=1.3
255,99,alpha=1.3
256,96,alpha=1.3
257,77,alpha=1.3
258,123,alpha=1.3
259,93,alpha=1.3
260,84,alpha=1.3
261,80,alpha=1.3
262,94,alpha=1.3
263,119,alpha=1.3
264,87,alpha=1.3
265,109,alpha=1.3
266,92,alpha=1.3
267,72,alpha=1.3
268,112,alpha=1.3
269,100,alpha=1.3
270,100,alpha=1.3
271,104,alpha=1.3
272,88,alpha=1.3
273,109,alpha=1.3
274,98,alpha=1.3
275,91,alpha=1.3
276,112,alpha=1.3
277,95,alpha=1.3
278,114,alpha=1.3
279,103,alpha=1.3
280,108,alpha=1.3
281,93,alpha=1.3
282,122,alpha=1.3
283,101,alpha=1.3
284,129,alpha=1.3
285,111,alpha=1.3
286,117,alpha=1.3
287,89,alpha=1.3
288,93,alpha=1.3
289,105,alpha=1.3
290,93,alpha=1.3
291,110,alpha=1.3
292,73,alpha=1.3
293,103,alpha=1.3
294,106,alpha=1.3
295,91,alpha=1.3
296,102,alpha=1.3
297,99,alpha=1.3
298,93,alpha=1.3
299,96,alpha=1.3
300,110,alpha=1.3
301,109,alpha=1.3
302,100,alpha=1.3
303,99,alpha=1.3
304,117,alpha=1.3
305,78,alpha=1.3
306,94,alpha=1.3
307,119,alpha=1.3
308,99,alpha=1.3
309,90,alpha=1.3
310,90,alpha=1.3
311,99,alpha=1.3
312,98,alpha=1.3
313,102,alpha=1.3
314,108,alpha=1.3
315,98,alpha=1.3
316,93,alpha=1.3
317,89,alpha=1.3
318,95,alpha=1.3
319,93,alpha=1.3
320,85,alpha=1.3
321,93,alpha=1.3
322,99,alpha=1.3
323,91,alpha=1.3
324,113,alpha=1.3
325,95,alpha=1.3
326,98,alpha=1.3
327,109,alpha=1.3
328,74,alpha=1.3
329,101,alpha=1.3
330,92,alpha=1.3
331,98,alpha=1.3
332,97,alpha=1.3
333,116,alpha=1.3
334,93,alpha=1.3
335,122,alpha=1.3
336,91,alpha=1.3
337,81,alpha=1.3
338,93,alpha=1.3
339,87,alpha=1.3
340,105,alpha=1.3
341,90,alpha=1.3
342,86,alpha=1.3
343,91,alpha=1.3
344,99,alpha=1.3
345,105,alpha=1.3
346,127,alpha=1.3
347,106,alpha=1.3
348,118,alpha=1.3
349,105,alpha=1.3
350,86,alpha=1.3
351,108,alpha=1.3
352,76,alpha=1.3
353,100,alpha=1.3
354,92,alpha=1.3
355,112,alpha=1.3
356,92,alpha=1.3
357,102,alpha=1.3
358,86,alpha=1.3
359,104,alpha=1.3
360,109,alpha=1.3
361,108,alpha=1.3
362,108,alpha=1.3
363,92,alpha=1.3
364,96,alpha=1.3
365,97,alpha=1.3
366,100,alpha=1.3
367,126,alpha=1.3
368,99,alpha=1.3
369,97,alpha=1.3
370,110,alpha=1.3
371,121,alpha=1.3
372,93,alpha=1.3
373,106,alpha=1.3
374,116,alpha=1.3
375,93,alpha=1.3
376,83,alpha=1.3
377,92,alpha=1.3
378,102,alpha=1.3
379,90,alpha=1.3
380,87,alpha=1.3
381,91,alpha=1.3
382,103,alpha=1.3
383,97,alpha=1.3
384,99,alpha=1.3
385,90,alpha=1.3
386,94,alpha=1.3
387,94,alpha=1.3
388,102,alpha=1.3
389,96,alpha=1.3
390,97,alpha=1.3
391,138,alpha=1.3
392,106,alpha=1.3
393,105,alpha=1.3
394,113,alpha=1.3
395,102,alpha=1.3
396,109,alpha=1.3
397,80,alpha=1.3
398,103,alpha=1.3
399,96,alpha=1.3
400,103,alpha=1.3
401,77,alpha=1.3
402,92,alpha=1.3
403,129,alpha=1.3
404,104,alpha=1.3
405,89,alpha=1.3
406,106,alpha=1.3
407,82,alpha=1.3
408,101,alpha=1.3
409,97,alpha=1.3
410,100,alpha=1.3
411,97,alpha=1.3
412,99,alpha=1.3
413,113,alpha=1.3
414,95,alpha=1.3
415,86,alpha=1.3
416,97,alpha=1.3
417,96,alpha=1.3
418,93,alpha=1.3
419,112,alpha=1.3
420,106,alpha=1.3
421,101,alpha=1.3
422,99,alpha=1.3
423,102,alpha=1.3
424,116,alpha=1.3
425,93,alpha=1.3
426,94,alpha=1.3
427,94,alpha=1.3
428,91,alpha=1.3
429,99,alpha=1.3
430,110,alpha=1.3
431,104,alpha=1.3
432,103,alpha=1.3
433,103,alpha=1.3
434,102,alpha=1.3
435,82,alpha=1.3
436,102,alpha=1.3
437,94,alpha=1.3
438,78,alpha=1.3
439,102,alpha=1.3
440,95,alpha=1.3
441,94,alpha=1.3
442,107,alpha=1.3
443,96,alpha=1.3
444,84,alpha=1.3
445,102,alpha=1.3
446,96,alpha=1.3
447,101,alpha=1.3
448,100,alpha=1.3
449,114,alpha=1.3
450,115,alpha=1.3
451,84,alpha=1.3
452,115,alpha=1.3
453,116,alpha=1.3
454,104,alpha=1.3
455,92,alpha=1.3
456,102,alpha=1.3
457,101,alpha=1.3
458,123,alpha=1.3
459,93,alpha=1.3
460,109,alpha=1.3
461,99,alpha=1.3
462,100,alpha=1.3
463,108,alpha=1.3
464,86,alpha=1.3
465,97,alpha=1.3
466,105,alpha=1.3
467,114,alpha=1.3
468,96,alpha=1.3
469,87,alpha=1.3
470,104,alpha=1.3
471,105,alpha=1.3
472,119,alpha=1.3
473,111,alpha=1.3
474,88,alpha=1.3
475,98,alpha=1.3
476,101,alpha=1.3
477,112,alpha=1.3
478,108,alpha=1.3
479,103,alpha=1.3
480,102,alpha=1.3
481,99,alpha=1.3
482,107,alpha=1.3
483,94,alpha=1.3
484,82,alpha=1.3
485,94,alpha=1.3
486,113,alpha=1.3
487,105,alpha=1.3
488,78,alpha=1.3
489,107,alpha=1.3
490,112,alpha=1.3
491,98,alpha=1.3
492,96,alpha=1.3
493,104,alpha=1.3
494,84,alpha=1.3
495,98,alpha=1.3
496,109,alpha=1.3
497,97,alpha=1.3
498,107,alpha=1.3
499,105,alpha=1.3
500,101,alpha=1.3
501,118,alpha=1.3
502,101,alpha=1.3
503,111,alpha=1.3
504,99,alpha=1.3
505,89,alpha=1.3
506,105,alpha=1.3
507,91,alpha=1.3
508,124,alpha=1.3
509,93,alpha=1.3
510,90,alpha=1.3
511,103,alpha=1.3
512,103,alpha=1.3
513,107,alpha=1.3
514,73,alpha=1.3
515,99,alpha=1.3
516,97,alpha=1.3
517,99,alpha=1.3
518,79,alpha=1.3
519,98,alpha=1.3
520,96,alpha=1.3
521,100,alpha=1.3
522,102,alpha=1.3
523,106,alpha=1.3
524,93,alpha=1.3
525,100,alpha=1.3
526,105,alpha=1.3
527,89,alpha=1.3
528,119,alpha=1.3
529,80,alpha=1.3
530,116,alpha=1.3
531,118,alpha=1.3
532,90,alpha=1.3
533,112,alpha=1.3
534,115,alpha=1.3
535,104,alpha=1.3
536,96,alpha=1.3
537,86,alpha=1.3
538,96,alpha=1.3
539,92,alpha=1.3
540,134,alpha=1.3
541,105,alpha=1.3
542,93,alpha=1.3
543,107,alpha=1.3
544,83,alpha=1.3
545,98,alpha=1.3
546,96,alpha=1.3
547,86,alpha=1.3
548,104,alpha=1.3
549,76,alpha=1.3
550,100,alpha=1.3
551,97,alpha=1.3
552,105,alpha=1.3
553,107,alpha=1.3
554,103,alpha=1.3
555,109,alpha=1.3
556,83,alpha=1.3
557,109,alpha=1.3
558,115,alpha=1.3
559,102,alpha=1.3
560,100,alpha=1.3
561,94,alpha=1.3
562,93,alpha=1.3
563,93,alpha=1.3
564,84,alpha=1.3
565,94,alpha=1.3
566,93,alpha=1.3
567,98,alpha=1.3
568,93,alpha=1.3
569,104,alpha=1.3
570,108,alpha=1.3
571,111,alpha=1.3
572,109,alpha=1.3
573,114,alpha=1.3
574,109,alpha=1.3
575,83,alpha=1.3
576,90,alpha=1.3
577,103,alpha=1.3
578,97,alpha=1.3
579,94,alpha=1.3
580,96,alpha=1.3
581,112,alpha=1.3
582,116,alpha=1.3
583,110,alpha=1.3
584,112,alpha=1.3
585,109,alpha=1.3
586,114,alpha=1.3
587,104,alpha=1.3
588,102,alpha=1.3
589,93,alpha=1.3
590,112,alpha=1.3
591,94,alpha=1.3
592,114,alpha=1.3
593,103,alpha=1.3
594,100,alpha=1.3
595,104,alpha=1.3
596,101,alpha=1.3
597,92,alpha=1.3
598,92,alpha=1.3
599,99,alpha=1.3
600,124,alpha=1.3
601,118,alpha=1.3
602,110,alpha=1.3
603,108,alpha=1.3
604,105,alpha=1.3
605,108,alpha=1.3
606,113,alpha=1.3
607,71,alpha=1.3
608,102,alpha=1.3
609,87,alpha=1.3
610,101,alpha=1.3
611,109,alpha=1.3
612,85,alpha=1.3
613,107,alpha=1.3
614,99,alpha=1.3
615,102,alpha=1.3
616,90,alpha=1.3
617,90,alpha=1.3
618,89,alpha=1.3
619,97,alpha=1.3
620,108,alpha=1.3
621,99,alpha=1.3
622,86,alpha=1.3
623,94,alpha=1.3
624,90,alpha=1.3
625,107,alpha=1.3
626,109,alpha=1.3
627,92,alpha=1.3
628,116,alpha=1.3
629,107,alpha=1.3
630,103,alpha=1.3
631,101,alpha=1.3
632,91,alpha=1.3
633,83,alpha=1.3
634,95,alpha=1.3
635,90,alpha=1.3
636,107,alpha=1.3
637,106,alpha=1.3
638,90,alpha=1.3
639,87,alpha=1.3
640,96,alpha=1.3
641,110,alpha=1.3
642,84,alpha=1.3
643,93,alpha=1.3
644,95,alpha=1.3
645,92,alpha=1.3
646,89,alpha=1.3
647,84,alpha=1.3
648,94,alpha=1.3
649,100,alpha=1.3
650,93,alpha=1.3
651,111,alpha=1.3
652,112,alpha=1.3
653,100,alpha=1.3
654,101,alpha=1.3
655,110,alpha=1.3
656,101,alpha=1.3
657,97,alpha=1.3
658,116,alpha=1.3
659,99,alpha=1.3
660,88,alpha=1.3
661,100,alpha=1.3
662,116,alpha=1.3
663,103,alpha=1.3
664,103,alpha=1.3
665,94,alpha=1.3
666,91,alpha=1.3
667,103,alpha=1.3
668,94,alpha=1.3
669,90,alpha=1.3
670,99,alpha=1.3
671,100,alpha=1.3
672,100,alpha=1.3
673,108,alpha=1.3
674,103,alpha=1.3
675,115,alpha=1.3
676,107,alpha=1.3
677,107,alpha=1.3
678,98,alpha=1.3
679,99,alpha=1.3
680,93,alpha=1.3
681,97,alpha=1.3
682,98,alpha=1.3
683,90,alpha=1.3
684,86,alpha=1.3
685,113,alpha=1.3
686,90,alpha=1.3
687,112,alpha=1.3
688,111,alpha=1.3
689,111,alpha=1.3
690,132,alpha=1.3
691,95,alpha=1.3
692,101,alpha=1.3
693,95,alpha=1.3
694,116,alpha=1.3
695,93,alpha=1.3
696,95,alpha=1.3
697,118,alpha=1.3
698,109,alpha=1.3
699,109,alpha=1.3
700,97,alpha=1.3
701,90,alpha=1.3
702,88,alpha=1.3
703,100,alpha=1.3
704,76,alpha=1.3
705,108,alpha=1.3
706,88,alpha=1.3
707,104,alpha=1.3
708,103,alpha=1.3
709,105,alpha=1.3
710,101,alpha=1.3
711,97,alpha=1.3
712,95,alpha=1.3
713,106,alpha=1.3
714,115,alpha=1.3
715,102,alpha=1.3
716,112,alpha=1.3
717,94,alpha=1.3
718,89,alpha=1.3
719,104,alpha=1.3
720,100,alpha=1.3
721,102,alpha=1.3
722,106,alpha=1.3
723,102,alpha=1.3
724,92,alpha=1.3
725,79,alpha=1.3
726,116,alpha=1.3
727,103,alpha=1.3
728,106,alpha=1.3
729,111,alpha=1.3
730,91,alpha=1.3
731,104,alpha=1.3
732,102,alpha=1.3
733,118,alpha=1.3
734,115,alpha=1.3
735,99,alpha=1.3
736,101,alpha=1.3
737,96,alpha=1.3
738,107,alpha=1.3
739,108,alpha=1.3
740,109,alpha=1.3
741,92,alpha=1.3
742,110,alpha=1.3
743,84,alpha=1.3
744,103,alpha=1.3
745,109,alpha=1.3
746,106,alpha=1.3
747,99,alpha=1.3
748,95,alpha=1.3
749,95,alpha=1.3
750,113,alpha=1.3
751,94,alpha=1.3
752,102,alpha=1.3
753,82,alpha=1.3
754,104,alpha=1.3
755,114,alpha=1.3
756,103,alpha=1.3
757,99,alpha=1.3
758,88,alpha=1.3
759,82,alpha=1.3
760,121,alpha=1.3
761,87,alpha=1.3
762,96,alpha=1.3
763,103,alpha=1.3
764,116,alpha=1.3
765,99,alpha=1.3
766,105,alpha=1.3
767,80,alpha=1.3
768,124,alpha=1.3
769,97,alpha=1.3
770,93,alpha=1.3
771,94,alpha=1.3
772,83,alpha=1.3
773,75,alpha=1.3
774,106,alpha=1.3
775,104,alpha=1.3
776,101,alpha=1.3
777,92,alpha=1.3
778,109,alpha=1.3
779,83,alpha=1.3
780,96,alpha=1.3
781,91,alpha=1.3
782,106,alpha=1.3
783,113,alpha=1.3
784,100,alpha=1.3
785,109,alpha=1.3
786,108,alpha=1.3
787,76,alpha=1.3
788,105,alpha=1.3
789,112,alpha=1.3
790,87,alpha=1.3
791,96,alpha=1.3
792,110,alpha=1.3
793,109,alpha=1.3
794,86,alpha=1.3
795,109,alpha=1.3
796,124,alpha=1.3
797,98,alpha=1.3
798,100,alpha=1.3
799,102,alpha=1.3
800,101,alpha=1.3
801,106,alpha=1.3
802,99,alpha=1.3
803,80,alpha=1.3
804,101,alpha=1.3
805,102,alpha=1.3
806,108,alpha=1.3
807,88,alpha=1.3
808,94,alpha=1.3
809,99,alpha=1.3
810,112,alpha=1.3
811,117,alpha=1.3
812,87,alpha=1.3
813,108,alpha=1.3
814,98,alpha=1.3
815,101,alpha=1.3
816,111,alpha=1.3
817,102,alpha=1.3
818,104,alpha=1.3
819,117,alpha=1.3
820,107,alpha=1.3
821,85,alpha=1.3
822,120,alpha=1.3
823,98,alpha=1.3
824,90,alpha=1.3
825,115,alpha=1.3
826,90,alpha=1.3
827,94,alpha=1.3
828,114,alpha=1.3
829,98,alpha=1.3
830,109,alpha=1.3
831,96,alpha=1.3
832,97,alpha=1.3
833,101,alpha=1.3
834,87,alpha=1.3
835,102,alpha=1.3
836,86,alpha=1.3
837,96,alpha=1.3
838,117,alpha=1.3
839,100,alpha=1.3
840,93,alpha=1.3
841,105,alpha=1.3
842,117,alpha=1.3
843,106,alpha=1.3
844,101,alpha=1.3
845,104,alpha=1.3
846,88,alpha=1.3
847,75,alpha=1.3
848,80,alpha=1.3
849,102,alpha=1.3
850,101,alpha=1.3
851,105,alpha=1.3
852,100,alpha=1.3
853,95,alpha=1.3
854,94,alpha=1.3
855,90,alpha=1.3
856,120,alpha=1.3
857,106,alpha=1.3
858,108,alpha=1.3
859,99,alpha=1.3
860,98,alpha=1.3
861,82,alpha=1.3
862,105,alpha=1.3
863,93,alpha=1.3
864,114,alpha=1.3
865,83,alpha=1.3
866,59,alpha=1.3
867,103,alpha=1.3
868,122,alpha=1.3
869,92,alpha=1.3
870,121,alpha=1.3
871,97,alpha=1.3
872,88,alpha=1.3
873,107,alpha=1.3
874,116,alpha=1.3
875,103,alpha=1.3
876,86,alpha=1.3
877,98,alpha=1.3
878,94,alpha=1.3
879,101,alpha=1.3
880,101,alpha=1.3
881,101,alpha=1.3
882,116,alpha=1.3
883,113,alpha=1.3
884,89,alpha=1.3
885,124,alpha=1.3
886,91,alpha=1.3
887,100,alpha=1.3
888,100,alpha=1.3
889,84,alpha=1.3
890,99,alpha=1.3
891,112,alpha=1.3
892,115,alpha=1.3
893,98,alpha=1.3
894,86,alpha=1.3
895,107,alpha=1.3
896,96,alpha=1.3
897,118,alpha=1.3
898,81,alpha=1.3
899,87,alpha=1.3
900,95,alpha=1.3
901,94,alpha=1.3
902,127,alpha=1.3
903,101,alpha=1.3
904,113,alpha=1.3
905,94,alpha=1.3
906,102,alpha=1.3
907,87,alpha=1.3
908,97,alpha=1.3
909,105,alpha=1.3
910,95,alpha=1.3
911,110,alpha=1.3
912,83,alpha=1.3
913,116,alpha=1.3
914,100,alpha=1.3
915,97,alpha=1.3
916,107,alpha=1.3
917,99,alpha=1.3
918,91,alpha=1.3
919,103,alpha=1.3
920,84,alpha=1.3
921,77,alpha=1.3
922,120,alpha=1.3
923,100,alpha=1.3
924,98,alpha=1.3
925,110,alpha=1.3
926,105,alpha=1.3
927,99,alpha=1.3
928,91,alpha=1.3
929,111,alpha=1.3
930,82,alpha=1.3
931,123,alpha=1.3
932,101,alpha=1.3
933,84,alpha=1.3
934,93,alpha=1.3
935,111,alpha=1.3
936,112,alpha=1.3
937,96,alpha=1.3
938,112,alpha=1.3
939,99,alpha=1.3
940,87,alpha=1.3
941,90,alpha=1.3
942,109,alpha=1.3
943,114,alpha=1.3
944,101,alpha=1.3
945,97,alpha=1.3
946,109,alpha=1.3
947,89,alpha=1.3
948,100,alpha=1.3
949,92,alpha=1.3
950,82,alpha=1.3
951,93,alpha=1.3
952,92,alpha=1.3
953,127,alpha=1.3
954,103,alpha=1.3
955,101,alpha=1.3
956,97,alpha=1.3
957,101,alpha=1.3
958,84,alpha=1.3
959,89,alpha=1.3
960,84,alpha=1.3
961,79,alpha=1.3
962,81,alpha=1.3
963,103,alpha=1.3
964,83,alpha=1.3
965,80,alpha=1.3
966,109,alpha=1.3
967,103,alpha=1.3
968,101,alpha=1.3
969,96,alpha=1.3
970,104,alpha=1.3
971,95,alpha=1.3
972,101,alpha=1.3
973,97,alpha=1.3
974,104,alpha=1.3
975,103,alpha=1.3
976,106,alpha=1.3
977,102,alpha=1.3
978,97,alpha=1.3
979,92,alpha=1.3
980,98,alpha=1.3
981,103,alpha=1.3
982,107,alpha=1.3
983,102,alpha=1.3
984,108,alpha=1.3
985,106,alpha=1.3
986,84,alpha=1.3
987,88,alpha=1.3
988,107,alpha=1.3
989,107,alpha=1.3
990,117,alpha=1.3
991,94,alpha=1.3
992,97,alpha=1.3
993,109,alpha=1.3
994,98,alpha=1.3
995,100,alpha=1.3
996,88,alpha=1.3
997,114,alpha=1.3
998,103,alpha=1.3
999,106,alpha=1.3
1000,103,alpha=1.3
1001,91,alpha=1.3
1002,102,alpha=1.3
1003,114,alpha=1.3
1004,87,alpha=1.3
1005,102,alpha=1.3
1006,82,alpha=1.3
1007,102,alpha=1.3
1008,93,alpha=1.3
1009,93,alpha=1.3
1010,100,alpha=1.3
1011,96,alpha=1.3
1012,113,alpha=1.3
1013,92,alpha=1.3
1014,96,alpha=1.3
1015,108,alpha=1.3
1016,119,alpha=1.3
1017,97,alpha=1.3
1018,110,alpha=1.3
1019,93,alpha=1.3
1020,112,alpha=1.3
1021,93,alpha=1.3
1022,93,alpha=1.3
1023,104,alpha=1.3
1024,111,alpha=1.3
1025,103,alpha=1.3
1026,108,alpha=1.3
1027,108,alpha=1.3
1028,103,alpha=1.3
1029,118,alpha=1.3
1030,90,alpha=1.3
1031,110,alpha=1.3
1032,113,alpha=1.3
1033,74,alpha=1.3
1034,116,alpha=1.3
1035,107,alpha=1.3
1036,94,alpha=1.3
1037,88,alpha=1.3
1038,116,alpha=1.3
1039,108,alpha=1.3
1040,107,alpha=1.3
1041,91,alpha=1.3
1042,117,alpha=1.3
1043,110,alpha=1.3
1044,109,alpha=1.3
1045,118,alpha=1.3
1046,111,alpha=1.3
1047,91,alpha=1.3
1048,113,alpha=1.3
1049,108,alpha=1.3
1050,94,alpha=1.3
1051,115,alpha=1.3
1052,91,alpha=1.3
1053,99,alpha=1.3
1054,92,alpha=1.3
1055,86,alpha=1.3
1056,103,alpha=1.3
1057,95,alpha=1.3
1058,95,alpha=1.3
1059,83,alpha=1.3
1060,94,alpha=1.3
1061,83,alpha=1.3
1062,108,alpha=1.3
1063,96,alpha=1.3
1064,85,alpha=1.3
1065,82,alpha=1.3
1066,90,alpha=1.3
1067,90,alpha=1.3
1068,91,alpha=1.3
1069,97,alpha=1.3
1070,106,alpha=1.3
1071,99,alpha=1.3
1072,103,alpha=1.3
1073,94,alpha=1.3
1074,103,alpha=1.3
1075,113,alpha=1.3
1076,99,alpha=1.3
1077,105,alpha=1.3
1078,104,alpha=1.3
1079,113,alpha=1.3
1080,103,alpha=1.3
1081,93,alpha=1.3
1082,90,alpha=1.3
1083,96,alpha=1.3
1084,98,alpha=1.3
1085,110,alpha=1.3
1086,104,alpha=1.3
1087,73,alpha=1.3
1088,111,alpha=1.3
1089,100,alpha=1.3
1090,100,alpha=1.3
1091,86,alpha=1.3
1092,107,alpha=1.3
1093,87,alpha=1.3
1094,90,alpha=1.3
1095,91,alpha=1.3
1096,101,alpha=1.3
1097,110,alpha=1.3
1098,100,alpha=1.3
1099,91,alpha=1.3
1100,113,alpha=1.3
1101,110,alpha=1.3
1102,99,alpha=1.3
1103,118,alpha=1.3
1104,108,alpha=1.3
1105,100,alpha=1.3
1106,110,alpha=1.3
1107,95,alpha=1.3
1108,97,alpha=1.3
1109,97,alpha=1.3
1110,99,alpha=1.3
1111,112,alpha=1.3
1112,123,alpha=1.3
1113,107,alpha=1.3
1114,103,alpha=1.3
1115,110,alpha=1.3
1116,97,alpha=1.3
1117,94,alpha=1.3
1118,116,alpha=1.3
1119,101,alpha=1.3
1120,89,alpha=1.3
1121,84,alpha=1.3
1122,84,alpha=1.3
1123,93,alpha=1.3
1124,85,alpha=1.3
1125,100,alpha=1.3
1126,99,alpha=1.3
1127,94,alpha=1.3
1128,109,alpha=1.3
1129,84,alpha=1.3
1130,101,alpha=1.3
1131,120,alpha=1.3
1132,109,alpha=1.3
1133,119,alpha=1.3
1134,93,alpha=1.3
1135,97,alpha=1.3
1136,90,alpha=1.3
1137,99,alpha=1.3
1138,103,alpha=1.3
1139,117,alpha=1.3
1140,103,alpha=1.3
1141,90,alpha=1.3
1142,102,alpha=1.3
1143,103,alpha=1.3
1144,98,alpha=1.3
1145,99,alpha=1.3
1146,102,alpha=1.3
1147,102,alpha=1.3
1148,115,alpha=1.3
1149,104,alpha=1.3
1150,84,alpha=1.3
1151,104,alpha=1.3
1152,117,alpha=1.3
1153,94,alpha=1.3
1154,88,alpha=1.3
1155,106,alpha=1.3
1156,93,alpha=1.3
1157,111,alpha=1.3
1158,108,alpha=1.3
1159,103,alpha=1.3
1160,94,alpha=1.3
1161,87,alpha=1.3
1162,113,alpha=1.3
1163,104,alpha=1.3
1164,108,alpha=1.3
1165,108,alpha=1.3
1166,114,alpha=1.3
1167,106,alpha=1.3
1168,133,alpha=1.3
1169,111,alpha=1.3
1170,102,alpha=1.3
1171,102,alpha=1.3
1172,109,alpha=1.3
1173,96,alpha=1.3
1174,105,alpha=1.3
1175,88,alpha=1.3
1176,92,alpha=1.3
1177,104,alpha=1.3
1178,101,alpha=1.3
1179,95,alpha=1.3
1180,107,alpha=1.3
1181,106,alpha=1.3
1182,104,alpha=1.3
1183,100,alpha=1.3
1184,96,alpha=1.3
1185,95,alpha=1.3
1186,95,alpha=1.3
1187,94,alpha=1.3
1188,87,alpha=1.3
1189,90,alpha=1.3
1190,100,alpha=1.3
1191,88,alpha=1.3
1192,92,alpha=1.3
1193,89,alpha=1.3
1194,98,alpha=1.3
1195,87,alpha=1.3
1196,99,alpha=1.3
1197,107,alpha=1.3
1198,78,alpha=1.3
1199,83,alpha=1.3
1200,93,alpha=1.3
1201,96,alpha=1.3
1202,102,alpha=1.3
1203,141,alpha=1.3
1204,94,alpha=1.3
1205,99,alpha=1.3
1206,115,alpha=1.3
1207,95,alpha=1.3
1208,115,alpha=1.3
1209,113,alpha=1.3
1210,104,alpha=1.3
1211,108,alpha=1.3
1212,103,alpha=1.3
1213,107,alpha=1.3
1214,106,alpha=1.3
1215,81,alpha=1.3
1216,99,alpha=1.3
1217,105,alpha=1.3
1218,107,alpha=1.3
1219,98,alpha=1.3
1220,113,alpha=1.3
1221,97,alpha=1.3
1222,122,alpha=1.3
1223,106,alpha=1.3
1224,109,alpha=1.3
1225,99,alpha=1.3
1226,107,alpha=1.3
1227,113,alpha=1.3
1228,103,alpha=1.3
1229,108,alpha=1.3
1230,92,alpha=1.3
1231,105,alpha=1.3
1232,104,alpha=1.3
1233,111,alpha=1.3
1234,106,alpha=1.3
1235,94,alpha=1.3
1236,98,alpha=1.3
1237,77,alpha=1.3
1238,80,alpha=1.3
1239,118,alpha=1.3
1240,85,alpha=1.3
1241,113,alpha=1.3
1242,109,alpha=1.3
1243,106,alpha=1.3
1244,87,alpha=1.3
1245,104,alpha=1.3
1246,120,alpha=1.3
1247,110,alpha=1.3
1248,82,alpha=1.3
1249,103,alpha=1.3
1250,105,alpha=1.3
1251,90,alpha=1.3
1252,104,alpha=1.3
1253,96,alpha=1.3
1254,92,alpha=1.3
1255,100,alpha=1.3
1256,80,alpha=1.3
1257,88,alpha=1.3
1258,106,alpha=1.3
1259,110,alpha=1.3
1260,108,alpha=1.3
1261,94,alpha=1.3
1262,87,alpha=1.3
1263,99,alpha=1.3
1264,81,alpha=1.3
1265,116,alpha=1.3
1266,111,alpha=1.3
1267,94,alpha=1.3
1268,107,alpha=1.3
1269,113,alpha=1.3
1270,105,alpha=1.3
1271,93,alpha=1.3
1272,93,alpha=1.3
1273,100,alpha=1.3
1274,104,alpha=1.3
1275,108,alpha=1.3
1276,98,alpha=1.3
1277,119,alpha=1.3
1278,89,alpha=1.3
1279,112,alpha=1.3
1280,97,alpha=1.3
1281,112,alpha=1.3
1282,106,alpha=1.3
1283,102,alpha=1.3
1284,115,alpha=1.3
1285,101,alpha=1.3
1286,116,alpha=1.3
1287,102,alpha=1.3
1288,105,alpha=1.3
1289,95,alpha=1.3
1290,87,alpha=1.3
1291,91,alpha=1.3
1292,94,alpha=1.3
1293,98,alpha=1.3
1294,91,alpha=1.3
1295,114,alpha=1.3
1296,80,alpha=1.3
1297,100,alpha=1.3
1298,111,alpha=1.3
1299,114,alpha=1.3
1300,85,alpha=1.3
1301,86,alpha=1.3
1302,103,alpha=1.3
1303,99,alpha=1.3
1304,96,alpha=1.3
1305,104,alpha=1.3
1306,88,alpha=1.3
1307,94,alpha=1.3
1308,92,alpha=1.3
1309,110,alpha=1.3
1310,101,alpha=1.3
1311,89,alpha=1.3
1312,83,alpha=1.3
1313,99,alpha=1.3
1314,115,alpha=1.3
1315,106,alpha=1.3
1316,99,alpha=1.3
1317,111,alpha=1.3
1318,83,alpha=1.3
1319,100,alpha=1.3
1320,90,alpha=1.3
1321,100,alpha=1.3
1322,81,alpha=1.3
1323,87,alpha=1.3
1324,114,alpha=1.3
1325,94,alpha=1.3
1326,105,alpha=1.3
1327,116,alpha=1.3
1328,105,alpha=1.3
1329,103,alpha=1.3
1330,93,alpha=1.3
1331,101,alpha=1.3
1332,114,alpha=1.3
1333,86,alpha=1.3
1334,80,alpha=1.3
1335,84,alpha=1.3
1336,97,alpha=1.3
1337,88,alpha=1.3
1338,93,alpha=1.3
1339,110,alpha=1.3
1340,98,alpha=1.3
1341,113,alpha=1.3
1342,90,alpha=1.3
1343,98,alpha=1.3
1344,96,alpha=1.3
1345,89,alpha=1.3
1346,103,alpha=1.3
1347,92,alpha=1.3
1348,110,alpha=1.3
1349,100,alpha=1.3
1350,97,alpha=1.3
1351,102,alpha=1.3
1352,112,alpha=1.3
1353,107,alpha=1.3
1354,80,alpha=1.3
1355,90,alpha=1.3
1356,107,alpha=1.3
1357,103,alpha=1.3
1358,87,alpha=1.3
1359,94,alpha=1.3
1360,86,alpha=1.3
1361,108,alpha=1.3
1362,130,alpha=1.3
1363,88,alpha=1.3
1364,110,alpha=1.3
1365,101,alpha=1.3
1366,100,alpha=1.3
1367,106,alpha=1.3
1368,97,alpha=1.3
1369,93,alpha=1.3
1370,85,alpha=1.3
1371,105,alpha=1.3
1372,98,alpha=1.3
1373,90,alpha=1.3
1374,117,alpha=1.3
1375,99,alpha=1.3
1376,75,alpha=1.3
1377,110,alpha=1.3
1378,99,alpha=1.3
1379,79,alpha=1.3
1380,89,alpha=1.3
1381,95,alpha=1.3
1382,100,alpha=1.3
1383,104,alpha=1.3
1384,109,alpha=1.3
1385,90,alpha=1.3
1386,82,alpha=1.3
1387,103,alpha=1.3
1388,96,alpha=1.3
1389,107,alpha=1.3
1390,83,alpha=1.3
1391,94,alpha=1.3
1392,96,alpha=1.3
1393,88,alpha=1.3
1394,117,alpha=1.3
1395,98,alpha=1.3
1396,103,alpha=1.3
1397,109,alpha=1.3
1398,111,alpha=1.3
1399,90,alpha=1.3
1400,92,alpha=1.3
1401,100,alpha=1.3
1402,99,alpha=1.3
1403,97,alpha=1.3
1404,89,alpha=1.3
1405,110,alpha=1.3
1406,107,alpha=1.3
1407,101,alpha=1.3
1408,87,alpha=1.3
1409,91,alpha=1.3
1410,102,alpha=1.3
1411,89,alpha=1.3
1412,111,alpha=1.3
1413,105,alpha=1.3
1414,107,alpha=1.3
1415,98,alpha=1.3
1416,100,alpha=1.3
1417,108,alpha=1.3
1418,95,alpha=1.3
1419,98,alpha=1.3
1420,103,alpha=1.3
1421,110,alpha=1.3
1422,107,alpha=1.3
1423,104,alpha=1.3
1424,100,alpha=1.3
1425,95,alpha=1.3
1426,96,alpha=1.3
1427,68,alpha=1.3
1428,96,alpha=1.3
1429,94,alpha=1.3
1430,98,alpha=1.3
1431,98,alpha=1.3
1432,103,alpha=1.3
1433,95,alpha=1.3
1434,88,alpha=1.3
1435,93,alpha=1.3
1436,102,alpha=1.3
1437,96,alpha=1.3
1438,101,alpha=1.3
1439,97,alpha=1.3
1440,94,alpha=1.3
1441,100,alpha=1.3
1442,93,alpha=1.3
1443,96,alpha=1.3
1444,87,alpha=1.3
1445,89,alpha=1.3
1446,107,alpha=1.3
1447,92,alpha=1.3
1448,94,alpha=1.3
1449,86,alpha=1.3
1450,97,alpha=1.3
1451,106,alpha=1.3
1452,106,alpha=1.3
1453,87,alpha=1.3
1454,97,alpha=1.3
1455,96,alpha=1.3
1456,92,alpha=1.3
1457,99,alpha=1.3
1458,106,alpha=1.3
1459,116,alpha=1.3
1460,78,alpha=1.3
1461,96,alpha=1.3
1462,94,alpha=1.3
1463,98,alpha=1.3
1464,85,alpha=1.3
1465,99,alpha=1.3
1466,98,alpha=1.3
1467,103,alpha=1.3
1468,104,alpha=1.3
1469,100,alpha=1.3
1470,88,alpha=1.3
1471,105,alpha=1.3
1472,107,alpha=1.3
1473,92,alpha=1.3
1474,101,alpha=1.3
1475,109,alpha=1.3
1476,95,alpha=1.3
1477,114,alpha=1.3
1478,93,alpha=1.3
1479,77,alpha=1.3
1480,115,alpha=1.3
1481,98,alpha=1.3
1482,97,alpha=1.3
1483,108,alpha=1.3
1484,111,alpha=1.3
1485,101,alpha=1.3
1486,98,alpha=1.3
1487,111,alpha=1.3
1488,102,alpha=1.3
1489,94,alpha=1.3
1490,92,alpha=1.3
1491,92,alpha=1.3
1492,91,alpha=1.3
1493,90,alpha=1.3
1494,95,alpha=1.3
1495,96,alpha=1.3
1496,98,alpha=1.3
1497,75,alpha=1.3
1498,113,alpha=1.3
1499,104,alpha=1.3
1500,104,alpha=1.3
1501,104,alpha=1.3
1502,93,alpha=1.3
1503,92,alpha=1.3
1504,101,alpha=1.3
1505,97,alpha=1.3
1506,109,alpha=1.3
1507,89,alpha=1.3
1508,98,alpha=1.3
1509,104,alpha=1.3
1510,104,alpha=1.3
1511,105,alpha=1.3
1512,98,alpha=1.3
1513,100,alpha=1.3
1514,102,alpha=1.3
1515,99,alpha=1.3
1516,97,alpha=1.3
1517,97,alpha=1.3
1518,95,alpha=1.3
1519,84,alpha=1.3
1520,86,alpha=1.3
1521,97,alpha=1.3
1522,107,alpha=1.3
1523,108,alpha=1.3
1524,111,alpha=1.3
1525,98,alpha=1.3
1526,95,alpha=1.3
1527,95,alpha=1.3
1528,84,alpha=1.3
1529,96,alpha=1.3
1530,105,alpha=1.3
1531,95,alpha=1.3
1532,92,alpha=1.3
1533,113,alpha=1.3
1534,95,alpha=1.3
1535,95,alpha=1.3
1536,105,alpha=1.3
1537,92,alpha=1.3
1538,103,alpha=1.3
1539,90,alpha=1.3
1540,113,alpha=1.3
1541,93,alpha=1.3
1542,91,alpha=1.3
1543,89,alpha=1.3
1544,114,alpha=1.3
1545,91,alpha=1.3
1546,89,alpha=1.3
1547,96,alpha=1.3
1548,102,alpha=1.3
1549,104,alpha=1.3
1550,94,alpha=1.3
1551,105,alpha=1.3
1552,95,alpha=1.3
1553,99,alpha=1.3
1554,78,alpha=1.3
1555,104,alpha=1.3
1556,112,alpha=1.3
1557,104,alpha=1.3
1558,98,alpha=1.3
1559,99,alpha=1.3
1560,98,alpha=1.3
1561,106,alpha=1.3
1562,94,alpha=1.3
1563,84,alpha=1.3
1564,102,alpha=1.3
1565,88,alpha=1.3
1566,84,alpha=1.3
1567,98,alpha=1.3
1568,106,alpha=1.3
1569,91,alpha=1.3
1570,81,alpha=1.3
1571,86,alpha=1.3
1572,115,alpha=1.3
1573,108,alpha=1.3
1574,101,alpha=1.3
1575,105,alpha=1.3
1576,101,alpha=1.3
1577,102,alpha=1.3
1578,106,alpha=1.3
1579,87,alpha=1.3
1580,98,alpha=1.3
1581,105,alpha=1.3
1582,103,alpha=1.3
1583,95,alpha=1.3
1584,100,alpha=1.3
1585,96,alpha=1.3
1586,114,alpha=1.3
1587,105,alpha=1.3
1588,100,alpha=1.3
1589,106,alpha=1.3
1590,110,alpha=1.3
1591,113,alpha=1.3
1592,111,alpha=1.3
1593,107,alpha=1.3
1594,106,alpha=1.3
1595,111,alpha=1.3
1596,105,alpha=1.3
1597,84,alpha=1.3
1598,107,alpha=1.3
1599,91,alpha=1.3
1600,123,alpha=1.3
1601,103,alpha=1.3
1602,112,alpha=1.3
1603,98,alpha=1.3
1604,91,alpha=1.3
1605,96,alpha=1.3
1606,101,alpha=1.3
1607,83,alpha=1.3
1608,98,alpha=1.3
1609,130,alpha=1.3
1610,90,alpha=1.3
1611,89,alpha=1.3
1612,102,alpha=1.3
1613,95,alpha=1.3
1614,101,alpha=1.3
1615,96,alpha=1.3
1616,101,alpha=1.3
1617,106,alpha=1.3
1618,119,alpha=1.3
1619,110,alpha=1.3
1620,83,alpha=1.3
1621,93,alpha=1.3
1622,102,alpha=1.3
1623,99,alpha=1.3
1624,94,alpha=1.3
1625,99,alpha=1.3
1626,108,alpha=1.3
1627,115,alpha=1.3
1628,92,alpha=1.3
1629,94,alpha=1.3
1630,94,alpha=1.3
1631,105,alpha=1.3
1632,104,alpha=1.3
1633,93,alpha=1.3
1634,91,alpha=1.3
1635,81,alpha=1.3
1636,113,alpha=1.3
1637,82,alpha=1.3
1638,105,alpha=1.3
1639,99,alpha=1.3
1640,92,alpha=1.3
1641,82,alpha=1.3
1642,94,alpha=1.3
1643,99,alpha=1.3
1644,89,alpha=1.3
1645,102,alpha=1.3
1646,112,alpha=1.3
1647,87,alpha=1.3
1648,98,alpha=1.3
1649,117,alpha=1.3
1650,93,alpha=1.3
1651,113,alpha=1.3
1652,88,alpha=1.3
1653,97,alpha=1.3
1654,110,alpha=1.3
1655,92,alpha=1.3
1656,86,alpha=1.3
1657,110,alpha=1.3
1658,99,alpha=1.3
1659,88,alpha=1.3
1660,95,alpha=1.3
1661,93,alpha=1.3
1662,107,alpha=1.3
1663,104,alpha=1.3
1664,73,alpha=1.3
1665,96,alpha=1.3
1666,101,alpha=1.3
1667,95,alpha=1.3
1668,106,alpha=1.3
1669,95,alpha=1.3
1670,100,alpha=1.3
1671,102,alpha=1.3
1672,94,alpha=1.3
1673,107,alpha=1.3
1674,99,alpha=1.3
1675,104,alpha=1.3
1676,104,alpha=1.3
1677,98,alpha=1.3
1678,108,alpha=1.3
1679,101,alpha=1.3
1680,98,alpha=1.3
1681,112,alpha=1.3
1682,117,alpha=1.3
1683,102,alpha=1.3
1684,110,alpha=1.3
1685,90,alpha=1.3
1686,87,alpha=1.3
1687,85,alpha=1.3
1688,97,alpha=1.3
1689,121,alpha=1.3
1690,108,alpha=1.3
1691,94,alpha=1.3
1692,114,alpha=1.3
1693,106,alpha=1.3
1694,98,alpha=1.3
1695,87,alpha=1.3
1696,125,alpha=1.3
1697,108,alpha=1.3
1698,87,alpha=1.3
1699,117,alpha=1.3
1700,93,alpha=1.3
1701,101,alpha=1.3
1702,114,alpha=1.3
1703,88,alpha=1.3
1704,125,alpha=1.3
1705,115,alpha=1.3
1706,105,alpha=1.3
1707,106,alpha=1.3
1708,108,alpha=1.3
1709,89,alpha=1.3
1710,100,alpha=1.3
1711,114,alpha=1.3
1712,88,alpha=1.3
1713,94,alpha=1.3
1714,84,alpha=1.3
1715,101,alpha=1.3
1716,111,alpha=1.3
1717,88,alpha=1.3
1718,109,alpha=1.3
1719,92,alpha=1.3
1720,94,alpha=1.3
1721,97,alpha=1.3
1722,89,alpha=1.3
1723,96,alpha=1.3
1724,90,alpha=1.3
1725,98,alpha=1.3
1726,100,alpha=1.3
1727,90,alpha=1.3
1728,106,alpha=1.3
1729,109,alpha=1.3
1730,93,alpha=1.3
1731,93,alpha=1.3
1732,102,alpha=1.3
1733,96,alpha=1.3
1734,104,alpha=1.3
1735,101,alpha=1.3
1736,117,alpha=1.3
1737,101,alpha=1.3
1738,95,alpha=1.3
1739,102,alpha=1.3
1740,99,alpha=1.3
1741,91,alpha=1.3
1742,117,alpha=1.3
1743,98,alpha=1.3
1744,99,alpha=1.3
1745,113,alpha=1.3
1746,108,alpha=1.3
1747,89,alpha=1.3
1748,113,alpha=1.3
1749,101,alpha=1.3
1750,107,alpha=1.3
1751,92,alpha=1.3
1752,103,alpha=1.3
1753,104,alpha=1.3
1754,106,alpha=1.3
1755,89,alpha=1.3
1756,93,alpha=1.3
1757,93,alpha=1.3
1758,104,alpha=1.3
1759,126,alpha=1.3
1760,98,alpha=1.3
1761,104,alpha=1.3
1762,86,alpha=1.3
1763,87,alpha=1.3
1764,92,alpha=1.3
1765,108,alpha=1.3
1766,94,alpha=1.3
1767,110,alpha=1.3
1768,105,alpha=1.3
1769,87,alpha=1.3
1770,94,alpha=1.3
1771,91,alpha=1.3
1772,89,alpha=1.3
1773,85,alpha=1.3
1774,92,alpha=1.3
1775,109,alpha=1.3
1776,102,alpha=1.3
1777,95,alpha=1.3
1778,105,alpha=1.3
1779,92,alpha=1.3
1780,96,alpha=1.3
1781,91,alpha=1.3
1782,105,alpha=1.3
1783,104,alpha=1.3
1784,89,alpha=1.3
1785,114,alpha=1.3
1786,105,alpha=1.3
1787,106,alpha=1.3
1788,98,alpha=1.3
1789,96,alpha=1.3
1790,112,alpha=1.3
1791,105,alpha=1.3
1792,107,alpha=1.3
1793,90,alpha=1.3
1794,97,alpha=1.3
1795,91,alpha=1.3
1796,94,alpha=1.3
1797,107,alpha=1.3
1798,111,alpha=1.3
1799,92,alpha=1.3
1800,100,alpha=1.3
1801,105,alpha=1.3
1802,100,alpha=1.3
1803,100,alpha=1.3
1804,88,alpha=1.3
1805,96,alpha=1.3
1806,98,alpha=1.3
1807,102,alpha=1.3
1808,95,alpha=1.3
1809,81,alpha=1.3
1810,104,alpha=1.3
1811,103,alpha=1.3
1812,111,alpha=1.3
1813,107,alpha=1.3
1814,110,alpha=1.3
1815,91,alpha=1.3
1816,106,alpha=1.3
1817,96,alpha=1.3
1818,109,alpha=1.3
1819,107,alpha=1.3
1820,88,alpha=1.3
1821,112,alpha=1.3
1822,108,alpha=1.3
1823,93,alpha=1.3
1824,91,alpha=1.3
1825,106,alpha=1.3
1826,103,alpha=1.3
1827,98,alpha=1.3
1828,120,alpha=1.3
1829,100,alpha=1.3
1830,105,alpha=1.3
1831,94,alpha=1.3
1832,94,alpha=1.3
1833,97,alpha=1.3
1834,100,alpha=1.3
1835,106,alpha=1.3
1836,96,alpha=1.3
1837,80,alpha=1.3
1838,90,alpha=1.3
1839,104,alpha=1.3
1840,96,alpha=1.3
1841,93,alpha=1.3
1842,109,alpha=1.3
1843,87,alpha=1.3
1844,99,alpha=1.3
1845,100,alpha=1.3
1846,127,alpha=1.3
1847,105,alpha=1.3
1848,119,alpha=1.3
1849,122,alpha=1.3
1850,99,alpha=1.3
1851,90,alpha=1.3
1852,100,alpha=1.3
1853,118,alpha=1.3
1854,91,alpha=1.3
1855,90,alpha=1.3
1856,110,alpha=1.3
1857,102,alpha=1.3
1858,108,alpha=1.3
1859,106,alpha=1.3
1860,100,alpha=1.3
1861,82,alpha=1.3
1862,102,alpha=1.3
1863,117,alpha=1.3
1864,95,alpha=1.3
1865,93,alpha=1.3
1866,111,alpha=1.3
1867,99,alpha=1.3
1868,104,alpha=1.3
1869,111,alpha=1.3
1870,114,alpha=1.3
1871,108,alpha=1.3
1872,105,alpha=1.3
1873,95,alpha=1.3
1874,89,alpha=1.3
1875,95,alpha=1.3
1876,107,alpha=1.3
1877,105,alpha=1.3
1878,104,alpha=1.3
1879,95,alpha=1.3
1880,104,alpha=1.3
1881,110,alpha=1.3
1882,92,alpha=1.3
1883,115,alpha=1.3
1884,108,alpha=1.3
1885,87,alpha=1.3
1886,92,alpha=1.3
1887,116,alpha=1.3
1888,116,alpha=1.3
1889,103,alpha=1.3
1890,110,alpha=1.3
1891,117,alpha=1.3
1892,84,alpha=1.3
1893,104,alpha=1.3
1894,86,alpha=1.3
1895,97,alpha=1.3
1896,109,alpha=1.3
1897,93,alpha=1.3
1898,102,alpha=1.3
1899,95,alpha=1.3
1900,93,alpha=1.3
1901,95,alpha=1.3
1902,100,alpha=1.3
1903,102,alpha=1.3
1904,103,alpha=1.3
1905,105,alpha=1.3
1906,95,alpha=1.3
1907,80,alpha=1.3
1908,101,alpha=1.3
1909,88,alpha=1.3
1910,97,alpha=1.3
1911,136,alpha=1.3
1912,93,alpha=1.3
1913,100,alpha=1.3
1914,111,alpha=1.3
1915,95,alpha=1.3
1916,101,alpha=1.3
1917,98,alpha=1.3
1918,108,alpha=1.3
1919,101,alpha=1.3
1920,90,alpha=1.3
1921,99,alpha=1.3
1922,100,alpha=1.3
1923,106,alpha=1.3
1924,98,alpha=1.3
1925,94,alpha=1.3
1926,101,alpha=1.3
1927,93,alpha=1.3
1928,89,alpha=1.3
1929,106,alpha=1.3
1930,89,alpha=1.3
1931,99,alpha=1.3
1932,99,alpha=1.3
1933,93,alpha=1.3
1934,96,alpha=1.3
1935,85,alpha=1.3
1936,78,alpha=1.3
1937,118,alpha=1.3
1938,86,alpha=1.3
1939,95,alpha=1.3
1940,108,alpha=1.3
1941,96,alpha=1.3
1942,97,alpha=1.3
1943,110,alpha=1.3
1944,102,alpha=1.3
1945,104,alpha=1.3
1946,90,alpha=1.3
1947,101,alpha=1.3
1948,100,alpha=1.3
1949,103,alpha=1.3
1950,102,alpha=1.3
1951,115,alpha=1.3
1952,107,alpha=1.3
1953,96,alpha=1.3
1954,98,alpha=1.3
1955,104,alpha=1.3
1956,94,alpha=1.3
1957,98,alpha=1.3
1958,97,alpha=1.3
1959,82,alpha=1.3
1960,97,alpha=1.3
1961,94,alpha=1.3
1962,106,alpha=1.3
1963,115,alpha=1.3
1964,84,alpha=1.3
1965,102,alpha=1.3
1966,105,alpha=1.3
1967,103,alpha=1.3
1968,105,alpha=1.3
1969,103,alpha=1.3
1970,113,alpha=1.3
1971,126,alpha=1.3
1972,99,alpha=1.3
1973,101,alpha=1.3
1974,83,alpha=1.3
1975,103,alpha=1.3
1976,114,alpha=1.3
1977,97,alpha=1.3
1978,111,alpha=1.3
1979,102,alpha=1.3
1980,101,alpha=1.3
1981,106,alpha=1.3
1982,106,alpha=1.3
1983,83,alpha=1.3
1984,118,alpha=1.3
1985,89,alpha=1.3
1986,104,alpha=1.3
1987,83,alpha=1.3
1988,103,alpha=1.3
1989,83,alpha=1.3
1990,115,alpha=1.3
1991,101,alpha=1.3
1992,78,alpha=1.3
1993,109,alpha=1.3
1994,93,alpha=1.3
1995,90,alpha=1.3
1996,100,alpha=1.3
1997,101,alpha=1.3
1998,95,alpha=1.3
1999,115,alpha=1.3
2000,103,alpha=1.3
2001,87,alpha=1.3
2002,101,alpha=1.3
2003,100,alpha=1.3
2004,93,alpha=1.3
2005,105,alpha=1.3
2006,112,alpha=1.3
2007,95,alpha=1.3
2008,111,alpha=1.3
2009,114,alpha=1.3
2010,107,alpha=1.3
2011,89,alpha=1.3
2012,90,alpha=1.3
2013,83,alpha=1.3
2014,85,alpha=1.3
2015,104,alpha=1.3
2016,103,alpha=1.3
2017,111,alpha=1.3
2018,92,alpha=1.3
2019,99,alpha=1.3
2020,112,alpha=1.3
2021,94,alpha=1.3
2022,125,alpha=1.3
2023,110,alpha=1.3
2024,103,alpha=1.3
2025,93,alpha=1.3
2026,104,alpha=1.3
2027,125,alpha=1.3
2028,94,alpha=1.3
2029,92,alpha=1.3
2030,104,alpha=1.3
2031,101,alpha=1.3
2032,123,alpha=1.3
2033,90,alpha=1.3
2034,114,alpha=1.3
2035,106,alpha=1.3
2036,119,alpha=1.3
2037,101,alpha=1.3
2038,103,alpha=1.3
2039,100,alpha=1.3
2040,108,alpha=1.3
2041,93,alpha=1.3
2042,101,alpha=1.3
2043,120,alpha=1.3
2044,89,alpha=1.3
2045,87,alpha=1.3
2046,99,alpha=1.3
2047,104,alpha=1.3
2048,104,alpha=1.3
2049,95,alpha=1.3
2050,107,alpha=1.3
2051,100,alpha=1.3
2052,91,alpha=1.3
2053,95,alpha=1.3
2054,98,alpha=1.3
2055,88,alpha=1.3
2056,97,alpha=1.3
2057,92,alpha=1.3
2058,96,alpha=1.3
2059,106,alpha=1.3
2060,102,alpha=1.3
2061,102,alpha=1.3
2062,86,alpha=1.3
2063,112,alpha=1.3
2064,97,alpha=1.3
2065,95,alpha=1.3
2066,89,alpha=1.3
2067,102,alpha=1.3
2068,97,alpha=1.3
2069,117,alpha=1.3
2070,101,alpha=1.3
2071,97,alpha=1.3
2072,102,alpha=1.3
2073,105,alpha=1.3
2074,104,alpha=1.3
2075,79,alpha=1.3
2076,96,alpha=1.3
2077,95,alpha=1.3
2078,99,alpha=1.3
2079,94,alpha=1.3
2080,106,alpha=1.3
2081,105,alpha=1.3
2082,94,alpha=1.3
2083,116,alpha=1.3
2084,103,alpha=1.3
2085,92,alpha=1.3
2086,108,alpha=1.3
2087,118,alpha=1.3
2088,99,alpha=1.3
2089,110,alpha=1.3
2090,111,alpha=1.3
2091,103,alpha=1.3
2092,112,alpha=1.3
2093,99,alpha=1.3
2094,113,alpha=1.3
2095,113,alpha=1.3
2096,104,alpha=1.3
2097,99,alpha=1.3
2098,102,alpha=1.3
2099,91,alpha=1.3
2100,110,alpha=1.3
2101,109,alpha=1.3
2102,92,alpha=1.3
2103,95,alpha=1.3
2104,97,alpha=1.3
2105,97,alpha=1.3
2106,111,alpha=1.3
2107,85,alpha=1.3
2108,115,alpha=1.3
2109,83,alpha=1.3
2110,105,alpha=1.3
2111,87,alpha=1.3
2112,86,alpha=1.3
2113,78,alpha=1.3
2114,96,alpha=1.3
2115,106,alpha=1.3
2116,98,alpha=1.3
2117,89,alpha=1.3
2118,83,alpha=1.3
2119,118,alpha=1.3
2120,100,alpha=1.3
2121,86,alpha=1.3
2122,115,alpha=1.3
2123,86,alpha=1.3
2124,100,alpha=1.3
2125,107,alpha=1.3
2126,98,alpha=1.3
2127,98,alpha=1.3
2128,91,alpha=1.3
2129,111,alpha=1.3
2130,87,alpha=1.3
2131,97,alpha=1.3
2132,98,alpha=1.3
2133,106,alpha=1.3
2134,100,alpha=1.3
2135,106,alpha=1.3
2136,96,alpha=1.3
2137,96,alpha=1.3
2138,86,alpha=1.3
2139,105,alpha=1.3
2140,110,alpha=1.3
2141,104,alpha=1.3
2142,107,alpha=1.3
2143,100,alpha=1.3
2144,114,alpha=1.3
2145,95,alpha=1.3
2146,100,alpha=1.3
2147,101,alpha=1.3
2148,101,alpha=1.3
2149,107,alpha=1.3
2150,77,alpha=1.3
2151,119,alpha=1.3
2152,110,alpha=1.3
2153,106,alpha=1.3
2154,92,alpha=1.3
2155,90,alpha=1.3
2156,94,alpha=1.3
2157,109,alpha=1.3
2158,111,alpha=1.3
2159,93,alpha=1.3
2160,96,alpha=1.3
2161,104,alpha=1.3
2162,99,alpha=1.3
2163,104,alpha=1.3
2164,93,alpha=1.3
2165,98,alpha=1.3
2166,94,alpha=1.3
2167,115,alpha=1.3
2168,95,alpha=1.3
2169,104,alpha=1.3
2170,117,alpha=1.3
2171,90,alpha=1.3
2172,108,alpha=1.3
2173,94,alpha=1.3
2174,106,alpha=1.3
2175,85,alpha=1.3
2176,105,alpha=1.3
2177,97,alpha=1.3
2178,101,alpha=1.3
2179,100,alpha=1.3
2180,114,alpha=1.3
2181,102,alpha=1.3
2182,113,alpha=1.3
2183,102,alpha=1.3
2184,109,alpha=1.3
2185,109,alpha=1.3
2186,100,alpha=1.3
2187,105,alpha=1.3
2188,87,alpha=1.3
2189,88,alpha=1.3
2190,111,alpha=1.3
2191,96,alpha=1.3
2192,114,alpha=1.3
2193,105,alpha=1.3
2194,100,alpha=1.3
2195,89,alpha=1.3
2196,111,alpha=1.3
2197,103,alpha=1.3
2198,98,alpha=1.3
2199,92,alpha=1.3
2200,90,alpha=1.3
2201,112,alpha=1.3
2202,98,alpha=1.3
2203,104,alpha=1.3
2204,92,alpha=1.3
2205,82,alpha=1.3
2206,107,alpha=1.3
2207,92,alpha=1.3
2208,104,alpha=1.3
2209,95,alpha=1.3
2210,89,alpha=1.3
2211,105,alpha=1.3
2212,102,alpha=1.3
2213,90,alpha=1.3
2214,103,alpha=1.3
2215,107,alpha=1.3
2216,82,alpha=1.3
2217,107,alpha=1.3
2218,122,alpha=1.3
2219,103,alpha=1.3
2220,110,alpha=1.3
2221,99,alpha=1.3
2222,76,alpha=1.3
2223,109,alpha=1.3
2224,89,alpha=1.3
2225,113,alpha=1.3
2226,102,alpha=1.3
2227,98,alpha=1.3
2228,87,alpha=1.3
2229,94,alpha=1.3
2230,98,alpha=1.3
2231,83,alpha=1.3
2232,104,alpha=1.3
2233,86,alpha=1.3
2234,106,alpha=1.3
2235,110,alpha=1.3
2236,86,alpha=1.3
2237,90,alpha=1.3
2238,99,alpha=1.3
2239,110,alpha=1.3
2240,115,alpha=1.3
2241,95,alpha=1.3
2242,98,alpha=1.3
2243,84,alpha=1.3
2244,103,alpha=1.3
2245,93,alpha=1.3
2246,72,alpha=1.3
2247,100,alpha=1.3
2248,105,alpha=1.3
2249,101,alpha=1.3
2250,112,alpha=1.3
2251,110,alpha=1.3
2252,93,alpha=1.3
2253,76,alpha=1.3
2254,113,alpha=1.3
2255,105,alpha=1.3
2256,90,alpha=1.3
2257,119,alpha=1.3
2258,95,alpha=1.3
2259,117,alpha=1.3
2260,99,alpha=1.3
2261,80,alpha=1.3
2262,104,alpha=1.3
2263,118,alpha=1.3
2264,108,alpha=1.3
2265,91,alpha=1.3
2266,97,alpha=1.3
2267,109,alpha=1.3
2268,87,alpha=1.3
2269,105,alpha=1.3
2270,102,alpha=1.3
2271,71,alpha=1.3
2272,92,alpha=1.3
2273,101,alpha=1.3
2274,114,alpha=1.3
2275,91,alpha=1.3
2276,100,alpha=1.3
2277,111,alpha=1.3
2278,90,alpha=1.3
2279,110,alpha=1.3
2280,97,alpha=1.3
2281,105,alpha=1.3
2282,87,alpha=1.3
2283,89,alpha=1.3
2284,94,alpha=1.3
2285,98,alpha=1.3
2286,90,alpha=1.3
2287,93,alpha=1.3
2288,108,alpha=1.3
2289,107,alpha=1.3
2290,93,alpha=1.3
2291,93,alpha=1.3
2292,109,alpha=1.3
2293,94,alpha=1.3
2294,127,alpha=1.3
2295,110,alpha=1.3
2296,105,alpha=1.3
2297,113,alpha=1.3
2298,110,alpha=1.3
2299,106,alpha=1.3
2300,111,alpha=1.3
2301,91,alpha=1.3
2302,124,alpha=1.3
2303,96,alpha=1.3
2304,104,alpha=1.3
2305,109,alpha=1.3
2306,91,alpha=1.3
2307,102,alpha=1.3
2308,121,alpha=1.3
2309,88,alpha=1.3
2310,114,alpha=1.3
2311,112,alpha=1.3
2312,86,alpha=1.3
2313,100,alpha=1.3
2314,112,alpha=1.3
2315,97,alpha=1.3
2316,95,alpha=1.3
2317,97,alpha=1.3
2318,93,alpha=1.3
2319,92,alpha=1.3
2320,104,alpha=1.3
2321,111,alpha=1.3
2322,108,alpha=1.3
2323,86,alpha=1.3
2324,86,alpha=1.3
2325,110,alpha=1.3
2326,97,alpha=1.3
2327,90,alpha=1.3
2328,93,alpha=1.3
2329,89,alpha=1.3
2330,105,alpha=1.3
2331,97,alpha=1.3
2332,115,alpha=1.3
2333,112,alpha=1.3
2334,106,alpha=1.3
2335,107,alpha=1.3
2336,107,alpha=1.3
2337,98,alpha=1.3
2338,113,alpha=1.3
2339,94,alpha=1.3
2340,102,alpha=1.3
2341,96,alpha=1.3
2342,109,alpha=1.3
2343,97,alpha=1.3
2344,94,alpha=1.3
2345,98,alpha=1.3
2346,114,alpha=1.3
2347,105,alpha=1.3
2348,94,alpha=1.3
2349,95,alpha=1.3
2350,112,alpha=1.3
2351,90,alpha=1.3
2352,96,alpha=1.3
2353,96,alpha=1.3
2354,108,alpha=1.3
2355,98,alpha=1.3
2356,94,alpha=1.3
2357,107,alpha=1.3
2358,88,alpha=1.3
2359,96,alpha=1.3
2360,97,alpha=1.3
2361,111,alpha=1.3
2362,115,alpha=1.3
2363,93,alpha=1.3
2364,107,alpha=1.3
2365,97,alpha=1.3
2366,98,alpha=1.3
2367,105,alpha=1.3
2368,98,alpha=1.3
2369,104,alpha=1.3
2370,103,alpha=1.3
2371,95,alpha=1.3
2372,93,alpha=1.3
2373,105,alpha=1.3
2374,81,alpha=1.3
2375,121,alpha=1.3
2376,110,alpha=1.3
2377,105,alpha=1.3
2378,103,alpha=1.3
2379,112,alpha=1.3
2380,114,alpha=1.3
2381,117,alpha=1.3
2382,106,alpha=1.3
2383,95,alpha=1.3
2384,82,alpha=1.3
2385,102,alpha=1.3
2386,87,alpha=1.3
2387,106,alpha=1.3
2388,89,alpha=1.3
2389,92,alpha=1.3
2390,104,alpha=1.3
2391,97,alpha=1.3
2392,108,alpha=1.3
2393,115,alpha=1.3
2394,101,alpha=1.3
2395,98,alpha=1.3
2396,95,alpha=1.3
2397,87,alpha=1.3
2398,95,alpha=1.3
2399,115,alpha=1.3
2400,103,alpha=1.3
2401,97,alpha=1.3
2402,95,alpha=1.3
2403,119,alpha=1.3
2404,96,alpha=1.3
2405,115,alpha=1.3
2406,107,alpha=1.3
2407,87,alpha=1.3
2408,98,alpha=1.3
2409,109,alpha=1.3
2410,118,alpha=1.3
2411,98,alpha=1.3
2412,100,alpha=1.3
2413,96,alpha=1.3
2414,109,alpha=1.3
2415,101,alpha=1.3
2416,114,alpha=1.3
2417,108,alpha=1.3
2418,106,alpha=1.3
2419,117,alpha=1.3
2420,95,alpha=1.3
2421,93,alpha=1.3
2422,94,alpha=1.3
2423,116,alpha=1.3
2424,98,alpha=1.3
2425,74,alpha=1.3
2426,109,alpha=1.3
2427,114,alpha=1.3
2428,99,alpha=1.3
2429,101,alpha=1.3
2430,110,alpha=1.3
2431,98,alpha=1.3
2432,92,alpha=1.3
2433,113,alpha=1.3
2434,108,alpha=1.3
2435,100,alpha=1.3
2436,100,alpha=1.3
2437,117,alpha=1.3
2438,99,alpha=1.3
2439,109,alpha=1.3
2440,109,alpha=1.3
2441,92,alpha=1.3
2442,112,alpha=1.3
2443,90,alpha=1.3
2444,86,alpha=1.3
2445,106,alpha=1.3
2446,89,alpha=1.3
2447,112,alpha=1.3
2448,97,alpha=1.3
2449,110,alpha=1.3
2450,96,alpha=1.3
2451,87,alpha=1.3
2452,116,alpha=1.3
2453,112,alpha=1.3
2454,95,alpha=1.3
2455,106,alpha=1.3
2456,106,alpha=1.3
2457,99,alpha=1.3
2458,113,alpha=1.3
2459,103,alpha=1.3
2460,113,alpha=1.3
2461,87,alpha=1.3
2462,97,alpha=1.3
2463,107,alpha=1.3
2464,106,alpha=1.3
2465,113,alpha=1.3
2466,103,alpha=1.3
2467,103,alpha=1.3
2468,98,alpha=1.3
2469,94,alpha=1.3
2470,104,alpha=1.3
2471,89,alpha=1.3
2472,89,alpha=1.3
2473,102,alpha=1.3
2474,108,alpha=1.3
2475,96,alpha=1.3
2476,108,alpha=1.3
2477,106,alpha=1.3
2478,119,alpha=1.3
2479,109,alpha=1.3
2480,112,alpha=1.3
2481,99,alpha=1.3
2482,98,alpha=1.3
2483,110,alpha=1.3
2484,95,alpha=1.3
2485,106,alpha=1.3
2486,106,alpha=1.3
2487,109,alpha=1.3
2488,92,alpha=1.3
2489,95,alpha=1.3
2490,118,alpha=1.3
2491,90,alpha=1.3
2492,111,alpha=1.3
2493,91,alpha=1.3
2494,103,alpha=1.3
2495,100,alpha=1.3
2496,90,alpha=1.3
2497,96,alpha=1.3
2498,95,alpha=1.3
2499,99,alpha=1.3
2500,92,alpha=1.3
2501,122,alpha=1.3
2502,100,alpha=1.3
2503,106,alpha=1.3
2504,103,alpha=1.3
2505,121,alpha=1.3
2506,97,alpha=1.3
2507,102,alpha=1.3
2508,118,alpha=1.3
2509,103,alpha=1.3
2510,88,alpha=1.3
2511,101,alpha=1.3
2512,104,alpha=1.3
2513,125,alpha=1.3
2514,107,alpha=1.3
2515,111,alpha=1.3
2516,91,alpha=1.3
2517,93,alpha=1.3
2518,78,alpha=1.3
2519,99,alpha=1.3
2520,98,alpha=1.3
2521,89,alpha=1.3
2522,108,alpha=1.3
2523,93,alpha=1.3
2524,96,alpha=1.3
2525,103,alpha=1.3
2526,92,alpha=1.3
2527,102,alpha=1.3
2528,102,alpha=1.3
2529,86,alpha=1.3
2530,89,alpha=1.3
2531,106,alpha=1.3
2532,92,alpha=1.3
2533,90,alpha=1.3
2534,109,alpha=1.3
2535,99,alpha=1.3
2536,112,alpha=1.3
2537,107,alpha=1.3
2538,98,alpha=1.3
2539,128,alpha=1.3
2540,94,alpha=1.3
2541,92,alpha=1.3
2542,111,alpha=1.3
2543,107,alpha=1.3
2544,103,alpha=1.3
2545,96,alpha=1.3
2546,112,alpha=1.3
2547,89,alpha=1.3
2548,104,alpha=1.3
2549,83,alpha=1.3
2550,119,alpha=1.3
2551,95,alpha=1.3
2552,100,alpha=1.3
2553,95,alpha=1.3
2554,103,alpha=1.3
2555,102,alpha=1.3
2556,106,alpha=1.3
2557,88,alpha=1.3
2558,89,alpha=1.3
2559,94,alpha=1.3
2560,107,alpha=1.3
2561,106,alpha=1.3
2562,95,alpha=1.3
2563,88,alpha=1.3
2564,110,alpha=1.3
2565,80,alpha=1.3
2566,99,alpha=1.3
2567,104,alpha=1.3
2568,105,alpha=1.3
2569,103,alpha=1.3
2570,107,alpha=1.3
2571,98,alpha=1.3
2572,83,alpha=1.3
2573,118,alpha=1.3
2574,117,alpha=1.3
2575,100,alpha=1.3
2576,124,alpha=1.3
2577,87,alpha=1.3
2578,102,alpha=1.3
2579,86,alpha=1.3
2580,101,alpha=1.3
2581,116,alpha=1.3
2582,102,alpha=1.3
2583,100,alpha=1.3
2584,113,alpha=1.3
2585,88,alpha=1.3
2586,83,alpha=1.3
2587,84,alpha=1.3
2588,95,alpha=1.3
2589,90,alpha=1.3
2590,97,alpha=1.3
2591,99,alpha=1.3
2592,108,alpha=1.3
2593,117,alpha=1.3
2594,103,alpha=1.3
2595,128,alpha=1.3
2596,92,alpha=1.3
2597,99,alpha=1.3
2598,114,alpha=1.3
2599,93,alpha=1.3
2600,115,alpha=1.3
2601,98,alpha=1.3
2602,113,alpha=1.3
2603,103,alpha=1.3
2604,101,alpha=1.3
2605,80,alpha=1.3
2606,102,alpha=1.3
2607,103,alpha=1.3
2608,95,alpha=1.3
2609,95,alpha=1.3
2610,104,alpha=1.3
2611,109,alpha=1.3
2612,83,alpha=1.3
2613,106,alpha=1.3
2614,113,alpha=1.3
2615,92,alpha=1.3
2616,76,alpha=1.3
2617,103,alpha=1.3
2618,81,alpha=1.3
2619,108,alpha=1.3
2620,101,alpha=1.3
2621,85,alpha=1.3
2622,107,alpha=1.3
2623,105,alpha=1.3
2624,112,alpha=1.3
2625,106,alpha=1.3
2626,109,alpha=1.3
2627,106,alpha=1.3
2628,109,alpha=1.3
2629,98,alpha=1.3
2630,115,alpha=1.3
2631,113,alpha=1.3
2632,103,alpha=1.3
2633,108,alpha=1.3
2634,75,alpha=1.3
2635,100,alpha=1.3
2636,113,alpha=1.3
2637,99,alpha=1.3
2638,93,alpha=1.3
2639,114,alpha=1.3
2640,100,alpha=1.3
2641,101,alpha=1.3
2642,108,alpha=1.3
2643,110,alpha=1.3
2644,118,alpha=1.3
2645,96,alpha=1.3
2646,119,alpha=1.3
2647,99,alpha=1.3
2648,98,alpha=1.3
2649,86,alpha=1.3
2650,93,alpha=1.3
2651,80,alpha=1.3
2652,101,alpha=1.3
2653,106,alpha=1.3
2654,93,alpha=1.3
2655,95,alpha=1.3
2656,115,alpha=1.3
2657,100,alpha=1.3
2658,92,alpha=1.3
2659,98,alpha=1.3
2660,95,alpha=1.3
2661,89,alpha=1.3
2662,84,alpha=1.3
2663,87,alpha=1.3
2664,96,alpha=1.3
2665,102,alpha=1.3
2666,94,alpha=1.3
2667,105,alpha=1.3
2668,100,alpha=1.3
2669,102,alpha=1.3
2670,113,alpha=1.3
2671,81,alpha=1.3
2672,87,alpha=1.3
2673,106,alpha=1.3
2674,110,alpha=1.3
2675,101,alpha=1.3
2676,100,alpha=1.3
2677,110,alpha=1.3
2678,105,alpha=1.3
2679,99,alpha=1.3
2680,105,alpha=1.3
2681,91,alpha=1.3
2682,87,alpha=1.3
2683,103,alpha=1.3
2684,88,alpha=1.3
2685,93,alpha=1.3
2686,95,alpha=1.3
2687,124,alpha=1.3
2688,98,alpha=1.3
2689,82,alpha=1.3
2690,100,alpha=1.3
2691,114,alpha=1.3
2692,95,alpha=1.3
2693,117,alpha=1.3
2694,110,alpha=1.3
2695,107,alpha=1.3
2696,105,alpha=1.3
2697,107,alpha=1.3
2698,88,alpha=1.3
2699,101,alpha=1.3
2700,120,alpha=1.3
2701,105,alpha=1.3
2702,112,alpha=1.3
2703,103,alpha=1.3
2704,105,alpha=1.3
2705,83,alpha=1.3
2706,109,alpha=1.3
2707,92,alpha=1.3
2708,107,alpha=1.3
2709,93,alpha=1.3
2710,107,alpha=1.3
2711,112,alpha=1.3
2712,108,alpha=1.3
2713,104,alpha=1.3
2714,110,alpha=1.3
2715,123,alpha=1.3
2716,96,alpha=1.3
2717,102,alpha=1.3
2718,102,alpha=1.3
2719,96,alpha=1.3
2720,89,alpha=1.3
2721,111,alpha=1.3
2722,109,alpha=1.3
2723,104,alpha=1.3
2724,119,alpha=1.3
2725,100,alpha=1.3
2726,107,alpha=1.3
2727,101,alpha=1.3
2728,102,alpha=1.3
2729,109,alpha=1.3
2730,84,alpha=1.3
2731,108,alpha=1.3
2732,97,alpha=1.3
2733,112,alpha=1.3
2734,89,alpha=1.3
2735,81,alpha=1.3
2736,103,alpha=1.3
2737,81,alpha=1.3
2738,107,alpha=1.3
2739,103,alpha=1.3
2740,109,alpha=1.3
2741,110,alpha=1.3
2742,105,alpha=1.3
2743,106,alpha=1.3
2744,98,alpha=1.3
2745,105,alpha=1.3
2746,90,alpha=1.3
2747,94,alpha=1.3
2748,113,alpha=1.3
2749,105,alpha=1.3
2750,107,alpha=1.3
2751,97,alpha=1.3
2752,92,alpha=1.3
2753,89,alpha=1.3
2754,101,alpha=1.3
2755,92,alpha=1.3
2756,104,alpha=1.3
2757,99,alpha=1.3
2758,93,alpha=1.3
2759,95,alpha=1.3
2760,113,alpha=1.3
2761,91,alpha=1.3
2762,103,alpha=1.3
2763,94,alpha=1.3
2764,106,alpha=1.3
2765,94,alpha=1.3
2766,102,alpha=1.3
2767,80,alpha=1.3
2768,102,alpha=1.3
2769,107,alpha=1.3
2770,91,alpha=1.3
2771,90,alpha=1.3
2772,100,alpha=1.3
2773,100,alpha=1.3
2774,92,alpha=1.3
2775,99,alpha=1.3
2776,103,alpha=1.3
2777,107,alpha=1.3
2778,106,alpha=1.3
2779,97,alpha=1.3
2780,91,alpha=1.3
2781,98,alpha=1.3
2782,100,alpha=1.3
2783,92,alpha=1.3
2784,89,alpha=1.3
2785,98,alpha=1.3
2786,103,alpha=1.3
2787,99,alpha=1.3
2788,88,alpha=1.3
2789,91,alpha=1.3
2790,111,alpha=1.3
2791,108,alpha=1.3
2792,100,alpha=1.3
2793,99,alpha=1.3
2794,102,alpha=1.3
2795,113,alpha=1.3
2796,116,alpha=1.3
2797,109,alpha=1.3
2798,98,alpha=1.3
2799,99,alpha=1.3
2800,94,alpha=1.3
2801,98,alpha=1.3
2802,92,alpha=1.3
2803,95,alpha=1.3
2804,91,alpha=1.3
2805,94,alpha=1.3
2806,98,alpha=1.3
2807,103,alpha=1.3
2808,103,alpha=1.3
2809,98,alpha=1.3
2810,115,alpha=1.3
2811,116,alpha=1.3
2812,108,alpha=1.3
2813,97,alpha=1.3
2814,105,alpha=1.3
2815,109,alpha=1.3
2816,79,alpha=1.3
2817,97,alpha=1.3
2818,108,alpha=1.3
2819,95,alpha=1.3
2820,127,alpha=1.3
2821,108,alpha=1.3
2822,113,alpha=1.3
2823,113,alpha=1.3
2824,103,alpha=1.3
2825,113,alpha=1.3
2826,110,alpha=1.3
2827,96,alpha=1.3
2828,84,alpha=1.3
2829,110,alpha=1.3
2830,107,alpha=1.3
2831,113,alpha=1.3
2832,94,alpha=1.3
2833,100,alpha=1.3
2834,108,alpha=1.3
2835,105,alpha=1.3
2836,94,alpha=1.3
2837,108,alpha=1.3
2838,104,alpha=1.3
2839,82,alpha=1.3
2840,109,alpha=1.3
2841,90,alpha=1.3
2842,107,alpha=1.3
2843,100,alpha=1.3
2844,108,alpha=1.3
2845,79,alpha=1.3
2846,101,alpha=1.3
2847,97,alpha=1.3
2848,101,alpha=1.3
2849,87,alpha=1.3
2850,91,alpha=1.3
2851,111,alpha=1.3
2852,117,alpha=1.3
2853,98,alpha=1.3
2854,121,alpha=1.3
2855,112,alpha=1.3
2856,83,alpha=1.3
2857,91,alpha=1.3
2858,108,alpha=1.3
2859,97,alpha=1.3
2860,95,alpha=1.3
2861,98,alpha=1.3
2862,117,alpha=1.3
2863,98,alpha=1.3
2864,104,alpha=1.3
2865,98,alpha=1.3
2866,84,alpha=1.3
2867,98,alpha=1.3
2868,118,alpha=1.3
2869,88,alpha=1.3
2870,107,alpha=1.3
2871,90,alpha=1.3
2872,94,alpha=1.3
2873,88,alpha=1.3
2874,99,alpha=1.3
2875,97,alpha=1.3
2876,95,alpha=1.3
2877,105,alpha=1.3
2878,93,alpha=1.3
2879,107,alpha=1.3
2880,102,alpha=1.3
2881,98,alpha=1.3
2882,99,alpha=1.3
2883,97,alpha=1.3
2884,106,alpha=1.3
2885,98,alpha=1.3
2886,99,alpha=1.3
2887,104,alpha=1.3
2888,112,alpha=1.3
2889,120,alpha=1.3
2890,96,alpha=1.3
2891,106,alpha=1.3
2892,109,alpha=1.3
2893,90,alpha=1.3
2894,114,alpha=1.3
2895,99,alpha=1.3
2896,99,alpha=1.3
2897,86,alpha=1.3
2898,81,alpha=1.3
2899,91,alpha=1.3
2900,105,alpha=1.3
2901,99,alpha=1.3
2902,101,alpha=1.3
2903,105,alpha=1.3
2904,127,alpha=1.3
2905,115,alpha=1.3
2906,111,alpha=1.3
2907,101,alpha=1.3
2908,96,alpha=1.3
2909,101,alpha=1.3
2910,89,alpha=1.3
2911,99,alpha=1.3
2912,104,alpha=1.3
2913,118,alpha=1.3
2914,89,alpha=1.3
2915,114,alpha=1.3
2916,90,alpha=1.3
2917,84,alpha=1.3
2918,96,alpha=1.3
2919,89,alpha=1.3
2920,102,alpha=1.3
2921,112,alpha=1.3
2922,98,alpha=1.3
2923,73,alpha=1.3
2924,106,alpha=1.3
2925,105,alpha=1.3
2926,97,alpha=1.3
2927,90,alpha=1.3
2928,100,alpha=1.3
2929,96,alpha=1.3
2930,102,alpha=1.3
2931,106,alpha=1.3
2932,104,alpha=1.3
2933,109,alpha=1.3
2934,98,alpha=1.3
2935,108,alpha=1.3
2936,92,alpha=1.3
2937,92,alpha=1.3
2938,120,alpha=1.3
2939,106,alpha=1.3
2940,112,alpha=1.3
2941,117,alpha=1.3
2942,106,alpha=1.3
2943,105,alpha=1.3
2944,89,alpha=1.3
2945,85,alpha=1.3
2946,104,alpha=1.3
2947,100,alpha=1.3
2948,101,alpha=1.3
2949,110,alpha=1.3
2950,116,alpha=1.3
2951,107,alpha=1.3
2952,91,alpha=1.3
2953,97,alpha=1.3
2954,93,alpha=1.3
2955,107,alpha=1.3
2956,87,alpha=1.3
2957,109,alpha=1.3
2958,118,alpha=1.3
2959,85,alpha=1.3
2960,107,alpha=1.3
2961,96,alpha=1.3
2962,88,alpha=1.3
2963,98,alpha=1.3
2964,85,alpha=1.3
2965,88,alpha=1.3
2966,107,alpha=1.3
2967,105,alpha=1.3
2968,101,alpha=1.3
2969,96,alpha=1.3
2970,85,alpha=1.3
2971,89,alpha=1.3
2972,101,alpha=1.3
2973,101,alpha=1.3
2974,96,alpha=1.3
2975,92,alpha=1.3
2976,106,alpha=1.3
2977,108,alpha=1.3
2978,105,alpha=1.3
2979,89,alpha=1.3
2980,115,alpha=1.3
2981,93,alpha=1.3
2982,109,alpha=1.3
2983,90,alpha=1.3
2984,96,alpha=1.3
2985,77,alpha=1.3
2986,93,alpha=1.3
2987,77,alpha=1.3
2988,98,alpha=1.3
2989,107,alpha=1.3
2990,112,alpha=1.3
2991,85,alpha=1.3
2992,89,alpha=1.3
2993,114,alpha=1.3
2994,116,alpha=1.3
2995,107,alpha=1.3
2996,84,alpha=1.3
2997,104,alpha=1.3
2998,98,alpha=1.3
2999,97,alpha=1.3
3000,117,alpha=1.3
3001,124,alpha=1.3
3002,105,alpha=1.3
3003,104,alpha=1.3
3004,104,alpha=1.3
3005,99,alpha=1.3
3006,109,alpha=1.3
3007,106,alpha=1.3
3008,118,alpha=1.3
3009,86,alpha=1.3
3010,98,alpha=1.3
3011,116,alpha=1.3
3012,95,alpha=1.3
3013,95,alpha=1.3
3014,86,alpha=1.3
3015,101,alpha=1.3
3016,111,alpha=1.3
3017,102,alpha=1.3
3018,85,alpha=1.3
3019,90,alpha=1.3
3020,91,alpha=1.3
3021,83,alpha=1.3
3022,101,alpha=1.3
3023,98,alpha=1.3
3024,104,alpha=1.3
3025,124,alpha=1.3
3026,91,alpha=1.3
3027,94,alpha=1.3
3028,108,alpha=1.3
3029,90,alpha=1.3
3030,108,alpha=1.3
3031,101,alpha=1.3
3032,117,alpha=1.3
3033,115,alpha=1.3
3034,74,alpha=1.3
3035,108,alpha=1.3
3036,102,alpha=1.3
3037,119,alpha=1.3
3038,107,alpha=1.3
3039,104,alpha=1.3
3040,122,alpha=1.3
3041,85,alpha=1.3
3042,112,alpha=1.3
3043,95,alpha=1.3
3044,102,alpha=1.3
3045,116,alpha=1.3
3046,103,alpha=1.3
3047,98,alpha=1.3
3048,105,alpha=1.3
3049,115,alpha=1.3
3050,108,alpha=1.3
3051,76,alpha=1.3
3052,94,alpha=1.3
3053,98,alpha=1.3
3054,108,alpha=1.3
3055,92,alpha=1.3
3056,115,alpha=1.3
3057,99,alpha=1.3
3058,107,alpha=1.3
3059,89,alpha=1.3
3060,100,alpha=1.3
3061,105,alpha=1.3
3062,113,alpha=1.3
3063,95,alpha=1.3
3064,100,alpha=1.3
3065,94,alpha=1.3
3066,92,alpha=1.3
3067,90,alpha=1.3
3068,89,alpha=1.3
3069,99,alpha=1.3
3070,107,alpha=1.3
3071,93,alpha=1.3
3072,92,alpha=1.3
3073,95,alpha=1.3
3074,94,alpha=1.3
3075,114,alpha=1.3
3076,89,alpha=1.3
3077,84,alpha=1.3
3078,91,alpha=1.3
3079,102,alpha=1.3
3080,110,alpha=1.3
3081,86,alpha=1.3
3082,92,alpha=1.3
3083,100,alpha=1.3
3084,79,alpha=1.3
3085,95,alpha=1.3
3086,103,alpha=1.3
3087,102,alpha=1.3
3088,112,alpha=1.3
3089,91,alpha=1.3
3090,94,alpha=1.3
3091,103,alpha=1.3
3092,78,alpha=1.3
3093,91,alpha=1.3
3094,108,alpha=1.3
3095,99,alpha=1.3
3096,103,alpha=1.3
3097,96,alpha=1.3
3098,111,alpha=1.3
3099,93,alpha=1.3
3100,90,alpha=1.3
3101,97,alpha=1.3
3102,110,alpha=1.3
3103,82,alpha=1.3
3104,90,alpha=1.3
3105,110,alpha=1.3
3106,94,alpha=1.3
3107,98,alpha=1.3
3108,111,alpha=1.3
3109,89,alpha=1.3
3110,100,alpha=1.3
3111,87,alpha=1.3
3112,91,alpha=1.3
3113,114,alpha=1.3
3114,115,alpha=1.3
3115,101,alpha=1.3
3116,110,alpha=1.3
3117,102,alpha=1.3
3118,108,alpha=1.3
3119,93,alpha=1.3
3120,108,alpha=1.3
3121,90,alpha=1.3
3122,88,alpha=1.3
3123,97,alpha=1.3
3124,87,alpha=1.3
3125,100,alpha=1.3
3126,98,alpha=1.3
3127,98,alpha=1.3
3128,107,alpha=1.3
3129,109,alpha=1.3
3130,101,alpha=1.3
3131,88,alpha=1.3
3132,98,alpha=1.3
3133,93,alpha=1.3
3134,90,alpha=1.3
3135,99,alpha=1.3
3136,116,alpha=1.3
3137,96,alpha=1.3
3138,91,alpha=1.3
3139,100,alpha=1.3
3140,102,alpha=1.3
3141,121,alpha=1.3
3142,110,alpha=1.3
3143,85,alpha=1.3
3144,110,alpha=1.3
3145,108,alpha=1.3
3146,104,alpha=1.3
3147,86,alpha=1.3
3148,106,alpha=1.3
3149,110,alpha=1.3
3150,113,alpha=1.3
3151,114,alpha=1.3
3152,87,alpha=1.3
3153,93,alpha=1.3
3154,81,alpha=1.3
3155,73,alpha=1.3
3156,104,alpha=1.3
3157,113,alpha=1.3
3158,102,alpha=1.3
3159,100,alpha=1.3
3160,114,alpha=1.3
3161,111,alpha=1.3
3162,102,alpha=1.3
3163,85,alpha=1.3
3164,92,alpha=1.3
3165,110,alpha=1.3
3166,94,alpha=1.3
3167,103,alpha=1.3
3168,107,alpha=1.3
3169,106,alpha=1.3
3170,92,alpha=1.3
3171,114,alpha=1.3
3172,89,alpha=1.3
3173,95,alpha=1.3
3174,86,alpha=1.3
3175,102,alpha=1.3
3176,101,alpha=1.3
3177,112,alpha=1.3
3178,102,alpha=1.3
3179,112,alpha=1.3
3180,92,alpha=1.3
3181,90,alpha=1.3
3182,87,alpha=1.3
3183,93,alpha=1.3
3184,112,alpha=1.3
3185,96,alpha=1.3
3186,102,alpha=1.3
3187,89,alpha=1.3
3188,100,alpha=1.3
3189,90,alpha=1.3
3190,92,alpha=1.3
3191,113,alpha=1.3
3192,115,alpha=1.3
3193,98,alpha=1.3
3194,105,alpha=1.3
3195,88,alpha=1.3
3196,109,alpha=1.3
3197,81,alpha=1.3
3198,98,alpha=1.3
3199,90,alpha=1.3
3200,108,alpha=1.3
3201,108,alpha=1.3
3202,106,alpha=1.3
3203,92,alpha=1.3
3204,99,alpha=1.3
3205,112,alpha=1.3
3206,102,alpha=1.3
3207,107,alpha=1.3
3208,109,alpha=1.3
3209,102,alpha=1.3
3210,102,alpha=1.3
3211,103,alpha=1.3
3212,99,alpha=1.3
3213,91,alpha=1.3
3214,95,alpha=1.3
3215,94,alpha=1.3
3216,100,alpha=1.3
3217,85,alpha=1.3
3218,103,alpha=1.3
3219,106,alpha=1.3
3220,101,alpha=1.3
3221,90,alpha=1.3
3222,92,alpha=1.3
3223,103,alpha=1.3
3224,98,alpha=1.3
3225,100,alpha=1.3
3226,105,alpha=1.3
3227,86,alpha=1.3
3228,82,alpha=1.3
3229,99,alpha=1.3
3230,95,alpha=1.3
3231,106,alpha=1.3
3232,82,alpha=1.3
3233,100,alpha=1.3
3234,104,alpha=1.3
3235,94,alpha=1.3
3236,93,alpha=1.3
3237,83,alpha=1.3
3238,94,alpha=1.3
3239,116,alpha=1.3
3240,92,alpha=1.3
3241,101,alpha=1.3
3242,113,alpha=1.3
3243,105,alpha=1.3
3244,105,alpha=1.3
3245,93,alpha=1.3
3246,109,alpha=1.3
3247,119,alpha=1.3
3248,105,alpha=1.3
3249,91,alpha=1.3
3250,88,alpha=1.3
3251,110,alpha=1.3
3252,80,alpha=1.3
3253,98,alpha=1.3
3254,107,alpha=1.3
3255,98,alpha=1.3
3256,92,alpha=1.3
3257,101,alpha=1.3
3258,119,alpha=1.3
3259,123,alpha=1.3
3260,95,alpha=1.3
3261,113,alpha=1.3
3262,102,alpha=1.3
3263,102,alpha=1.3
3264,108,alpha=1.3
3265,87,alpha=1.3
3266,96,alpha=1.3
3267,104,alpha=1.3
3268,92,alpha=1.3
3269,90,alpha=1.3
3270,86,alpha=1.3
3271,120,alpha=1.3
3272,99,alpha=1.3
3273,85,alpha=1.3
3274,106,alpha=1.3
3275,95,alpha=1.3
3276,91,alpha=1.3
3277,113,alpha=1.3
3278,114,alpha=1.3
3279,109,alpha=1.3
3280,97,alpha=1.3
3281,102,alpha=1.3
3282,95,alpha=1.3
3283,97,alpha=1.3
3284,86,alpha=1.3
3285,94,alpha=1.3
3286,103,alpha=1.3
3287,106,alpha=1.3
3288,94,alpha=1.3
3289,95,alpha=1.3
3290,98,alpha=1.3
3291,101,alpha=1.3
3292,89,alpha=1.3
3293,99,alpha=1.3
3294,100,alpha=1.3
3295,97,alpha=1.3
3296,117,alpha=1.3
3297,93,alpha=1.3
3298,94,alpha=1.3
3299,109,alpha=1.3
3300,115,alpha=1.3
3301,99,alpha=1.3
3302,111,alpha=1.3
3303,95,alpha=1.3
3304,111,alpha=1.3
3305,86,alpha=1.3
3306,82,alpha=1.3
3307,103,alpha=1.3
3308,114,alpha=1.3
3309,105,alpha=1.3
3310,104,alpha=1.3
3311,91,alpha=1.3
3312,94,alpha=1.3
3313,118,alpha=1.3
3314,107,alpha=1.3
3315,111,alpha=1.3
3316,105,alpha=1.3
3317,87,alpha=1.3
3318,99,alpha=1.3
3319,98,alpha=1.3
3320,100,alpha=1.3
3321,101,alpha=1.3
3322,85,alpha=1.3
3323,108,alpha=1.3
3324,93,alpha=1.3
3325,98,alpha=1.3
3326,113,alpha=1.3
3327,107,alpha=1.3
3328,101,alpha=1.3
3329,99,alpha=1.3
3330,105,alpha=1.3
3331,116,alpha=1.3
3332,110,alpha=1.3
3333,98,alpha=1.3
3334,121,alpha=1.3
3335,78,alpha=1.3
3336,98,alpha=1.3
3337,99,alpha=1.3
3338,103,alpha=1.3
3339,119,alpha=1.3
3340,97,alpha=1.3
3341,116,alpha=1.3
3342,100,alpha=1.3
3343,91,alpha=1.3
3344,123,alpha=1.3
3345,90,alpha=1.3
3346,113,alpha=1.3
3347,118,alpha=1.3
3348,76,alpha=1.3
3349,88,alpha=1.3
3350,90,alpha=1.3
3351,87,alpha=1.3
3352,84,alpha=1.3
3353,104,alpha=1.3
3354,107,alpha=1.3
3355,92,alpha=1.3
3356,81,alpha=1.3
3357,97,alpha=1.3
3358,113,alpha=1.3
3359,108,alpha=1.3
3360,100,alpha=1.3
3361,86,alpha=1.3
3362,98,alpha=1.3
3363,106,alpha=1.3
3364,93,alpha=1.3
3365,90,alpha=1.3
3366,99,alpha=1.3
3367,93,alpha=1.3
3368,82,alpha=1.3
3369,102,alpha=1.3
3370,115,alpha=1.3
3371,87,alpha=1.3
3372,90,alpha=1.3
3373,108,alpha=1.3
3374,105,alpha=1.3
3375,118,alpha=1.3
3376,108,alpha=1.3
3377,93,alpha=1.3
3378,94,alpha=1.3
3379,119,alpha=1.3
3380,95,alpha=1.3
3381,115,alpha=1.3
3382,108,alpha=1.3
3383,106,alpha=1.3
3384,108,alpha=1.3
3385,105,alpha=1.3
3386,112,alpha=1.3
3387,96,alpha=1.3
3388,104,alpha=1.3
3389,110,alpha=1.3
3390,94,alpha=1.3
3391,97,alpha=1.3
3392,109,alpha=1.3
3393,101,alpha=1.3
3394,113,alpha=1.3
3395,89,alpha=1.3
3396,82,alpha=1.3
3397,85,alpha=1.3
3398,107,alpha=1.3
3399,112,alpha=1.3
3400,93,alpha=1.3
3401,103,alpha=1.3
3402,95,alpha=1.3
3403,87,alpha=1.3
3404,117,alpha=1.3
3405,107,alpha=1.3
3406,90,alpha=1.3
3407,106,alpha=1.3
3408,93,alpha=1.3
3409,89,alpha=1.3
3410,125,alpha=1.3
3411,95,alpha=1.3
3412,105,alpha=1.3
3413,109,alpha=1.3
3414,103,alpha=1.3
3415,86,alpha=1.3
3416,94,alpha=1.3
3417,103,alpha=1.3
3418,96,alpha=1.3
3419,99,alpha=1.3
3420,108,alpha=1.3
3421,102,alpha=1.3
3422,91,alpha=1.3
3423,90,alpha=1.3
3424,102,alpha=1.3
3425,86,alpha=1.3
3426,117,alpha=1.3
3427,103,alpha=1.3
3428,103,alpha=1.3
3429,93,alpha=1.3
3430,97,alpha=1.3
3431,88,alpha=1.3
3432,98,alpha=1.3
3433,100,alpha=1.3
3434,94,alpha=1.3
3435,86,alpha=1.3
3436,77,alpha=1.3
3437,94,alpha=1.3
3438,104,alpha=1.3
3439,110,alpha=1.3
3440,108,alpha=1.3
3441,93,alpha=1.3
3442,99,alpha=1.3
3443,105,alpha=1.3
3444,124,alpha=1.3
3445,89,alpha=1.3
3446,114,alpha=1.3
3447,92,alpha=1.3
3448,106,alpha=1.3
3449,133,alpha=1.3
3450,84,alpha=1.3
3451,103,alpha=1.3
3452,89,alpha=1.3
3453,97,alpha=1.3
3454,88,alpha=1.3
3455,96,alpha=1.3
3456,74,alpha=1.3
3457,94,alpha=1.3
3458,129,alpha=1.3
3459,100,alpha=1.3
3460,112,alpha=1.3
3461,101,alpha=1.3
3462,87,alpha=1.3
3463,91,alpha=1.3
3464,111,alpha=1.3
3465,99,alpha=1.3
3466,90,alpha=1.3
3467,105,alpha=1.3
3468,111,alpha=1.3
3469,100,alpha=1.3
3470,109,alpha=1.3
3471,109,alpha=1.3
3472,102,alpha=1.3
3473,79,alpha=1.3
3474,110,alpha=1.3
3475,97,alpha=1.3
3476,108,alpha=1.3
3477,104,alpha=1.3
3478,104,alpha=1.3
3479,95,alpha=1.3
3480,89,alpha=1.3
3481,92,alpha=1.3
3482,96,alpha=1.3
3483,99,alpha=1.3
3484,100,alpha=1.3
3485,93,alpha=1.3
3486,112,alpha=1.3
3487,98,alpha=1.3
3488,111,alpha=1.3
3489,92,alpha=1.3
3490,102,alpha=1.3
3491,92,alpha=1.3
3492,112,alpha=1.3
3493,119,alpha=1.3
3494,86,alpha=1.3
3495,95,alpha=1.3
3496,113,alpha=1.3
3497,94,alpha=1.3
3498,99,alpha=1.3
3499,92,alpha=1.3
3500,93,alpha=1.3
3501,94,alpha=1.3
3502,119,alpha=1.3
3503,105,alpha=1.3
3504,96,alpha=1.3
3505,109,alpha=1.3
3506,94,alpha=1.3
3507,99,alpha=1.3
3508,98,alpha=1.3
3509,91,alpha=1.3
3510,94,alpha=1.3
3511,91,alpha=1.3
3512,107,alpha=1.3
3513,96,alpha=1.3
3514,109,alpha=1.3
3515,91,alpha=1.3
3516,101,alpha=1.3
3517,86,alpha=1.3
3518,95,alpha=1.3
3519,101,alpha=1.3
3520,89,alpha=1.3
3521,121,alpha=1.3
3522,103,alpha=1.3
3523,92,alpha=1.3
3524,91,alpha=1.3
3525,89,alpha=1.3
3526,81,alpha=1.3
3527,113,alpha=1.3
3528,107,alpha=1.3
3529,100,alpha=1.3
3530,101,alpha=1.3
3531,105,alpha=1.3
3532,101,alpha=1.3
3533,116,alpha=1.3
3534,79,alpha=1.3
3535,88,alpha=1.3
3536,97,alpha=1.3
3537,101,alpha=1.3
3538,99,alpha=1.3
3539,103,alpha=1.3
3540,108,alpha=1.3
3541,96,alpha=1.3
3542,103,alpha=1.3
3543,107,alpha=1.3
3544,111,alpha=1.3
3545,91,alpha=1.3
3546,103,alpha=1.3
3547,101,alpha=1.3
3548,90,alpha=1.3
3549,96,alpha=1.3
3550,105,alpha=1.3
3551,92,alpha=1.3
3552,103,alpha=1.3
3553,105,alpha=1.3
3554,98,alpha=1.3
3555,124,alpha=1.3
3556,103,alpha=1.3
3557,96,alpha=1.3
3558,101,alpha=1.3
3559,98,alpha=1.3
3560,111,alpha=1.3
3561,103,alpha=1.3
3562,101,alpha=1.3
3563,100,alpha=1.3
3564,104,alpha=1.3
3565,105,alpha=1.3
3566,100,alpha=1.3
3567,103,alpha=1.3
3568,107,alpha=1.3
3569,101,alpha=1.3
3570,77,alpha=1.3
3571,96,alpha=1.3
3572,98,alpha=1.3
3573,102,alpha=1.3
3574,101,alpha=1.3
3575,96,alpha=1.3
3576,106,alpha=1.3
3577,109,alpha=1.3
3578,96,alpha=1.3
3579,96,alpha=1.3
3580,106,alpha=1.3
3581,101,alpha=1.3
3582,113,alpha=1.3
3583,93,alpha=1.3
3584,123,alpha=1.3
3585,91,alpha=1.3
3586,94,alpha=1.3
3587,96,alpha=1.3
3588,98,alpha=1.3
3589,104,alpha=1.3
3590,104,alpha=1.3
3591,90,alpha=1.3
3592,98,alpha=1.3
3593,108,alpha=1.3
3594,103,alpha=1.3
3595,92,alpha=1.3
3596,102,alpha=1.3
3597,108,alpha=1.3
3598,102,alpha=1.3
3599,98,alpha=1.3
3600,119,alpha=1.3
3601,117,alpha=1.3
3602,110,alpha=1.3
3603,91,alpha=1.3
3604,115,alpha=1.3
3605,97,alpha=1.3
3606,114,alpha=1.3
3607,99,alpha=1.3
3608,98,alpha=1.3
3609,106,alpha=1.3
3610,107,alpha=1.3
3611,106,alpha=1.3
3612,105,alpha=1.3
3613,122,alpha=1.3
3614,105,alpha=1.3
3615,102,alpha=1.3
3616,111,alpha=1.3
3617,84,alpha=1.3
3618,112,alpha=1.3
3619,115,alpha=1.3
3620,121,alpha=1.3
3621,93,alpha=1.3
3622,115,alpha=1.3
3623,95,alpha=1.3
3624,89,alpha=1.3
3625,99,alpha=1.3
3626,109,alpha=1.3
3627,109,alpha=1.3
3628,93,alpha=1.3
3629,88,alpha=1.3
3630,98,alpha=1.3
3631,92,alpha=1.3
3632,106,alpha=1.3
3633,91,alpha=1.3
3634,112,alpha=1.3
3635,91,alpha=1.3
3636,101,alpha=1.3
3637,113,alpha=1.3
3638,99,alpha=1.3
3639,114,alpha=1.3
3640,98,alpha=1.3
3641,86,alpha=1.3
3642,89,alpha=1.3
3643,112,alpha=1.3
3644,91,alpha=1.3
3645,108,alpha=1.3
3646,98,alpha=1.3
3647,94,alpha=1.3
3648,107,alpha=1.3
3649,87,alpha=1.3
3650,116,alpha=1.3
3651,113,alpha=1.3
3652,91,alpha=1.3
3653,99,alpha=1.3
3654,101,alpha=1.3
3655,93,alpha=1.3
3656,90,alpha=1.3
3657,82,alpha=1.3
3658,109,alpha=1.3
3659,106,alpha=1.3
3660,98,alpha=1.3
3661,93,alpha=1.3
3662,104,alpha=1.3
3663,109,alpha=1.3
3664,101,alpha=1.3
3665,104,alpha=1.3
3666,103,alpha=1.3
3667,100,alpha=1.3
3668,119,alpha=1.3
3669,89,alpha=1.3
3670,101,alpha=1.3
3671,126,alpha=1.3
3672,100,alpha=1.3
3673,93,alpha=1.3
3674,106,alpha=1.3
3675,82,alpha=1.3
3676,100,alpha=1.3
3677,93,alpha=1.3
3678,97,alpha=1.3
3679,98,alpha=1.3
3680,84,alpha=1.3
3681,101,alpha=1.3
3682,103,alpha=1.3
3683,108,alpha=1.3
3684,100,alpha=1.3
3685,100,alpha=1.3
3686,96,alpha=1.3
3687,111,alpha=1.3
3688,92,alpha=1.3
3689,119,alpha=1.3
3690,94,alpha=1.3
3691,116,alpha=1.3
3692,109,alpha=1.3
3693,92,alpha=1.3
3694,105,alpha=1.3
3695,102,alpha=1.3
3696,67,alpha=1.3
3697,100,alpha=1.3
3698,111,alpha=1.3
3699,100,alpha=1.3
3700,104,alpha=1.3
3701,99,alpha=1.3
3702,106,alpha=1.3
3703,68,alpha=1.3
3704,97,alpha=1.3
3705,111,alpha=1.3
3706,112,alpha=1.3
3707,76,alpha=1.3
3708,102,alpha=1.3
3709,98,alpha=1.3
3710,99,alpha=1.3
3711,89,alpha=1.3
3712,104,alpha=1.3
3713,100,alpha=1.3
3714,106,alpha=1.3
3715,97,alpha=1.3
3716,120,alpha=1.3
3717,97,alpha=1.3
3718,114,alpha=1.3
3719,102,alpha=1.3
3720,107,alpha=1.3
3721,94,alpha=1.3
3722,98,alpha=1.3
3723,95,alpha=1.3
3724,99,alpha=1.3
3725,90,alpha=1.3
3726,87,alpha=1.3
3727,108,alpha=1.3
3728,96,alpha=1.3
3729,96,alpha=1.3
3730,93,alpha=1.3
3731,99,alpha=1.3
3732,108,alpha=1.3
3733,110,alpha=1.3
3734,88,alpha=1.3
3735,102,alpha=1.3
3736,98,alpha=1.3
3737,93,alpha=1.3
3738,94,alpha=1.3
3739,103,alpha=1.3
3740,109,alpha=1.3
3741,83,alpha=1.3
3742,94,alpha=1.3
3743,109,alpha=1.3
3744,107,alpha=1.3
3745,94,alpha=1.3
3746,109,alpha=1.3
3747,120,alpha=1.3
3748,107,alpha=1.3
3749,106,alpha=1.3
3750,109,alpha=1.3
3751,91,alpha=1.3
3752,96,alpha=1.3
3753,123,alpha=1.3
3754,110,alpha=1.3
3755,113,alpha=1.3
3756,108,alpha=1.3
3757,98,alpha=1.3
3758,109,alpha=1.3
3759,100,alpha=1.3
3760,112,alpha=1.3
3761,103,alpha=1.3
3762,108,alpha=1.3
3763,94,alpha=1.3
3764,100,alpha=1.3
3765,124,alpha=1.3
3766,116,alpha=1.3
3767,102,alpha=1.3
3768,108,alpha=1.3
3769,81,alpha=1.3
3770,112,alpha=1.3
3771,102,alpha=1.3
3772,97,alpha=1.3
3773,95,alpha=1.3
3774,107,alpha=1.3
3775,113,alpha=1.3
3776,102,alpha=1.3
3777,104,alpha=1.3
3778,92,alpha=1.3
3779,119,alpha=1.3
3780,99,alpha=1.3
3781,111,alpha=1.3
3782,98,alpha=1.3
3783,101,alpha=1.3
3784,112,alpha=1.3
3785,127,alpha=1.3
3786,82,alpha=1.3
3787,111,alpha=1.3
3788,105,alpha=1.3
3789,99,alpha=1.3
3790,112,alpha=1.3
3791,108,alpha=1.3
3792,90,alpha=1.3
3793,116,alpha=1.3
3794,99,alpha=1.3
3795,102,alpha=1.3
3796,93,alpha=1.3
3797,89,alpha=1.3
3798,113,alpha=1.3
3799,93,alpha=1.3
3800,121,alpha=1.3
3801,109,alpha=1.3
3802,117,alpha=1.3
3803,107,alpha=1.3
3804,100,alpha=1.3
3805,108,alpha=1.3
3806,99,alpha=1.3
3807,110,alpha=1.3
3808,88,alpha=1.3
3809,99,alpha=1.3
3810,88,alpha=1.3
3811,96,alpha=1.3
3812,82,alpha=1.3
3813,85,alpha=1.3
3814,93,alpha=1.3
3815,91,alpha=1.3
3816,100,alpha=1.3
3817,97,alpha=1.3
3818,115,alpha=1.3
3819,81,alpha=1.3
3820,102,alpha=1.3
3821,95,alpha=1.3
3822,100,alpha=1.3
3823,121,alpha=1.3
3824,96,alpha=1.3
3825,88,alpha=1.3
3826,109,alpha=1.3
3827,106,alpha=1.3
3828,83,alpha=1.3
3829,95,alpha=1.3
3830,108,alpha=1.3
3831,111,alpha=1.3
3832,101,alpha=1.3
3833,106,alpha=1.3
3834,97,alpha=1.3
3835,114,alpha=1.3
3836,93,alpha=1.3
3837,113,alpha=1.3
3838,82,alpha=1.3
3839,108,alpha=1.3
3840,96,alpha=1.3
3841,92,alpha=1.3
3842,119,alpha=1.3
3843,115,alpha=1.3
3844,102,alpha=1.3
3845,107,alpha=1.3
3846,91,alpha=1.3
3847,103,alpha=1.3
3848,88,alpha=1.3
3849,100,alpha=1.3
3850,80,alpha=1.3
3851,105,alpha=1.3
3852,99,alpha=1.3
3853,85,alpha=1.3
3854,81,alpha=1.3
3855,109,alpha=1.3
3856,94,alpha=1.3
3857,90,alpha=1.3
3858,94,alpha=1.3
3859,106,alpha=1.3
3860,91,alpha=1.3
3861,106,alpha=1.3
3862,109,alpha=1.3
3863,94,alpha=1.3
3864,105,alpha=1.3
3865,93,alpha=1.3
3866,94,alpha=1.3
3867,86,alpha=1.3
3868,93,alpha=1.3
3869,90,alpha=1.3
3870,108,alpha=1.3
3871,100,alpha=1.3
3872,100,alpha=1.3
3873,108,alpha=1.3
3874,100,alpha=1.3
3875,100,alpha=1.3
3876,84,alpha=1.3
3877,88,alpha=1.3
3878,102,alpha=1.3
3879,105,alpha=1.3
3880,89,alpha=1.3
3881,92,alpha=1.3
3882,103,alpha=1.3
3883,87,alpha=1.3
3884,102,alpha=1.3
3885,93,alpha=1.3
3886,87,alpha=1.3
3887,114,alpha=1.3
3888,84,alpha=1.3
3889,107,alpha=1.3
3890,103,alpha=1.3
3891,110,alpha=1.3
3892,123,alpha=1.3
3893,92,alpha=1.3
3894,100,alpha=1.3
3895,86,alpha=1.3
3896,116,alpha=1.3
3897,114,alpha=1.3
3898,107,alpha=1.3
3899,97,alpha=1.3
3900,96,alpha=1.3
3901,89,alpha=1.3
3902,88,alpha=1.3
3903,100,alpha=1.3
3904,101,alpha=1.3
3905,99,alpha=1.3
3906,88,alpha=1.3
3907,120,alpha=1.3
3908,97,alpha=1.3
3909,111,alpha=1.3
3910,100,alpha=1.3
3911,95,alpha=1.3
3912,100,alpha=1.3
3913,85,alpha=1.3
3914,91,alpha=1.3
3915,101,alpha=1.3
3916,116,alpha=1.3
3917,123,alpha=1.3
3918,86,alpha=1.3
3919,85,alpha=1.3
3920,105,alpha=1.3
3921,95,alpha=1.3
3922,106,alpha=1.3
3923,103,alpha=1.3
3924,90,alpha=1.3
3925,93,alpha=1.3
3926,103,alpha=1.3
3927,111,alpha=1.3
3928,102,alpha=1.3
3929,105,alpha=1.3
3930,86,alpha=1.3
3931,100,alpha=1.3
3932,93,alpha=1.3
3933,99,alpha=1.3
3934,97,alpha=1.3
3935,100,alpha=1.3
3936,94,alpha=1.3
3937,114,alpha=1.3
3938,104,alpha=1.3
3939,102,alpha=1.3
3940,113,alpha=1.3
3941,83,alpha=1.3
3942,104,alpha=1.3
3943,115,alpha=1.3
3944,115,alpha=1.3
3945,103,alpha=1.3
3946,106,alpha=1.3
3947,107,alpha=1.3
3948,101,alpha=1.3
3949,94,alpha=1.3
3950,110,alpha=1.3
3951,96,alpha=1.3
3952,122,alpha=1.3
3953,99,alpha=1.3
3954,115,alpha=1.3
3955,104,alpha=1.3
3956,105,alpha=1.3
3957,97,alpha=1.3
3958,119,alpha=1.3
3959,111,alpha=1.3
3960,110,alpha=1.3
3961,89,alpha=1.3
3962,112,alpha=1.3
3963,103,alpha=1.3
3964,81,alpha=1.3
3965,107,alpha=1.3
3966,102,alpha=1.3
3967,112,alpha=1.3
3968,95,alpha=1.3
3969,115,alpha=1.3
3970,98,alpha=1.3
3971,98,alpha=1.3
3972,97,alpha=1.3
3973,109,alpha=1.3
3974,107,alpha=1.3
3975,96,alpha=1.3
3976,109,alpha=1.3
3977,105,alpha=1.3
3978,91,alpha=1.3
3979,98,alpha=1.3
3980,90,alpha=1.3
3981,106,alpha=1.3
3982,94,alpha=1.3
3983,91,alpha=1.3
3984,92,alpha=1.3
3985,93,alpha=1.3
3986,123,alpha=1.3
3987,96,alpha=1.3
3988,101,alpha=1.3
3989,96,alpha=1.3
3990,101,alpha=1.3
3991,104,alpha=1.3
3992,108,alpha=1.3
3993,105,alpha=1.3
3994,100,alpha=1.3
3995,100,alpha=1.3
3996,94,alpha=1.3
3997,112,alpha=1.3
3998,109,alpha=1.3
3999,103,alpha=1.3
4000,98,alpha=1.3
4001,101,alpha=1.3
4002,88,alpha=1.3
4003,117,alpha=1.3
4004,102,alpha=1.3
4005,114,alpha=1.3
4006,99,alpha=1.3
4007,102,alpha=1.3
4008,114,alpha=1.3
4009,101,alpha=1.3
4010,106,alpha=1.3
4011,97,alpha=1.3
4012,114,alpha=1.3
4013,99,alpha=1.3
4014,95,alpha=1.3
4015,110,alpha=1.3
4016,105,alpha=1.3
4017,72,alpha=1.3
4018,95,alpha=1.3
4019,92,alpha=1.3
4020,103,alpha=1.3
4021,101,alpha=1.3
4022,106,alpha=1.3
4023,88,alpha=1.3
4024,127,alpha=1.3
4025,98,alpha=1.3
4026,98,alpha=1.3
4027,96,alpha=1.3
4028,91,alpha=1.3
4029,107,alpha=1.3
4030,92,alpha=1.3
4031,88,alpha=1.3
4032,107,alpha=1.3
4033,108,alpha=1.3
4034,101,alpha=1.3
4035,105,alpha=1.3
4036,87,alpha=1.3
4037,95,alpha=1.3
4038,86,alpha=1.3
4039,101,alpha=1.3
4040,118,alpha=1.3
4041,94,alpha=1.3
4042,96,alpha=1.3
4043,98,alpha=1.3
4044,106,alpha=1.3
4045,102,alpha=1.3
4046,105,alpha=1.3
4047,89,alpha=1.3
4048,93,alpha=1.3
4049,108,alpha=1.3
4050,104,alpha=1.3
4051,133,alpha=1.3
4052,89,alpha=1.3
4053,100,alpha=1.3
4054,91,alpha=1.3
4055,92,alpha=1.3
4056,108,alpha=1.3
4057,103,alpha=1.3
4058,89,alpha=1.3
4059,94,alpha=1.3
4060,104,alpha=1.3
4061,86,alpha=1.3
4062,93,alpha=1.3
4063,102,alpha=1.3
4064,87,alpha=1.3
4065,101,alpha=1.3
4066,112,alpha=1.3
4067,116,alpha=1.3
4068,90,alpha=1.3
4069,84,alpha=1.3
4070,104,alpha=1.3
4071,99,alpha=1.3
4072,107,alpha=1.3
4073,104,alpha=1.3
4074,90,alpha=1.3
4075,116,alpha=1.3
4076,96,alpha=1.3
4077,102,alpha=1.3
4078,94,alpha=1.3
4079,81,alpha=1.3
4080,84,alpha=1.3
4081,95,alpha=1.3
4082,96,alpha=1.3
4083,104,alpha=1.3
4084,89,alpha=1.3
4085,87,alpha=1.3
4086,103,alpha=1.3
4087,91,alpha=1.3
4088,118,alpha=1.3
4089,90,alpha=1.3
4090,100,alpha=1.3
4091,102,alpha=1.3
4092,97,alpha=1.3
4093,118,alpha=1.3
4094,87,alpha=1.3
4095,92,alpha=1.3
4096,90,alpha=1.3
4097,90,alpha=1.3
4098,110,alpha=1.3
4099,94,alpha=1.3
4100,97,alpha=1.3
4101,86,alpha=1.3
4102,103,alpha=1.3
4103,104,alpha=1.3
4104,98,alpha=1.3
4105,103,alpha=1.3
4106,110,alpha=1.3
4107,91,alpha=1.3
4108,99,alpha=1.3
4109,95,alpha=1.3
4110,110,alpha=1.3
4111,101,alpha=1.3
4112,81,alpha=1.3
4113,89,alpha=1.3
4114,86,alpha=1.3
4115,109,alpha=1.3
4116,99,alpha=1.3
4117,103,alpha=1.3
4118,107,alpha=1.3
4119,96,alpha=1.3
4120,97,alpha=1.3
4121,119,alpha=1.3
4122,100,alpha=1.3
4123,108,alpha=1.3
4124,107,alpha=1.3
4125,98,alpha=1.3
4126,106,alpha=1.3
4127,97,alpha=1.3
4128,124,alpha=1.3
4129,112,alpha=1.3
4130,90,alpha=1.3
4131,106,alpha=1.3
4132,94,alpha=1.3
4133,113,alpha=1.3
4134,86,alpha=1.3
4135,112,alpha=1.3
4136,117,alpha=1.3
4137,105,alpha=1.3
4138,107,alpha=1.3
4139,107,alpha=1.3
4140,91,alpha=1.3
4141,89,alpha=1.3
4142,107,alpha=1.3
4143,104,alpha=1.3
4144,109,alpha=1.3
4145,99,alpha=1.3
4146,83,alpha=1.3
4147,102,alpha=1.3
4148,89,alpha=1.3
4149,106,alpha=1.3
4150,91,alpha=1.3
4151,85,alpha=1.3
4152,107,alpha=1.3
4153,104,alpha=1.3
4154,101,alpha=1.3
4155,115,alpha=1.3
4156,95,alpha=1.3
4157,108,alpha=1.3
4158,109,alpha=1.3
4159,88,alpha=1.3
4160,110,alpha=1.3
4161,92,alpha=1.3
4162,110,alpha=1.3
4163,112,alpha=1.3
4164,100,alpha=1.3
4165,103,alpha=1.3
4166,98,alpha=1.3
4167,99,alpha=1.3
4168,88,alpha=1.3
4169,124,alpha=1.3
4170,89,alpha=1.3
4171,126,alpha=1.3
4172,93,alpha=1.3
4173,92,alpha=1.3
4174,98,alpha=1.3
4175,120,alpha=1.3
4176,106,alpha=1.3
4177,100,alpha=1.3
4178,111,alpha=1.3
4179,84,alpha=1.3
4180,103,alpha=1.3
4181,104,alpha=1.3
4182,94,alpha=1.3
4183,88,alpha=1.3
4184,104,alpha=1.3
4185,104,alpha=1.3
4186,86,alpha=1.3
4187,107,alpha=1.3
4188,106,alpha=1.3
4189,99,alpha=1.3
4190,91,alpha=1.3
4191,103,alpha=1.3
4192,101,alpha=1.3
4193,108,alpha=1.3
4194,110,alpha=1.3
4195,98,alpha=1.3
4196,103,alpha=1.3
4197,86,alpha=1.3
4198,98,alpha=1.3
4199,106,alpha=1.3
4200,106,alpha=1.3
4201,114,alpha=1.3
4202,105,alpha=1.3
4203,86,alpha=1.3
4204,107,alpha=1.3
4205,101,alpha=1.3
4206,100,alpha=1.3
4207,120,alpha=1.3
4208,106,alpha=1.3
4209,94,alpha=1.3
4210,108,alpha=1.3
4211,95,alpha=1.3
4212,116,alpha=1.3
4213,86,alpha=1.3
4214,102,alpha=1.3
4215,108,alpha=1.3
4216,94,alpha=1.3
4217,95,alpha=1.3
4218,113,alpha=1.3
4219,110,alpha=1.3
4220,101,alpha=1.3
4221,80,alpha=1.3
4222,84,alpha=1.3
4223,108,alpha=1.3
4224,93,alpha=1.3
4225,89,alpha=1.3
4226,101,alpha=1.3
4227,87,alpha=1.3
4228,104,alpha=1.3
4229,98,alpha=1.3
4230,112,alpha=1.3
4231,93,alpha=1.3
4232,118,alpha=1.3
4233,95,alpha=1.3
4234,101,alpha=1.3
4235,101,alpha=1.3
4236,105,alpha=1.3
4237,108,alpha=1.3
4238,88,alpha=1.3
4239,94,alpha=1.3
4240,102,alpha=1.3
4241,107,alpha=1.3
4242,99,alpha=1.3
4243,94,alpha=1.3
4244,112,alpha=1.3
4245,105,alpha=1.3
4246,91,alpha=1.3
4247,96,alpha=1.3
4248,117,alpha=1.3
4249,98,alpha=1.3
4250,95,alpha=1.3
4251,99,alpha=1.3
4252,84,alpha=1.3
4253,87,alpha=1.3
4254,89,alpha=1.3
4255,97,alpha=1.3
4256,92,alpha=1.3
4257,96,alpha=1.3
4258,105,alpha=1.3
4259,93,alpha=1.3
4260,102,alpha=1.3
4261,109,alpha=1.3
4262,96,alpha=1.3
4263,94,alpha=1.3
4264,84,alpha=1.3
4265,119,alpha=1.3
4266,104,alpha=1.3
4267,88,alpha=1.3
4268,87,alpha=1.3
4269,100,alpha=1.3
4270,96,alpha=1.3
4271,91,alpha=1.3
4272,104,alpha=1.3
4273,106,alpha=1.3
4274,124,alpha=1.3
4275,97,alpha=1.3
4276,100,alpha=1.3
4277,96,alpha=1.3
4278,98,alpha=1.3
4279,113,alpha=1.3
4280,108,alpha=1.3
4281,110,alpha=1.3
4282,112,alpha=1.3
4283,106,alpha=1.3
4284,110,alpha=1.3
4285,101,alpha=1.3
4286,88,alpha=1.3
4287,80,alpha=1.3
4288,105,alpha=1.3
4289,95,alpha=1.3
4290,96,alpha=1.3
4291,91,alpha=1.3
4292,110,alpha=1.3
4293,106,alpha=1.3
4294,100,alpha=1.3
4295,96,alpha=1.3
4296,106,alpha=1.3
4297,98,alpha=1.3
4298,93,alpha=1.3
4299,105,alpha=1.3
4300,102,alpha=1.3
4301,103,alpha=1.3
4302,100,alpha=1.3
4303,103,alpha=1.3
4304,91,alpha=1.3
4305,94,alpha=1.3
4306,107,alpha=1.3
4307,102,alpha=1.3
4308,100,alpha=1.3
4309,101,alpha=1.3
4310,109,alpha=1.3
4311,87,alpha=1.3
4312,96,alpha=1.3
4313,106,alpha=1.3
4314,86,alpha=1.3
4315,90,alpha=1.3
4316,99,alpha=1.3
4317,117,alpha=1.3
4318,74,alpha=1.3
4319,113,alpha=1.3
4320,112,alpha=1.3
4321,94,alpha=1.3
4322,103,alpha=1.3
4323,104,alpha=1.3
4324,96,alpha=1.3
4325,100,alpha=1.3
4326,100,alpha=1.3
4327,114,alpha=1.3
4328,110,alpha=1.3
4329,99,alpha=1.3
4330,103,alpha=1.3
4331,98,alpha=1.3
4332,92,alpha=1.3
4333,98,alpha=1.3
4334,99,alpha=1.3
4335,93,alpha=1.3
4336,100,alpha=1.3
4337,103,alpha=1.3
4338,103,alpha=1.3
4339,101,alpha=1.3
4340,98,alpha=1.3
4341,91,alpha=1.3
4342,117,alpha=1.3
4343,98,alpha=1.3
4344,97,alpha=1.3
4345,93,alpha=1.3
4346,100,alpha=1.3
4347,101,alpha=1.3
4348,104,alpha=1.3
4349,96,alpha=1.3
4350,105,alpha=1.3
4351,87,alpha=1.3
4352,77,alpha=1.3
4353,82,alpha=1.3
4354,92,alpha=1.3
4355,100,alpha=1.3
4356,98,alpha=1.3
4357,94,alpha=1.3
4358,92,alpha=1.3
4359,87,alpha=1.3
4360,111,alpha=1.3
4361,107,alpha=1.3
4362,96,alpha=1.3
4363,121,alpha=1.3
4364,108,alpha=1.3
4365,75,alpha=1.3
4366,108,alpha=1.3
4367,104,alpha=1.3
4368,103,alpha=1.3
4369,94,alpha=1.3
4370,86,alpha=1.3
4371,102,alpha=1.3
4372,88,alpha=1.3
4373,101,alpha=1.3
4374,88,alpha=1.3
4375,112,alpha=1.3
4376,114,alpha=1.3
4377,107,alpha=1.3
4378,87,alpha=1.3
4379,96,alpha=1.3
4380,86,alpha=1.3
4381,103,alpha=1.3
4382,117,alpha=1.3
4383,92,alpha=1.3
4384,88,alpha=1.3
4385,96,alpha=1.3
4386,106,alpha=1.3
4387,113,alpha=1.3
4388,84,alpha=1.3
4389,101,alpha=1.3
4390,103,alpha=1.3
4391,101,alpha=1.3
4392,92,alpha=1.3
4393,95,alpha=1.3
4394,88,alpha=1.3
4395,103,alpha=1.3
4396,94,alpha=1.3
4397,108,alpha=1.3
4398,95,alpha=1.3
4399,110,alpha=1.3
4400,101,alpha=1.3
4401,104,alpha=1.3
4402,103,alpha=1.3
4403,100,alpha=1.3
4404,97,alpha=1.3
4405,103,alpha=1.3
4406,98,alpha=1.3
4407,91,alpha=1.3
4408,113,alpha=1.3
4409,97,alpha=1.3
4410,112,alpha=1.3
4411,111,alpha=1.3
4412,88,alpha=1.3
4413,93,alpha=1.3
4414,94,alpha=1.3
4415,96,alpha=1.3
4416,93,alpha=1.3
4417,93,alpha=1.3
4418,88,alpha=1.3
4419,92,alpha=1.3
4420,115,alpha=1.3
4421,87,alpha=1.3
4422,96,alpha=1.3
4423,94,alpha=1.3
4424,108,alpha=1.3
4425,85,alpha=1.3
4426,129,alpha=1.3
4427,91,alpha=1.3
4428,93,alpha=1.3
4429,92,alpha=1.3
4430,100,alpha=1.3
4431,114,alpha=1.3
4432,95,alpha=1.3
4433,115,alpha=1.3
4434,105,alpha=1.3
4435,83,alpha=1.3
4436,119,alpha=1.3
4437,106,alpha=1.3
4438,104,alpha=1.3
4439,117,alpha=1.3
4440,103,alpha=1.3
4441,92,alpha=1.3
4442,96,alpha=1.3
4443,86,alpha=1.3
4444,106,alpha=1.3
4445,99,alpha=1.3
4446,95,alpha=1.3
4447,109,alpha=1.3
4448,107,alpha=1.3
4449,91,alpha=1.3
4450,106,alpha=1.3
4451,108,alpha=1.3
4452,126,alpha=1.3
4453,90,alpha=1.3
4454,85,alpha=1.3
4455,95,alpha=1.3
4456,104,alpha=1.3
4457,95,alpha=1.3
4458,109,alpha=1.3
4459,104,alpha=1.3
4460,100,alpha=1.3
4461,106,alpha=1.3
4462,94,alpha=1.3
4463,98,alpha=1.3
4464,112,alpha=1.3
4465,95,alpha=1.3
4466,111,alpha=1.3
4467,92,alpha=1.3
4468,98,alpha=1.3
4469,103,alpha=1.3
4470,101,alpha=1.3
4471,96,alpha=1.3
4472,119,alpha=1.3
4473,99,alpha=1.3
4474,114,alpha=1.3
4475,106,alpha=1.3
4476,107,alpha=1.3
4477,86,alpha=1.3
4478,89,alpha=1.3
4479,102,alpha=1.3
4480,119,alpha=1.3
4481,110,alpha=1.3
4482,110,alpha=1.3
4483,109,alpha=1.3
4484,101,alpha=1.3
4485,97,alpha=1.3
4486,93,alpha=1.3
4487,104,alpha=1.3
4488,87,alpha=1.3
4489,119,alpha=1.3
4490,103,alpha=1.3
4491,101,alpha=1.3
4492,81,alpha=1.3
4493,89,alpha=1.3
4494,109,alpha=1.3
4495,103,alpha=1.3
4496,98,alpha=1.3
4497,117,alpha=1.3
4498,90,alpha=1.3
4499,85,alpha=1.3
4500,89,alpha=1.3
4501,101,alpha=1.3
4502,93,alpha=1.3
4503,99,alpha=1.3
4504,119,alpha=1.3
4505,88,alpha=1.3
4506,100,alpha=1.3
4507,97,alpha=1.3
4508,91,alpha=1.3
4509,96,alpha=1.3
4510,99,alpha=1.3
4511,90,alpha=1.3
4512,106,alpha=1.3
4513,89,alpha=1.3
4514,104,alpha=1.3
4515,104,alpha=1.3
4516,111,alpha=1.3
4517,103,alpha=1.3
4518,93,alpha=1.3
4519,101,alpha=1.3
4520,89,alpha=1.3
4521,88,alpha=1.3
4522,100,alpha=1.3
4523,114,alpha=1.3
4524,93,alpha=1.3
4525,106,alpha=1.3
4526,89,alpha=1.3
4527,101,alpha=1.3
4528,88,alpha=1.3
4529,114,alpha=1.3
4530,92,alpha=1.3
4531,71,alpha=1.3
4532,109,alpha=1.3
4533,116,alpha=1.3
4534,103,alpha=1.3
4535,99,alpha=1.3
4536,90,alpha=1.3
4537,79,alpha=1.3
4538,91,alpha=1.3
4539,108,alpha=1.3
4540,100,alpha=1.3
4541,94,alpha=1.3
4542,99,alpha=1.3
4543,112,alpha=1.3
4544,106,alpha=1.3
4545,101,alpha=1.3
4546,107,alpha=1.3
4547,91,alpha=1.3
4548,91,alpha=1.3
4549,87,alpha=1.3
4550,98,alpha=1.3
4551,102,alpha=1.3
4552,108,alpha=1.3
4553,104,alpha=1.3
4554,101,alpha=1.3
4555,98,alpha=1.3
4556,82,alpha=1.3
4557,97,alpha=1.3
4558,98,alpha=1.3
4559,84,alpha=1.3
4560,91,alpha=1.3
4561,85,alpha=1.3
4562,105,alpha=1.3
4563,99,alpha=1.3
4564,90,alpha=1.3
4565,110,alpha=1.3
4566,100,alpha=1.3
4567,111,alpha=1.3
4568,103,alpha=1.3
4569,101,alpha=1.3
4570,90,alpha=1.3
4571,97,alpha=1.3
4572,95,alpha=1.3
4573,103,alpha=1.3
4574,97,alpha=1.3
4575,100,alpha=1.3
4576,93,alpha=1.3
4577,84,alpha=1.3
4578,108,alpha=1.3
4579,97,alpha=1.3
4580,107,alpha=1.3
4581,116,alpha=1.3
4582,96,alpha=1.3
4583,100,alpha=1.3
4584,116,alpha=1.3
4585,97,alpha=1.3
4586,93,alpha=1.3
4587,91,alpha=1.3
4588,95,alpha=1.3
4589,113,alpha=1.3
4590,87,alpha=1.3
4591,111,alpha=1.3
4592,76,alpha=1.3
4593,95,alpha=1.3
4594,111,alpha=1.3
4595,97,alpha=1.3
4596,115,alpha=1.3
4597,108,alpha=1.3
4598,98,alpha=1.3
4599,117,alpha=1.3
4600,92,alpha=1.3
4601,103,alpha=1.3
4602,93,alpha=1.3
4603,85,alpha=1.3
4604,94,alpha=1.3
4605,100,alpha=1.3
4606,116,alpha=1.3
4607,106,alpha=1.3
4608,104,alpha=1.3
4609,108,alpha=1.3
4610,101,alpha=1.3
4611,99,alpha=1.3
4612,94,alpha=1.3
4613,114,alpha=1.3
4614,88,alpha=1.3
4615,96,alpha=1.3
4616,99,alpha=1.3
4617,93,alpha=1.3
4618,110,alpha=1.3
4619,126,alpha=1.3
4620,115,alpha=1.3
4621,100,alpha=1.3
4622,107,alpha=1.3
4623,99,alpha=1.3
4624,82,alpha=1.3
4625,104,alpha=1.3
4626,97,alpha=1.3
4627,100,alpha=1.3
4628,101,alpha=1.3
4629,93,alpha=1.3
4630,102,alpha=1.3
4631,102,alpha=1.3
4632,108,alpha=1.3
4633,96,alpha=1.3
4634,123,alpha=1.3
4635,71,alpha=1.3
4636,101,alpha=1.3
4637,120,alpha=1.3
4638,101,alpha=1.3
4639,99,alpha=1.3
4640,99,alpha=1.3
4641,106,alpha=1.3
4642,86,alpha=1.3
4643,88,alpha=1.3
4644,118,alpha=1.3
4645,83,alpha=1.3
4646,89,alpha=1.3
4647,84,alpha=1.3
4648,83,alpha=1.3
4649,109,alpha=1.3
4650,105,alpha=1.3
4651,107,alpha=1.3
4652,88,alpha=1.3
4653,93,alpha=1.3
4654,103,alpha=1.3
4655,98,alpha=1.3
4656,98,alpha=1.3
4657,95,alpha=1.3
4658,85,alpha=1.3
4659,112,alpha=1.3
4660,94,alpha=1.3
4661,101,alpha=1.3
4662,110,alpha=1.3
4663,83,alpha=1.3
4664,114,alpha=1.3
4665,104,alpha=1.3
4666,100,alpha=1.3
4667,114,alpha=1.3
4668,98,alpha=1.3
4669,102,alpha=1.3
4670,95,alpha=1.3
4671,98,alpha=1.3
4672,92,alpha=1.3
4673,99,alpha=1.3
4674,104,alpha=1.3
4675,94,alpha=1.3
4676,87,alpha=1.3
4677,90,alpha=1.3
4678,101,alpha=1.3
4679,93,alpha=1.3
4680,92,alpha=1.3
4681,98,alpha=1.3
4682,100,alpha=1.3
4683,89,alpha=1.3
4684,92,alpha=1.3
4685,102,alpha=1.3
4686,108,alpha=1.3
4687,89,alpha=1.3
4688,103,alpha=1.3
4689,120,alpha=1.3
4690,88,alpha=1.3
4691,111,alpha=1.3
4692,111,alpha=1.3
4693,111,alpha=1.3
4694,100,alpha=1.3
4695,109,alpha=1.3
4696,84,alpha=1.3
4697,89,alpha=1.3
4698,98,alpha=1.3
4699,92,alpha=1.3
4700,105,alpha=1.3
4701,91,alpha=1.3
4702,115,alpha=1.3
4703,87,alpha=1.3
4704,106,alpha=1.3
4705,91,alpha=1.3
4706,81,alpha=1.3
4707,102,alpha=1.3
4708,116,alpha=1.3
4709,114,alpha=1.3
4710,92,alpha=1.3
4711,105,alpha=1.3
4712,96,alpha=1.3
4713,88,alpha=1.3
4714,107,alpha=1.3
4715,99,alpha=1.3
4716,108,alpha=1.3
4717,98,alpha=1.3
4718,104,alpha=1.3
4719,115,alpha=1.3
4720,101,alpha=1.3
4721,94,alpha=1.3
4722,102,alpha=1.3
4723,126,alpha=1.3
4724,92,alpha=1.3
4725,104,alpha=1.3
4726,104,alpha=1.3
4727,102,alpha=1.3
4728,92,alpha=1.3
4729,103,alpha=1.3
4730,85,alpha=1.3
4731,93,alpha=1.3
4732,104,alpha=1.3
4733,100,alpha=1.3
4734,99,alpha=1.3
4735,89,alpha=1.3
4736,98,alpha=1.3
4737,102,alpha=1.3
4738,118,alpha=1.3
4739,100,alpha=1.3
4740,106,alpha=1.3
4741,98,alpha=1.3
4742,120,alpha=1.3
4743,100,alpha=1.3
4744,92,alpha=1.3
4745,102,alpha=1.3
4746,90,alpha=1.3
4747,90,alpha=1.3
4748,96,alpha=1.3
4749,110,alpha=1.3
4750,87,alpha=1.3
4751,113,alpha=1.3
4752,104,alpha=1.3
4753,102,alpha=1.3
4754,96,alpha=1.3
4755,91,alpha=1.3
4756,91,alpha=1.3
4757,104,alpha=1.3
4758,99,alpha=1.3
4759,94,alpha=1.3
4760,84,alpha=1.3
4761,99,alpha=1.3
4762,88,alpha=1.3
4763,82,alpha=1.3
4764,109,alpha=1.3
4765,102,alpha=1.3
4766,99,alpha=1.3
4767,98,alpha=1.3
4768,101,alpha=1.3
4769,93,alpha=1.3
4770,104,alpha=1.3
4771,115,alpha=1.3
4772,102,alpha=1.3
4773,116,alpha=1.3
4774,95,alpha=1.3
4775,111,alpha=1.3
4776,107,alpha=1.3
4777,125,alpha=1.3
4778,97,alpha=1.3
4779,109,alpha=1.3
4780,99,alpha=1.3
4781,89,alpha=1.3
4782,104,alpha=1.3
4783,92,alpha=1.3
4784,104,alpha=1.3
4785,96,alpha=1.3
4786,101,alpha=1.3
4787,97,alpha=1.3
4788,100,alpha=1.3
4789,94,alpha=1.3
4790,107,alpha=1.3
4791,89,alpha=1.3
4792,86,alpha=1.3
4793,95,alpha=1.3
4794,102,alpha=1.3
4795,92,alpha=1.3
4796,85,alpha=1.3
4797,89,alpha=1.3
4798,110,alpha=1.3
4799,98,alpha=1.3
4800,97,alpha=1.3
4801,94,alpha=1.3
4802,111,alpha=1.3
4803,88,alpha=1.3
4804,105,alpha=1.3
4805,111,alpha=1.3
4806,106,alpha=1.3
4807,102,alpha=1.3
4808,107,alpha=1.3
4809,104,alpha=1.3
4810,105,alpha=1.3
4811,98,alpha=1.3
4812,112,alpha=1.3
4813,102,alpha=1.3
4814,101,alpha=1.3
4815,106,alpha=1.3
4816,85,alpha=1.3
4817,97,alpha=1.3
4818,102,alpha=1.3
4819,113,alpha=1.3
4820,83,alpha=1.3
4821,94,alpha=1.3
4822,82,alpha=1.3
4823,88,alpha=1.3
4824,100,alpha=1.3
4825,110,alpha=1.3
4826,92,alpha=1.3
4827,103,alpha=1.3
4828,102,alpha=1.3
4829,105,alpha=1.3
4830,95,alpha=1.3
4831,102,alpha=1.3
4832,104,alpha=1.3
4833,98,alpha=1.3
4834,103,alpha=1.3
4835,98,alpha=1.3
4836,116,alpha=1.3
4837,102,alpha=1.3
4838,100,alpha=1.3
4839,79,alpha=1.3
4840,100,alpha=1.3
4841,106,alpha=1.3
4842,121,alpha=1.3
4843,110,alpha=1.3
4844,98,alpha=1.3
4845,103,alpha=1.3
4846,86,alpha=1.3
4847,116,alpha=1.3
4848,121,alpha=1.3
4849,92,alpha=1.3
4850,104,alpha=1.3
4851,83,alpha=1.3
4852,114,alpha=1.3
4853,94,alpha=1.3
4854,107,alpha=1.3
4855,103,alpha=1.3
4856,120,alpha=1.3
4857,122,alpha=1.3
4858,92,alpha=1.3
4859,112,alpha=1.3
4860,109,alpha=1.3
4861,90,alpha=1.3
4862,106,alpha=1.3
4863,95,alpha=1.3
4864,102,alpha=1.3
4865,96,alpha=1.3
4866,98,alpha=1.3
4867,103,alpha=1.3
4868,88,alpha=1.3
4869,96,alpha=1.3
4870,92,alpha=1.3
4871,90,alpha=1.3
4872,97,alpha=1.3
4873,90,alpha=1.3
4874,106,alpha=1.3
4875,95,alpha=1.3
4876,92,alpha=1.3
4877,93,alpha=1.3
4878,99,alpha=1.3
4879,83,alpha=1.3
4880,101,alpha=1.3
4881,96,alpha=1.3
4882,109,alpha=1.3
4883,114,alpha=1.3
4884,112,alpha=1.3
4885,101,alpha=1.3
4886,105,alpha=1.3
4887,88,alpha=1.3
4888,92,alpha=1.3
4889,91,alpha=1.3
4890,82,alpha=1.3
4891,105,alpha=1.3
4892,101,alpha=1.3
4893,104,alpha=1.3
4894,99,alpha=1.3
4895,101,alpha=1.3
4896,104,alpha=1.3
4897,117,alpha=1.3
4898,95,alpha=1.3
4899,103,alpha=1.3
4900,93,alpha=1.3
4901,112,alpha=1.3
4902,96,alpha=1.3
4903,113,alpha=1.3
4904,104,alpha=1.3
4905,101,alpha=1.3
4906,106,alpha=1.3
4907,99,alpha=1.3
4908,91,alpha=1.3
4909,104,alpha=1.3
4910,102,alpha=1.3
4911,93,alpha=1.3
4912,83,alpha=1.3
4913,111,alpha=1.3
4914,98,alpha=1.3
4915,101,alpha=1.3
4916,123,alpha=1.3
4917,104,alpha=1.3
4918,102,alpha=1.3
4919,99,alpha=1.3
4920,89,alpha=1.3
4921,90,alpha=1.3
4922,79,alpha=1.3
4923,111,alpha=1.3
4924,112,alpha=1.3
4925,95,alpha=1.3
4926,101,alpha=1.3
4927,101,alpha=1.3
4928,81,alpha=1.3
4929,102,alpha=1.3
4930,103,alpha=1.3
4931,95,alpha=1.3
4932,95,alpha=1.3
4933,77,alpha=1.3
4934,108,alpha=1.3
4935,95,alpha=1.3
4936,81,alpha=1.3
4937,111,alpha=1.3
4938,97,alpha=1.3
4939,100,alpha=1.3
4940,99,alpha=1.3
4941,101,alpha=1.3
4942,104,alpha=1.3
4943,100,alpha=1.3
4944,112,alpha=1.3
4945,104,alpha=1.3
4946,95,alpha=1.3
4947,100,alpha=1.3
4948,80,alpha=1.3
4949,102,alpha=1.3
4950,85,alpha=1.3
4951,85,alpha=1.3
4952,89,alpha=1.3
4953,102,alpha=1.3
4954,115,alpha=1.3
4955,98,alpha=1.3
4956,106,alpha=1.3
4957,107,alpha=1.3
4958,80,alpha=1.3
4959,110,alpha=1.3
4960,112,alpha=1.3
4961,103,alpha=1.3
4962,103,alpha=1.3
4963,99,alpha=1.3
4964,106,alpha=1.3
4965,121,alpha=1.3
4966,96,alpha=1.3
4967,101,alpha=1.3
4968,92,alpha=1.3
4969,113,alpha=1.3
4970,100,alpha=1.3
4971,112,alpha=1.3
4972,91,alpha=1.3
4973,99,alpha=1.3
4974,99,alpha=1.3
4975,106,alpha=1.3
4976,98,alpha=1.3
4977,87,alpha=1.3
4978,84,alpha=1.3
4979,102,alpha=1.3
4980,105,alpha=1.3
4981,101,alpha=1.3
4982,95,alpha=1.3
4983,102,alpha=1.3
4984,89,alpha=1.3
4985,104,alpha=1.3
4986,101,alpha=1.3
4987,86,alpha=1.3
4988,116,alpha=1.3
4989,102,alpha=1.3
4990,79,alpha=1.3
4991,93,alpha=1.3
4992,90,alpha=1.3
4993,110,alpha=1.3
4994,109,alpha=1.3
4995,93,alpha=1.3
4996,108,alpha=1.3
4997,102,alpha=1.3
4998,100,alpha=1.3
4999,79,alpha=1.3
